"","Country","Partner.Organization","longitude","latitude","Landscape..","Household.ID","Data.entry.date","source_id","source_name","sourceid","ag12a_02_1","ag12a_02_2","ag12a_02_3","ag12a_02_4","ag12a_02_5","ag12a_02_6","ag12a_03","ag12a_04","ag12a_05"
"1","GHA","Ghana Council for Scientific and Industrial Research",-0.510699272155762,5.72800064086914,"L06","CTRQQXCQTVB","2014-09-13T00:00:00Z","1","MINISTRY OF FOOD & AGRICULTURE (MOFA)","",1,NA,NA,NA,NA,NA,1,2,NA
"2","GHA","Ghana Council for Scientific and Industrial Research",-0.880999565124512,7.70899963378906,"L03","ignYVcEWdh6","2014-09-27T00:00:00Z","2","NGO","",1,1,1,1,1,NA,1,2,NA
"3","GHA","Ghana Council for Scientific and Industrial Research",-0.880999565124512,7.70899963378906,"L03","kLYaJ3DYGC7","2014-09-22T00:00:00Z","1","MINISTRY OF FOOD & AGRICULTURE (MOFA)","",1,2,1,2,1,NA,1,2,NA
"4","GHA","Ghana Council for Scientific and Industrial Research",-2.57799911499023,5.09250068664551,"L05","XEA6aofdZo5","2015-03-29T00:00:00Z","1","MINISTRY OF FOOD & AGRICULTURE (MOFA)","",1,1,1,2,2,NA,1,2,NA
"5","GHA","Ghana Council for Scientific and Industrial Research",-0.510699272155762,5.72800064086914,"L06","QNH5zfmLt2B","2014-09-09T00:00:00Z","1","MINISTRY OF FOOD & AGRICULTURE (MOFA)","",1,2,2,2,2,NA,1,2,NA
"6","GHA","Ghana Council for Scientific and Industrial Research",-0.510699272155762,5.72800064086914,"L06","thieXHRj9r7","2014-09-09T00:00:00Z","1","MINISTRY OF FOOD & AGRICULTURE (MOFA)","",1,NA,1,2,1,NA,1,2,NA
"7","GHA","Ghana Council for Scientific and Industrial Research",-0.510699272155762,5.72800064086914,"L06","4TD5PFFKHJ7","2014-09-13T00:00:00Z","2","NGO","",NA,NA,NA,NA,NA,NA,NA,NA,NA
"8","GHA","Ghana Council for Scientific and Industrial Research",-0.880999565124512,7.70899963378906,"L03","ymaHgFS7sD7","2014-09-28T00:00:00Z","2","NGO","",1,1,1,NA,1,NA,1,2,NA
"9","GHA","Ghana Council for Scientific and Industrial Research",-0.834999084472656,10.5590000152588,"L01","dVULAjf4W89","2015-02-18T00:00:00Z","1","MINISTRY OF FOOD & AGRICULTURE (MOFA)","",1,1,1,2,1,NA,1,2,NA
"10","GHA","Ghana Council for Scientific and Industrial Research",-0.854499816894531,9.90400123596191,"L02","NZwEq9cA5VB","2014-12-17T00:00:00Z","1","MINISTRY OF FOOD & AGRICULTURE (MOFA)","",1,1,1,2,1,NA,1,2,NA
"11","GHA","Ghana Council for Scientific and Industrial Research",-0.854499816894531,9.90400123596191,"L02","HK4BRArXjD6","2014-12-31T00:00:00Z","1","MINISTRY OF FOOD & AGRICULTURE (MOFA)","",1,1,2,2,1,NA,1,2,NA
"12","GHA","Ghana Council for Scientific and Industrial Research",-0.510699272155762,5.72800064086914,"L06","BwcbgH6pxh9","2014-09-13T00:00:00Z","2","NGO","",1,1,NA,NA,NA,NA,1,2,NA
"13","GHA","Ghana Council for Scientific and Industrial Research",-0.510699272155762,5.72800064086914,"L06","thieXHRj9r7","2014-09-09T00:00:00Z","3","COOPERATIVE","",1,1,1,2,1,NA,1,2,NA
"14","GHA","Ghana Council for Scientific and Industrial Research",-1.49399948120117,6.55200004577637,"L04","wjL1nhwXLP","2014-08-27T00:00:00Z","5","OTHER (SPECIFY)","Agricultural teacher",1,2,1,2,2,NA,1,2,NA
"15","GHA","Ghana Council for Scientific and Industrial Research",-0.834999084472656,10.5590000152588,"L01","ZsXLTqgEPA2","2015-04-27T00:00:00Z","1","MINISTRY OF FOOD & AGRICULTURE (MOFA)","",1,1,1,2,1,NA,1,2,NA
"16","GHA","Ghana Council for Scientific and Industrial Research",-0.854499816894531,9.90400123596191,"L02","NZwEq9cA5VB","2014-11-29T00:00:00Z","3a","COMMUNITY BASED FARMER'S ORGANISATIONS (CBOs)/FARMER BASED ORGANISATIONS (FBOs)","",1,1,1,NA,1,NA,1,2,NA
"17","GHA","Ghana Council for Scientific and Industrial Research",-0.510699272155762,5.72800064086914,"L06","CTRQQXCQTVB","2014-09-15T00:00:00Z","1","MINISTRY OF FOOD & AGRICULTURE (MOFA)","",1,NA,1,NA,NA,NA,1,2,NA
"18","GHA","Ghana Council for Scientific and Industrial Research",-0.854499816894531,9.90400123596191,"L02","vyxUdnM5dv5","2014-12-15T00:00:00Z","1","MINISTRY OF FOOD & AGRICULTURE (MOFA)","",1,1,1,2,1,NA,1,2,NA
"19","GHA","Ghana Council for Scientific and Industrial Research",-1.49399948120117,6.55200004577637,"L04","zbPhVbZ2hNA","2014-08-13T00:00:00Z","1","MINISTRY OF FOOD & AGRICULTURE (MOFA)","",1,1,1,2,1,NA,1,2,NA
"20","GHA","Ghana Council for Scientific and Industrial Research",-0.834999084472656,10.5590000152588,"L01","5xb8kqgFVh9","2015-04-28T00:00:00Z","1","MINISTRY OF FOOD & AGRICULTURE (MOFA)","",1,1,1,2,1,NA,1,2,NA
"21","GHA","Ghana Council for Scientific and Industrial Research",-0.880999565124512,7.70899963378906,"L03","1YyZC8Zyxy7","2014-09-24T00:00:00Z","1","MINISTRY OF FOOD & AGRICULTURE (MOFA)","",1,1,1,2,1,NA,1,2,NA
"22","GHA","Ghana Council for Scientific and Industrial Research",-0.510699272155762,5.72800064086914,"L06","2Q7MnSV2oJ5","2014-09-06T00:00:00Z","4","LARGE SCALE FARMER/OUTGROWERS","",2,2,2,2,2,NA,NA,NA,NA
"23","GHA","Ghana Council for Scientific and Industrial Research",-0.854499816894531,9.90400123596191,"L02","ArjKWQXjiQ2","2015-01-02T00:00:00Z","4","LARGE SCALE FARMER/OUTGROWERS","",1,1,1,NA,1,NA,1,2,NA
"24","GHA","Ghana Council for Scientific and Industrial Research",-0.854499816894531,9.90400123596191,"L02","MFMymqGXjf8","2014-12-16T00:00:00Z","3","COOPERATIVE","",1,1,1,2,1,NA,1,2,NA
"25","GHA","Ghana Council for Scientific and Industrial Research",-0.854499816894531,9.90400123596191,"L02","NZwEq9cA5VB","2014-12-17T00:00:00Z","4","LARGE SCALE FARMER/OUTGROWERS","",1,1,1,2,1,NA,1,2,NA
"26","GHA","Ghana Council for Scientific and Industrial Research",-0.854499816894531,9.90400123596191,"L02","GLaBCfmRHT9","2014-12-15T00:00:00Z","3a","COMMUNITY BASED FARMER'S ORGANISATIONS (CBOs)/FARMER BASED ORGANISATIONS (FBOs)","",1,1,1,2,1,NA,1,2,NA
"27","GHA","Ghana Council for Scientific and Industrial Research",-0.854499816894531,9.90400123596191,"L02","MFMymqGXjf8","2014-12-16T00:00:00Z","1","MINISTRY OF FOOD & AGRICULTURE (MOFA)","",1,1,1,2,1,NA,1,2,NA
"28","GHA","Ghana Council for Scientific and Industrial Research",-2.57799911499023,5.09250068664551,"L05","o1aKSCrDRMB","2015-04-27T00:00:00Z","1","MINISTRY OF FOOD & AGRICULTURE (MOFA)","",1,1,1,2,1,NA,1,2,NA
"29","GHA","Ghana Council for Scientific and Industrial Research",-0.510699272155762,5.72800064086914,"L06","W8ZrkDDq8B","2014-09-12T00:00:00Z","1","MINISTRY OF FOOD & AGRICULTURE (MOFA)","",1,1,1,2,1,NA,1,2,NA
"30","GHA","Ghana Council for Scientific and Industrial Research",-0.834999084472656,10.5590000152588,"L01","qG2u89ePnM3","2015-03-11T00:00:00Z","1","MINISTRY OF FOOD & AGRICULTURE (MOFA)","",1,1,1,NA,1,NA,1,2,NA
"31","GHA","Ghana Council for Scientific and Industrial Research",-0.834999084472656,10.5590000152588,"L01","KoKjL6iByr6","2015-03-02T00:00:00Z","1","MINISTRY OF FOOD & AGRICULTURE (MOFA)","",1,1,1,2,1,NA,1,2,NA
"32","GHA","Ghana Council for Scientific and Industrial Research",-2.57799911499023,5.09250068664551,"L05","o1P6K2wcxu7","2015-05-15T00:00:00Z","1","MINISTRY OF FOOD & AGRICULTURE (MOFA)","",1,1,1,2,2,NA,1,2,NA
"33","GHA","Ghana Council for Scientific and Industrial Research",-0.834999084472656,10.5590000152588,"L01","5xb8kqgFVh9","2015-04-28T00:00:00Z","2","NGO","",1,1,1,2,1,NA,1,2,NA
"34","GHA","Ghana Council for Scientific and Industrial Research",-0.834999084472656,10.5590000152588,"L01","FcfWcnPR1A6","2015-02-16T00:00:00Z","1","MINISTRY OF FOOD & AGRICULTURE (MOFA)","",1,1,1,2,1,NA,1,2,NA
"35","GHA","Ghana Council for Scientific and Industrial Research",-0.834999084472656,10.5590000152588,"L01","rvasPDxnwj3","2015-02-27T00:00:00Z","1","MINISTRY OF FOOD & AGRICULTURE (MOFA)","",1,1,1,2,1,NA,1,2,NA
"36","GHA","Ghana Council for Scientific and Industrial Research",-2.57799911499023,5.09250068664551,"L05","pdf1PrAkhV","2015-05-15T00:00:00Z","1","MINISTRY OF FOOD & AGRICULTURE (MOFA)","",1,1,2,2,2,NA,2,2,NA
"37","GHA","Ghana Council for Scientific and Industrial Research",-0.880999565124512,7.70899963378906,"L03","K5Z7A224KK7","2014-09-20T00:00:00Z","1","MINISTRY OF FOOD & AGRICULTURE (MOFA)","",1,1,1,2,1,NA,1,2,NA
"38","GHA","Ghana Council for Scientific and Industrial Research",-0.854499816894531,9.90400123596191,"L02","aC1Yp9Vbbb9","2014-12-16T00:00:00Z","3a","COMMUNITY BASED FARMER'S ORGANISATIONS (CBOs)/FARMER BASED ORGANISATIONS (FBOs)","",1,2,1,2,1,NA,1,2,NA
"39","GHA","Ghana Council for Scientific and Industrial Research",-0.834999084472656,10.5590000152588,"L01","aEPhhDYMsKA","2015-02-12T00:00:00Z","1","MINISTRY OF FOOD & AGRICULTURE (MOFA)","",1,1,1,NA,1,NA,1,2,NA
"40","GHA","Ghana Council for Scientific and Industrial Research",-1.49399948120117,6.55200004577637,"L04","WgmUQnWemm7","2014-08-24T00:00:00Z","1","MINISTRY OF FOOD & AGRICULTURE (MOFA)","",1,2,2,2,2,NA,2,2,NA
"41","GHA","Ghana Council for Scientific and Industrial Research",-0.510699272155762,5.72800064086914,"L06","BwcbgH6pxh9","2014-09-13T00:00:00Z","1","MINISTRY OF FOOD & AGRICULTURE (MOFA)","",1,1,1,2,1,NA,1,2,NA
"42","GHA","Ghana Council for Scientific and Industrial Research",-1.49399948120117,6.55200004577637,"L04","9M4qT2DMJj","2014-08-27T00:00:00Z","1","MINISTRY OF FOOD & AGRICULTURE (MOFA)","",1,1,1,1,1,NA,1,2,NA
"43","GHA","Ghana Council for Scientific and Industrial Research",-2.57799911499023,5.09250068664551,"L05","gggGZ6AgZ6A","2015-05-26T00:00:00Z","1","MINISTRY OF FOOD & AGRICULTURE (MOFA)","",1,1,1,2,2,NA,1,2,NA
"44","GHA","Ghana Council for Scientific and Industrial Research",-0.834999084472656,10.5590000152588,"L01","qy7poFPTo22","2015-02-12T00:00:00Z","1","MINISTRY OF FOOD & AGRICULTURE (MOFA)","",1,1,1,NA,1,NA,1,2,NA
"45","GHA","Ghana Council for Scientific and Industrial Research",-0.854499816894531,9.90400123596191,"L02","gEi4dQZTGjA","2014-12-29T00:00:00Z","1","MINISTRY OF FOOD & AGRICULTURE (MOFA)","",1,1,1,2,1,NA,1,2,NA
"46","GHA","Ghana Council for Scientific and Industrial Research",-0.834999084472656,10.5590000152588,"L01","rvasPDxnwj3","2015-02-27T00:00:00Z","2","NGO","",1,1,1,2,1,NA,1,2,NA
"47","GHA","Ghana Council for Scientific and Industrial Research",-0.510699272155762,5.72800064086914,"L06","thieXHRj9r7","2014-09-09T00:00:00Z","2","NGO","",1,1,1,2,1,NA,1,2,NA
"48","GHA","Ghana Council for Scientific and Industrial Research",-2.57799911499023,5.09250068664551,"L05","FEggU1cWz95","2015-03-29T00:00:00Z","1","MINISTRY OF FOOD & AGRICULTURE (MOFA)","",1,1,1,2,2,NA,1,2,NA
"49","GHA","Ghana Council for Scientific and Industrial Research",-0.880999565124512,7.70899963378906,"L03","dWWPvz9La34","2014-10-03T00:00:00Z","1","MINISTRY OF FOOD & AGRICULTURE (MOFA)","",1,1,1,2,1,NA,1,2,NA
"50","GHA","Ghana Council for Scientific and Industrial Research",-0.834999084472656,10.5590000152588,"L01","ZgVCya2zX73","2015-02-19T00:00:00Z","5","OTHER (SPECIFY)","Masara company Ltd. Provided extension services for onion cultivation",1,2,1,2,2,NA,1,2,NA
"51","GHA","Ghana Council for Scientific and Industrial Research",-0.510699272155762,5.72800064086914,"L06","LeYiNjAjKi2","2014-09-09T00:00:00Z","1","MINISTRY OF FOOD & AGRICULTURE (MOFA)","",1,1,NA,NA,NA,NA,1,2,NA
"52","GHA","Ghana Council for Scientific and Industrial Research",-1.49399948120117,6.55200004577637,"L04","pKpxx6da5u6","2014-08-28T00:00:00Z","1","MINISTRY OF FOOD & AGRICULTURE (MOFA)","",1,1,1,2,2,NA,1,2,NA
"53","GHA","Ghana Council for Scientific and Industrial Research",-0.854499816894531,9.90400123596191,"L02","vyxUdnM5dv5","2014-12-15T00:00:00Z","4","LARGE SCALE FARMER/OUTGROWERS","",1,1,1,2,1,NA,1,2,NA
"54","GHA","Ghana Council for Scientific and Industrial Research",-0.510699272155762,5.72800064086914,"L06","LeYiNjAjKi2","2014-09-07T00:00:00Z","4","LARGE SCALE FARMER/OUTGROWERS","",1,NA,NA,NA,NA,NA,1,2,NA
"55","GHA","Ghana Council for Scientific and Industrial Research",-0.880999565124512,7.70899963378906,"L03","kLYaJ3DYGC7","2014-09-22T00:00:00Z","2","NGO","",1,2,1,2,2,NA,1,2,NA
"56","GHA","Ghana Council for Scientific and Industrial Research",-0.854499816894531,9.90400123596191,"L02","Ny58V5eghz7","2014-12-29T00:00:00Z","1","MINISTRY OF FOOD & AGRICULTURE (MOFA)","",1,1,1,2,1,NA,1,2,NA
"57","GHA","Ghana Council for Scientific and Industrial Research",-0.854499816894531,9.90400123596191,"L02","NZwEq9cA5VB","2014-11-29T00:00:00Z","1","MINISTRY OF FOOD & AGRICULTURE (MOFA)","",1,1,1,NA,1,NA,1,2,NA
"58","GHA","Ghana Council for Scientific and Industrial Research",-0.834999084472656,10.5590000152588,"L01","hy4613HYBr3","2015-02-04T00:00:00Z","1","MINISTRY OF FOOD & AGRICULTURE (MOFA)","",1,1,1,NA,1,NA,1,2,NA
"59","GHA","Ghana Council for Scientific and Industrial Research",-0.854499816894531,9.90400123596191,"L02","vyxUdnM5dv5","2014-12-15T00:00:00Z","2","NGO","",1,1,1,2,1,NA,1,2,NA
"60","GHA","Ghana Council for Scientific and Industrial Research",-0.854499816894531,9.90400123596191,"L02","GLaBCfmRHT9","2014-12-15T00:00:00Z","4","LARGE SCALE FARMER/OUTGROWERS","",1,1,1,2,1,NA,1,2,NA
"61","GHA","Ghana Council for Scientific and Industrial Research",-0.510699272155762,5.72800064086914,"L06","xJHuYg9HkC4","2014-09-07T00:00:00Z","1","MINISTRY OF FOOD & AGRICULTURE (MOFA)","",1,NA,NA,NA,NA,NA,1,2,NA
"62","GHA","Ghana Council for Scientific and Industrial Research",-0.880999565124512,7.70899963378906,"L03","UmXMMFYwnL4","2014-09-28T00:00:00Z","2","NGO","",1,1,1,NA,1,NA,1,2,NA
"63","GHA","Ghana Council for Scientific and Industrial Research",-0.854499816894531,9.90400123596191,"L02","NZwEq9cA5VB","2014-11-29T00:00:00Z","2","NGO","",1,1,1,NA,1,NA,1,2,NA
"64","GHA","Ghana Council for Scientific and Industrial Research",-0.510699272155762,5.72800064086914,"L06","2Q7MnSV2oJ5","2014-09-06T00:00:00Z","1","MINISTRY OF FOOD & AGRICULTURE (MOFA)","",2,2,2,2,2,NA,NA,NA,NA
"65","GHA","Ghana Council for Scientific and Industrial Research",-0.854499816894531,9.90400123596191,"L02","GLaBCfmRHT9","2014-12-15T00:00:00Z","2","NGO","",1,1,1,2,1,NA,1,2,NA
"66","GHA","Ghana Council for Scientific and Industrial Research",-0.510699272155762,5.72800064086914,"L06","2Q7MnSV2oJ5","2014-09-06T00:00:00Z","3","COOPERATIVE","",2,2,2,2,2,NA,NA,NA,NA
"67","GHA","Ghana Council for Scientific and Industrial Research",-0.854499816894531,9.90400123596191,"L02","NZwEq9cA5VB","2014-11-29T00:00:00Z","4","LARGE SCALE FARMER/OUTGROWERS","",1,1,1,NA,1,NA,1,2,NA
"68","GHA","Ghana Council for Scientific and Industrial Research",-1.49399948120117,6.55200004577637,"L04","rzTsdWdr6y3","2014-08-29T00:00:00Z","1","MINISTRY OF FOOD & AGRICULTURE (MOFA)","",1,2,2,2,2,NA,3,2,NA
"69","GHA","Ghana Council for Scientific and Industrial Research",-0.854499816894531,9.90400123596191,"L02","MFMymqGXjf8","2014-12-16T00:00:00Z","3a","COMMUNITY BASED FARMER'S ORGANISATIONS (CBOs)/FARMER BASED ORGANISATIONS (FBOs)","",1,1,1,2,1,NA,1,2,NA
"70","GHA","Ghana Council for Scientific and Industrial Research",-2.57799911499023,5.09250068664551,"L05","QFh29fHsCvA","2015-04-28T00:00:00Z","1","MINISTRY OF FOOD & AGRICULTURE (MOFA)","",1,1,1,2,1,NA,2,2,NA
"71","GHA","Ghana Council for Scientific and Industrial Research",-0.510699272155762,5.72800064086914,"L06","2Q7MnSV2oJ5","2014-09-06T00:00:00Z","3a","COMMUNITY BASED FARMER'S ORGANISATIONS (CBOs)/FARMER BASED ORGANISATIONS (FBOs)","",2,2,2,2,2,NA,NA,NA,NA
"72","GHA","Ghana Council for Scientific and Industrial Research",-2.57799911499023,5.09250068664551,"L05","WX9WPcwEjJ9","2015-03-29T00:00:00Z","1","MINISTRY OF FOOD & AGRICULTURE (MOFA)","",1,1,1,2,2,NA,1,2,NA
"73","GHA","Ghana Council for Scientific and Industrial Research",-0.880999565124512,7.70899963378906,"L03","qaB9PRByhQ7","2014-09-27T00:00:00Z","2","NGO","",1,1,1,NA,1,NA,1,2,NA
"74","GHA","Ghana Council for Scientific and Industrial Research",-0.854499816894531,9.90400123596191,"L02","go6Ch5Km3k7","2014-12-16T00:00:00Z","2","NGO","",1,1,1,2,1,NA,1,2,NA
"75","GHA","Ghana Council for Scientific and Industrial Research",-0.854499816894531,9.90400123596191,"L02","arUegScQDF9","2014-12-31T00:00:00Z","1","MINISTRY OF FOOD & AGRICULTURE (MOFA)","",1,1,2,2,1,NA,1,2,NA
"76","GHA","Ghana Council for Scientific and Industrial Research",-0.854499816894531,9.90400123596191,"L02","GLaBCfmRHT9","2014-12-15T00:00:00Z","1","MINISTRY OF FOOD & AGRICULTURE (MOFA)","",1,1,1,2,1,NA,1,2,NA
"77","GHA","Ghana Council for Scientific and Industrial Research",-0.510699272155762,5.72800064086914,"L06","xJHuYg9HkC4","2014-09-07T00:00:00Z","2","NGO","",1,NA,NA,NA,NA,NA,1,2,NA
"78","GHA","Ghana Council for Scientific and Industrial Research",-2.57799911499023,5.09250068664551,"L05","LFwa12jnrL2","2015-05-27T00:00:00Z","1","MINISTRY OF FOOD & AGRICULTURE (MOFA)","",1,1,1,2,2,NA,1,2,NA
"79","GHA","Ghana Council for Scientific and Industrial Research",-0.834999084472656,10.5590000152588,"L01","k8zEL6BmKHB","2015-04-28T00:00:00Z","1","MINISTRY OF FOOD & AGRICULTURE (MOFA)","",1,1,1,2,1,NA,2,2,NA
"80","GHA","Ghana Council for Scientific and Industrial Research",-2.57799911499023,5.09250068664551,"L05","6o1LRkbmmy9","2015-05-21T00:00:00Z","1","MINISTRY OF FOOD & AGRICULTURE (MOFA)","",1,1,1,2,1,NA,1,2,NA
"81","GHA","Ghana Council for Scientific and Industrial Research",-2.57799911499023,5.09250068664551,"L05","6rFDY18oMR9","2015-05-27T00:00:00Z","4","LARGE SCALE FARMER/OUTGROWERS","",1,2,2,2,2,NA,1,2,NA
"82","GHA","Ghana Council for Scientific and Industrial Research",-0.834999084472656,10.5590000152588,"L01","njfYPSwX6c8","2015-02-15T00:00:00Z","1","MINISTRY OF FOOD & AGRICULTURE (MOFA)","",1,1,1,2,1,NA,1,2,NA
"83","GHA","Ghana Council for Scientific and Industrial Research",-2.57799911499023,5.09250068664551,"L05","6rFDY18oMR9","2015-05-27T00:00:00Z","1","MINISTRY OF FOOD & AGRICULTURE (MOFA)","",1,1,1,2,1,NA,1,2,NA
"84","GHA","Ghana Council for Scientific and Industrial Research",-0.854499816894531,9.90400123596191,"L02","go6Ch5Km3k7","2014-12-16T00:00:00Z","4","LARGE SCALE FARMER/OUTGROWERS","",1,1,1,2,1,NA,1,2,NA
"85","GHA","Ghana Council for Scientific and Industrial Research",-0.510699272155762,5.72800064086914,"L06","2Q7MnSV2oJ5","2014-09-06T00:00:00Z","2","NGO","",2,2,2,2,2,NA,NA,NA,NA
"86","GHA","Ghana Council for Scientific and Industrial Research",-0.854499816894531,9.90400123596191,"L02","go6Ch5Km3k7","2014-12-16T00:00:00Z","1","MINISTRY OF FOOD & AGRICULTURE (MOFA)","",1,1,1,2,1,NA,1,2,NA
"87","GHA","Ghana Council for Scientific and Industrial Research",-0.854499816894531,9.90400123596191,"L02","NZwEq9cA5VB","2014-12-17T00:00:00Z","3a","COMMUNITY BASED FARMER'S ORGANISATIONS (CBOs)/FARMER BASED ORGANISATIONS (FBOs)","",1,1,1,2,1,NA,1,2,NA
"88","GHA","Ghana Council for Scientific and Industrial Research",-0.854499816894531,9.90400123596191,"L02","ArjKWQXjiQ2","2015-01-02T00:00:00Z","3a","COMMUNITY BASED FARMER'S ORGANISATIONS (CBOs)/FARMER BASED ORGANISATIONS (FBOs)","",1,1,1,NA,1,NA,1,2,NA
"89","GHA","Ghana Council for Scientific and Industrial Research",-0.510699272155762,5.72800064086914,"L06","4TD5PFFKHJ7","2014-09-13T00:00:00Z","1","MINISTRY OF FOOD & AGRICULTURE (MOFA)","",1,1,NA,NA,NA,NA,1,2,NA
"90","GHA","Ghana Council for Scientific and Industrial Research",-0.834999084472656,10.5590000152588,"L01","EmjTzkKPcK4","2015-02-09T00:00:00Z","1","MINISTRY OF FOOD & AGRICULTURE (MOFA)","",1,1,1,2,1,NA,1,2,NA
"91","GHA","Ghana Council for Scientific and Industrial Research",-0.854499816894531,9.90400123596191,"L02","RkxgfouGkY6","2015-01-01T00:00:00Z","2","NGO","",1,1,2,2,2,NA,1,2,NA
"92","GHA","Ghana Council for Scientific and Industrial Research",-2.57799911499023,5.09250068664551,"L05","wTASpGRGc38","2015-05-21T00:00:00Z","1","MINISTRY OF FOOD & AGRICULTURE (MOFA)","",1,1,1,2,1,NA,1,2,NA
"93","GHA","Ghana Council for Scientific and Industrial Research",-0.510699272155762,5.72800064086914,"L06","K7cFANftUD3","2014-09-07T00:00:00Z","1","MINISTRY OF FOOD & AGRICULTURE (MOFA)","",1,2,2,2,2,NA,2,2,NA
"94","GHA","Ghana Council for Scientific and Industrial Research",-0.834999084472656,10.5590000152588,"L01","UDYnaavH8U3","2015-02-17T00:00:00Z","1","MINISTRY OF FOOD & AGRICULTURE (MOFA)","",1,1,1,2,1,NA,1,2,NA
"95","GHA","Ghana Council for Scientific and Industrial Research",-0.880999565124512,7.70899963378906,"L03","qaB9PRByhQ7","2014-09-27T00:00:00Z","1","MINISTRY OF FOOD & AGRICULTURE (MOFA)","",1,1,1,NA,1,NA,1,2,NA
"96","GHA","Ghana Council for Scientific and Industrial Research",-0.854499816894531,9.90400123596191,"L02","go6Ch5Km3k7","2014-12-16T00:00:00Z","3a","COMMUNITY BASED FARMER'S ORGANISATIONS (CBOs)/FARMER BASED ORGANISATIONS (FBOs)","",1,1,1,2,1,NA,1,2,NA
"97","GHA","Ghana Council for Scientific and Industrial Research",-0.854499816894531,9.90400123596191,"L02","vyxUdnM5dv5","2014-12-15T00:00:00Z","3a","COMMUNITY BASED FARMER'S ORGANISATIONS (CBOs)/FARMER BASED ORGANISATIONS (FBOs)","",1,1,1,2,1,NA,1,2,NA
"98","GHA","Ghana Council for Scientific and Industrial Research",-0.510699272155762,5.72800064086914,"L06","3262VdP66d2","2014-09-14T00:00:00Z","1","MINISTRY OF FOOD & AGRICULTURE (MOFA)","",1,NA,NA,NA,NA,NA,1,2,NA
"99","GHA","Ghana Council for Scientific and Industrial Research",-0.854499816894531,9.90400123596191,"L02","Ny58V5eghz7","2014-12-29T00:00:00Z","2","NGO","",1,1,1,2,2,NA,1,2,NA
"100","GHA","Ghana Council for Scientific and Industrial Research",-0.854499816894531,9.90400123596191,"L02","UUj4sWMqYC3","2014-12-29T00:00:00Z","1","MINISTRY OF FOOD & AGRICULTURE (MOFA)","",2,2,2,2,1,NA,1,2,NA
"101","GHA","Ghana Council for Scientific and Industrial Research",-2.57799911499023,5.09250068664551,"L05","fyW9nSiREpA","2015-03-29T00:00:00Z","2","NGO","",1,1,1,2,2,NA,1,2,NA
"102","GHA","Ghana Council for Scientific and Industrial Research",-0.854499816894531,9.90400123596191,"L02","ArjKWQXjiQ2","2015-01-02T00:00:00Z","2","NGO","",1,1,1,NA,1,NA,1,2,NA
"103","GHA","Ghana Council for Scientific and Industrial Research",-0.834999084472656,10.5590000152588,"L01","dVULAjf4W89","2015-03-10T00:00:00Z","1","MINISTRY OF FOOD & AGRICULTURE (MOFA)","",1,1,1,NA,1,NA,1,2,NA
"104","GHA","Ghana Council for Scientific and Industrial Research",-0.854499816894531,9.90400123596191,"L02","NZwEq9cA5VB","2014-12-17T00:00:00Z","2","NGO","",1,1,1,2,1,NA,1,2,NA
"105","GHA","Ghana Council for Scientific and Industrial Research",-0.854499816894531,9.90400123596191,"L02","ArjKWQXjiQ2","2015-01-02T00:00:00Z","1","MINISTRY OF FOOD & AGRICULTURE (MOFA)","",1,1,1,NA,1,NA,1,2,NA
"106","GHA","Ghana Council for Scientific and Industrial Research",-0.854499816894531,9.90400123596191,"L02","fkisAfkhBS2","2014-12-29T00:00:00Z","2","NGO","",1,1,1,NA,1,NA,1,2,NA
"107","GHA","Ghana Council for Scientific and Industrial Research",-0.880999565124512,7.70899963378906,"L03","w5r45534D96","2014-09-27T00:00:00Z","1","MINISTRY OF FOOD & AGRICULTURE (MOFA)","",1,1,1,2,2,NA,1,2,NA
"108","GHA","Ghana Council for Scientific and Industrial Research",-0.510699272155762,5.72800064086914,"L06","4TD5PFFKHJ7","2014-09-12T00:00:00Z","2","NGO","",1,1,1,2,2,NA,2,2,NA
"109","RWA","Wildlife Conservation Society",30.0187746264512,-2.28718495548197,"L07","sohyYFGAMr9","2016-08-17T00:00:00Z","3a","Community Based Farmer'S Organisations (Cbos)/Farmer Based Organisations (Fbos)",NA,1,2,2,2,2,2,1,2,NA
"110","RWA","Wildlife Conservation Society",29.3847853801739,-1.80927231441535,"L04","jHTSofjuPJ7","2016-01-18T00:00:00Z","1","MINISTRY OF AGRICULTURE",NA,1,2,2,2,2,2,1,2,NA
"111","RWA","Wildlife Conservation Society",29.4347584689003,-2.57578970240643,"L01","aDnodjimek6","2016-12-09T00:00:00Z","3","COOPERATIVE",NA,1,NA,NA,NA,NA,NA,1,2,NA
"112","RWA","Wildlife Conservation Society",29.55086017135,-1.48050348714566,"L02","mhGSC5qMs53","2016-03-02T00:00:00Z","3","COOPERATIVE",NA,1,NA,NA,NA,NA,NA,1,2,NA
"113","RWA","Wildlife Conservation Society",29.3847853801739,-1.80927231441535,"L04","io6UuTdM1Q3","2016-01-20T00:00:00Z","1","MINISTRY OF AGRICULTURE",NA,1,NA,NA,NA,NA,NA,1,1,200
"114","RWA","Wildlife Conservation Society",29.4347584689003,-2.57578970240643,"L01","2AzeKX3Xdj9","2015-12-11T00:00:00Z","3a","COMMUNITY BASED FARMER'S ORGANISATIONS (CBOs)/FARMER BASED ORGANISATIONS (FBOs)",NA,1,2,2,2,2,2,1,2,NA
"115","RWA","Wildlife Conservation Society",29.4347584689003,-2.57578970240643,"L01","4uYtGb6q1h5","2016-11-19T00:00:00Z","3a","COMMUNITY BASED FARMER'S ORGANISATIONS (CBOs)/FARMER BASED ORGANISATIONS (FBOs)",NA,1,NA,NA,NA,NA,NA,2,2,NA
"116","RWA","Wildlife Conservation Society",29.55086017135,-1.48050348714566,"L02","voQqwNL5SR4","2016-03-03T00:00:00Z","1","MINISTRY OF AGRICULTURE",NA,1,NA,NA,NA,NA,NA,1,2,NA
"117","RWA","Wildlife Conservation Society",29.3847853801739,-1.80927231441535,"L04","tzDJcn6PLMB","2016-01-30T00:00:00Z","1","MINISTRY OF AGRICULTURE",NA,1,NA,NA,NA,1,1,1,2,NA
"118","RWA","Wildlife Conservation Society",30.678255588268,-1.93426664412886,"L03","DRwp2xk3gPB","2016-07-22T00:00:00Z","1","MINISTRY OF AGRICULTURE",NA,1,NA,NA,NA,NA,NA,1,2,NA
"119","RWA","Wildlife Conservation Society",29.3847853801739,-1.80927231441535,"L04","Xcq8cPDrtJA","2016-01-19T00:00:00Z","1","MINISTRY OF AGRICULTURE",NA,1,2,2,2,2,2,1,2,NA
"120","RWA","Wildlife Conservation Society",29.55086017135,-1.48050348714566,"L02","iGeYWScB9G8","2016-04-26T00:00:00Z","3a","COMMUNITY BASED FARMER'S ORGANISATIONS (CBOs)/FARMER BASED ORGANISATIONS (FBOs)",NA,1,NA,NA,NA,NA,NA,1,2,NA
"121","RWA","Wildlife Conservation Society",29.3847853801739,-1.80927231441535,"L04","seXpFZmj3a","2016-01-23T00:00:00Z","3","COOPERATIVE",NA,1,1,2,2,1,2,1,2,NA
"122","RWA","Wildlife Conservation Society",30.0187746264512,-2.28718495548197,"L07","9s7aPD8ZRh7","2016-08-19T00:00:00Z","1","Ministry Of Agriculture",NA,1,2,2,2,2,2,1,2,NA
"123","RWA","Wildlife Conservation Society",29.4347584689003,-2.57578970240643,"L01","VM1oxfq9wgB","2015-12-14T00:00:00Z","1","MINISTRY OF AGRICULTURE",NA,1,2,2,2,2,2,1,2,NA
"124","RWA","Wildlife Conservation Society",30.678255588268,-1.93426664412886,"L03","oSahYBywkW2","2016-07-25T00:00:00Z","1","MINISTRY OF AGRICULTURE",NA,1,NA,NA,NA,NA,NA,1,2,NA
"125","RWA","Wildlife Conservation Society",29.3847853801739,-1.80927231441535,"L04","xRKbT2uWYL4","2016-02-04T00:00:00Z","3a","COMMUNITY BASED FARMER'S ORGANISATIONS (CBOs)/FARMER BASED ORGANISATIONS (FBOs)",NA,1,NA,NA,NA,NA,NA,1,2,NA
"126","RWA","Wildlife Conservation Society",29.55086017135,-1.48050348714566,"L02","nkB43h7a3u6","2016-04-22T00:00:00Z","3a","COMMUNITY BASED FARMER'S ORGANISATIONS (CBOs)/FARMER BASED ORGANISATIONS (FBOs)",NA,1,NA,NA,NA,NA,NA,1,2,NA
"127","RWA","Wildlife Conservation Society",29.3847853801739,-1.80927231441535,"L04","tzDJcn6PLMB","2016-01-30T00:00:00Z","3","COOPERATIVE",NA,1,NA,NA,NA,NA,NA,1,2,NA
"128","RWA","Wildlife Conservation Society",29.4347584689003,-2.57578970240643,"L01","yjXM15j8fo9","2016-12-10T00:00:00Z","3","COOPERATIVE",NA,1,NA,NA,NA,NA,NA,1,2,NA
"129","RWA","Wildlife Conservation Society",29.3847853801739,-1.80927231441535,"L04","jT3NCQFGuW8","2016-02-08T00:00:00Z","3a","COMMUNITY BASED FARMER'S ORGANISATIONS (CBOs)/FARMER BASED ORGANISATIONS (FBOs)",NA,1,2,2,2,1,1,1,2,NA
"130","RWA","Wildlife Conservation Society",30.678255588268,-1.93426664412886,"L03","EXzXQD4FSm3","2016-07-27T00:00:00Z","1","MINISTRY OF AGRICULTURE",NA,1,NA,NA,NA,NA,NA,1,2,NA
"131","RWA","Wildlife Conservation Society",29.7928701957997,-1.97725720942347,"L06","PGN47oqwcT6","2016-10-10T00:00:00Z","1","MINISTRY OF AGRICULTURE",NA,1,NA,NA,NA,1,1,1,2,NA
"132","RWA","Wildlife Conservation Society",29.7928701957997,-1.97725720942347,"L06","c2cooWnTEh2","2015-10-13T00:00:00Z","4","LARGE SCALE FARMER/OUTGROWERS",NA,1,NA,NA,NA,NA,NA,2,2,NA
"133","RWA","Wildlife Conservation Society",29.55086017135,-1.48050348714566,"L02","MxhdeDaZTa9","2016-04-29T00:00:00Z","2","NGO",NA,1,NA,NA,NA,NA,NA,1,2,NA
"134","RWA","Wildlife Conservation Society",29.3847853801739,-1.80927231441535,"L04","seXpFZmj3a","2016-01-23T00:00:00Z","1","MINISTRY OF AGRICULTURE",NA,1,NA,NA,NA,1,NA,1,2,NA
"135","RWA","Wildlife Conservation Society",29.7928701957997,-1.97725720942347,"L06","QLDaeeq1A6A","2015-11-06T00:00:00Z","1","MINISTRY OF AGRICULTURE",NA,1,NA,NA,NA,NA,NA,1,2,NA
"136","RWA","Wildlife Conservation Society",29.7928701957997,-1.97725720942347,"L06","JYjBoTCdte4","2015-10-14T00:00:00Z","1","MINISTRY OF AGRICULTURE",NA,1,NA,NA,NA,NA,NA,1,2,NA
"137","RWA","Wildlife Conservation Society",29.55086017135,-1.48050348714566,"L02","am7bPMj2uA","2016-04-29T00:00:00Z","3a","COMMUNITY BASED FARMER'S ORGANISATIONS (CBOs)/FARMER BASED ORGANISATIONS (FBOs)",NA,1,2,NA,2,2,2,1,2,NA
"138","RWA","Wildlife Conservation Society",29.7928701957997,-1.97725720942347,"L06","jQRmJu3n453","2015-10-02T00:00:00Z","3a","COMMUNITY BASED FARMER'S ORGANISATIONS (CBOs)/FARMER BASED ORGANISATIONS (FBOs)",NA,1,NA,NA,NA,NA,NA,1,2,NA
"139","RWA","Wildlife Conservation Society",30.0187746264512,-2.28718495548197,"L07","tU6yMt3dHA3","2016-08-09T00:00:00Z","3a","Community Based Farmer'S Organisations (Cbos)/Farmer Based Organisations (Fbos)",NA,1,2,2,2,2,2,1,2,NA
"140","RWA","Wildlife Conservation Society",29.4347584689003,-2.57578970240643,"L01","GBGa6M3rbd3","2016-11-18T00:00:00Z","2","NGO",NA,1,NA,NA,NA,NA,NA,2,2,NA
"141","RWA","Wildlife Conservation Society",29.55086017135,-1.48050348714566,"L02","d77n4FzyP99","2016-04-26T00:00:00Z","3a","COMMUNITY BASED FARMER'S ORGANISATIONS (CBOs)/FARMER BASED ORGANISATIONS (FBOs)",NA,1,NA,NA,NA,NA,NA,1,2,NA
"142","RWA","Wildlife Conservation Society",29.4347584689003,-2.57578970240643,"L01","XXFzjtd2A8","2016-10-15T00:00:00Z","2","NGO",NA,1,NA,NA,NA,NA,NA,1,2,NA
"143","RWA","Wildlife Conservation Society",29.4347584689003,-2.57578970240643,"L01","eVbuv11Jya9","2015-11-20T00:00:00Z","3a","COMMUNITY BASED FARMER'S ORGANISATIONS (CBOs)/FARMER BASED ORGANISATIONS (FBOs)",NA,1,2,NA,2,1,1,1,2,NA
"144","RWA","Wildlife Conservation Society",29.4347584689003,-2.57578970240643,"L01","cZWWUyRwuTA","2016-01-16T00:00:00Z","3","COOPERATIVE",NA,1,2,2,2,2,2,3,2,NA
"145","RWA","Wildlife Conservation Society",30.678255588268,-1.93426664412886,"L03","B8yvkFk2DJ5","2016-07-21T00:00:00Z","3a","COMMUNITY BASED FARMER'S ORGANISATIONS (CBOs)/FARMER BASED ORGANISATIONS (FBOs)",NA,1,NA,NA,NA,NA,NA,1,2,NA
"146","RWA","Wildlife Conservation Society",29.4347584689003,-2.57578970240643,"L01","RCuAWjMUBmA","2016-11-21T00:00:00Z","1","MINISTRY OF AGRICULTURE",NA,1,NA,NA,NA,NA,NA,3,2,NA
"147","RWA","Wildlife Conservation Society",29.3847853801739,-1.80927231441535,"L04","cuVuG6WmhC5","2016-02-11T00:00:00Z","2","NGO",NA,1,2,2,2,2,2,1,2,NA
"148","RWA","Wildlife Conservation Society",29.4347584689003,-2.57578970240643,"L01","wy7axJB9t4A","2016-01-14T00:00:00Z","2","NGO",NA,1,2,2,2,2,2,1,2,NA
"149","RWA","Wildlife Conservation Society",30.0187746264512,-2.28718495548197,"L07","Kg7uwpdD4P5","2016-08-13T00:00:00Z","1","Ministry Of Agriculture",NA,1,2,2,2,2,2,1,2,NA
"150","RWA","Wildlife Conservation Society",29.55086017135,-1.48050348714566,"L02","Mq9anduKdR9","2016-05-17T00:00:00Z","2","NGO",NA,1,NA,NA,NA,NA,NA,1,2,NA
"151","RWA","Wildlife Conservation Society",30.678255588268,-1.93426664412886,"L03","rQmTKtJ2h92","2016-07-23T00:00:00Z","1","MINISTRY OF AGRICULTURE",NA,1,NA,NA,NA,NA,NA,1,2,NA
"152","RWA","Wildlife Conservation Society",29.3847853801739,-1.80927231441535,"L04","iV8EbG17vX2","2016-05-15T00:00:00Z","1","MINISTRY OF AGRICULTURE",NA,1,NA,NA,NA,NA,NA,1,2,NA
"153","RWA","Wildlife Conservation Society",29.3847853801739,-1.80927231441535,"L04","iRtxUHTRGi2","2016-01-22T00:00:00Z","3a","COMMUNITY BASED FARMER'S ORGANISATIONS (CBOs)/FARMER BASED ORGANISATIONS (FBOs)",NA,1,2,2,2,2,2,1,2,NA
"154","RWA","Wildlife Conservation Society",29.3847853801739,-1.80927231441535,"L04","hXCHXcG2W46","2016-02-01T00:00:00Z","3a","COMMUNITY BASED FARMER'S ORGANISATIONS (CBOs)/FARMER BASED ORGANISATIONS (FBOs)",NA,1,NA,NA,NA,NA,1,1,2,NA
"155","RWA","Wildlife Conservation Society",29.7928701957997,-1.97725720942347,"L06","to8Gc5JzaT7","2015-10-08T00:00:00Z","4","LARGE SCALE FARMER/OUTGROWERS",NA,1,2,2,2,2,2,1,2,NA
"156","RWA","Wildlife Conservation Society",29.3847853801739,-1.80927231441535,"L04","fzVneyP9Mg7","2016-01-27T00:00:00Z","1","MINISTRY OF AGRICULTURE",NA,1,2,2,2,2,2,1,2,NA
"157","RWA","Wildlife Conservation Society",29.4347584689003,-2.57578970240643,"L01","Ag8CWapFXT9","2015-12-05T00:00:00Z","1","MINISTRY OF AGRICULTURE",NA,1,2,2,2,2,2,1,2,NA
"158","RWA","Wildlife Conservation Society",29.55086017135,-1.48050348714566,"L02","fHLhUbHi259","2016-04-27T00:00:00Z","3","COOPERATIVE",NA,1,2,2,2,2,2,1,2,NA
"159","RWA","Wildlife Conservation Society",29.55086017135,-1.48050348714566,"L02","t8pSXYMtCP","2016-03-01T00:00:00Z","3","COOPERATIVE",NA,1,NA,NA,NA,NA,NA,1,2,NA
"160","RWA","Wildlife Conservation Society",30.678255588268,-1.93426664412886,"L03","vvZZdLufJK3","2016-07-19T00:00:00Z","3a","COMMUNITY BASED FARMER'S ORGANISATIONS (CBOs)/FARMER BASED ORGANISATIONS (FBOs)",NA,1,NA,NA,NA,1,1,1,2,NA
"161","RWA","Wildlife Conservation Society",29.3847853801739,-1.80927231441535,"L04","jDuNCdZs246","2016-02-09T00:00:00Z","3","COOPERATIVE",NA,1,NA,NA,NA,NA,NA,1,2,NA
"162","RWA","Wildlife Conservation Society",29.4347584689003,-2.57578970240643,"L01","CxdDadFVXS7","2016-10-21T00:00:00Z","1","MINISTRY OF AGRICULTURE",NA,1,NA,NA,NA,NA,NA,1,2,NA
"163","RWA","Wildlife Conservation Society",29.3847853801739,-1.80927231441535,"L04","6VtbLtrb1D3","2016-01-25T00:00:00Z","1","MINISTRY OF AGRICULTURE",NA,1,NA,NA,NA,1,NA,1,2,NA
"164","RWA","Wildlife Conservation Society",29.55086017135,-1.48050348714566,"L02","XrphaE61Jh6","2016-03-04T00:00:00Z","3a","COMMUNITY BASED FARMER'S ORGANISATIONS (CBOs)/FARMER BASED ORGANISATIONS (FBOs)",NA,1,2,2,2,2,2,1,2,NA
"165","RWA","Wildlife Conservation Society",29.7928701957997,-1.97725720942347,"L06","YVG8nKF7bC4","2015-12-05T00:00:00Z","3","COOPERATIVE",NA,1,NA,NA,NA,NA,NA,2,2,NA
"166","TZA","Tanzania Forest Conservation Group",38.7492089681939,-8.14419444155308,"L22","An4VyekaKi6","2015-08-10T00:00:00Z","1","MINISTRY OF AGRICULTURE",NA,1,2,1,2,2,2,1,2,NA
"167","TZA","Tanzania Forest Conservation Group",34.6613285529092,-10.0674212512047,"L11","2tw7sF6jPB4","2015-08-31T00:00:00Z","1","MINISTRY OF AGRICULTURE",NA,1,2,2,2,1,1,1,2,NA
"168","TZA","Tanzania Forest Conservation Group",36.4463760379053,-7.53483534169035,"L18","JsmhauRP8E9","2014-08-14T00:00:00Z","4","LARGE SCALE FARMER/OUTGROWERS",NA,1,1,1,2,2,NA,2,2,NA
"169","TZA","Tanzania Forest Conservation Group",36.4463760379053,-7.53483534169035,"L18","dyd2EZBuR66","2014-08-14T00:00:00Z","3a","COMMUNITY BASED FARMER'S ORGANISATIONS (CBOs)/FARMER BASED ORGANISATIONS (FBOs)",NA,1,2,1,2,1,NA,1,2,NA
"170","TZA","Tanzania Forest Conservation Group",34.8481422428861,-8.53911341077989,"L10","kRcrpHwnrk4","2014-08-12T00:00:00Z","3","COOPERATIVE",NA,1,2,2,2,2,NA,2,2,NA
"171","TZA","Tanzania Forest Conservation Group",34.8481422428861,-8.53911341077989,"L10","nZ3uwA7syq7","2014-08-12T00:00:00Z","2","NGO",NA,1,1,2,2,2,NA,1,2,NA
"172","TZA","Tanzania Forest Conservation Group",38.7492089681939,-8.14419444155308,"L22","MG8Mg2FAfw4","2015-09-09T00:00:00Z","1","MINISTRY OF AGRICULTURE",NA,1,2,2,2,2,2,1,2,NA
"173","TZA","Tanzania Forest Conservation Group",36.4463760379053,-7.53483534169035,"L18","GZButysJgS4","2013-10-16T00:00:00Z","4","LARGE SCALE FARMER/OUTGROWERS",NA,1,1,1,2,2,NA,2,2,NA
"174","TZA","Tanzania Forest Conservation Group",34.8481422428861,-8.53911341077989,"L10","qBummgzDBd8","2014-08-12T00:00:00Z","1","MINISTRY OF FOOD & AGRICULTURE (MOFA)",NA,1,2,2,2,2,NA,1,2,NA
"175","TZA","Tanzania Forest Conservation Group",36.5229650139842,-8.09763085083975,"L19","fUSEvjoZCe","2014-08-11T00:00:00Z","4","LARGE SCALE FARMER/OUTGROWERS",NA,1,2,2,2,2,NA,1,2,NA
"176","TZA","Tanzania Forest Conservation Group",36.4463760379053,-7.53483534169035,"L18","UDim1j4z9K9","2014-08-13T00:00:00Z","4","LARGE SCALE FARMER/OUTGROWERS",NA,1,2,2,2,2,NA,1,2,NA
"177","TZA","Tanzania Forest Conservation Group",36.5229650139842,-8.09763085083975,"L19","MqCGGaKzuz2","2014-08-11T00:00:00Z","1","MINISTRY OF FOOD & AGRICULTURE (MOFA)",NA,1,2,2,2,2,NA,1,2,NA
"178","TZA","Tanzania Forest Conservation Group",36.4463760379053,-7.53483534169035,"L18","tWqyJcJmuN5","2014-08-12T00:00:00Z","1","MINISTRY OF FOOD & AGRICULTURE (MOFA)",NA,1,2,1,2,1,NA,1,2,NA
"179","TZA","Tanzania Forest Conservation Group",36.5229650139842,-8.09763085083975,"L19","B7g3YrTCTUB","2014-08-16T00:00:00Z","1","MINISTRY OF FOOD & AGRICULTURE (MOFA)",NA,1,2,2,2,2,NA,1,2,NA
"180","TZA","Tanzania Forest Conservation Group",36.4463760379053,-7.53483534169035,"L18","udWPUwFP172","2014-08-13T00:00:00Z","4","LARGE SCALE FARMER/OUTGROWERS",NA,1,1,1,2,1,NA,1,2,NA
"181","TZA","Tanzania Forest Conservation Group",34.8481422428861,-8.53911341077989,"L10","PZ5Q2bVsEX8","2014-08-12T00:00:00Z","1","MINISTRY OF FOOD & AGRICULTURE (MOFA)",NA,1,2,2,2,2,NA,1,2,NA
"182","TZA","Tanzania Forest Conservation Group",34.8481422428861,-8.53911341077989,"L10","LwsCZHjGPqA","2014-09-13T00:00:00Z","1","MINISTRY OF FOOD & AGRICULTURE (MOFA)",NA,2,2,1,2,2,NA,1,2,NA
"183","TZA","Tanzania Forest Conservation Group",34.8481422428861,-8.53911341077989,"L10","g2ZqebmF5z8","2014-08-13T00:00:00Z","1","MINISTRY OF FOOD & AGRICULTURE (MOFA)",NA,1,2,2,2,2,NA,1,2,NA
"184","TZA","Tanzania Forest Conservation Group",36.4463760379053,-7.53483534169035,"L18","onwJq3WmHg2","2014-08-12T00:00:00Z","4","LARGE SCALE FARMER/OUTGROWERS",NA,1,2,2,2,2,NA,2,2,NA
"185","TZA","Tanzania Forest Conservation Group",36.4463760379053,-7.53483534169035,"L18","6s9v6agXWi3","2014-08-13T00:00:00Z","3a","COMMUNITY BASED FARMER'S ORGANISATIONS (CBOs)/FARMER BASED ORGANISATIONS (FBOs)",NA,1,2,2,2,2,NA,1,2,NA
"186","TZA","Tanzania Forest Conservation Group",34.3167307654591,-8.60363144569888,"L20","pxqThuNPrG","2014-10-03T00:00:00Z","3a","COMMUNITY BASED FARMER'S ORGANISATIONS (CBOs)/FARMER BASED ORGANISATIONS (FBOs)",NA,2,2,2,2,2,NA,1,2,NA
"187","TZA","Tanzania Forest Conservation Group",36.5229650139842,-8.09763085083975,"L19","gpPmZSQZXY5","2014-08-11T00:00:00Z","4","LARGE SCALE FARMER/OUTGROWERS",NA,1,2,2,2,2,NA,1,2,NA
"188","TZA","Tanzania Forest Conservation Group",34.8481422428861,-8.53911341077989,"L10","PZ5Q2bVsEX8","2014-08-12T00:00:00Z","2","NGO",NA,1,2,2,2,2,NA,1,2,NA
"189","TZA","Tanzania Forest Conservation Group",36.4463760379053,-7.53483534169035,"L18","7GEs4txMBL9","2014-08-14T00:00:00Z","2","NGO",NA,1,2,2,2,2,NA,1,2,NA
"190","TZA","Tanzania Forest Conservation Group",36.4463760379053,-7.53483534169035,"L18","fKYGZhSCHi5","2014-08-12T00:00:00Z","1","MINISTRY OF FOOD & AGRICULTURE (MOFA)",NA,1,2,2,2,2,NA,2,2,NA
"191","TZA","Tanzania Forest Conservation Group",36.5229650139842,-8.09763085083975,"L19","zddQBRJke87","2014-08-11T00:00:00Z","1","MINISTRY OF FOOD & AGRICULTURE (MOFA)",NA,1,2,2,2,2,NA,1,2,NA
"192","TZA","Tanzania Forest Conservation Group",36.4463760379053,-7.53483534169035,"L18","MmsqX496Yo9","2014-08-12T00:00:00Z","2","NGO",NA,1,2,1,2,1,NA,1,2,NA
"193","TZA","Tanzania Forest Conservation Group",36.4463760379053,-7.53483534169035,"L18","2zFRVcySNg6","2014-08-13T00:00:00Z","1","MINISTRY OF FOOD & AGRICULTURE (MOFA)",NA,1,2,2,2,2,NA,1,2,NA
"194","TZA","Tanzania Forest Conservation Group",34.8481422428861,-8.53911341077989,"L10","7NvFkzHDPpA","2014-08-12T00:00:00Z","3","COOPERATIVE",NA,1,2,1,2,1,NA,1,2,NA
"195","TZA","Tanzania Forest Conservation Group",36.5229650139842,-8.09763085083975,"L19","zddQBRJke87","2014-08-11T00:00:00Z","2","NGO",NA,1,2,2,2,2,NA,1,2,NA
"196","TZA","Tanzania Forest Conservation Group",34.8481422428861,-8.53911341077989,"L10","6gioKTgu1a9","2014-08-12T00:00:00Z","1","MINISTRY OF FOOD & AGRICULTURE (MOFA)",NA,1,2,1,2,1,NA,2,2,NA
"197","TZA","Tanzania Forest Conservation Group",36.4463760379053,-7.53483534169035,"L18","KWsyirYykp","2014-08-12T00:00:00Z","3","COOPERATIVE",NA,1,2,1,2,2,NA,2,2,NA
"198","TZA","Tanzania Forest Conservation Group",34.6613285529092,-10.0674212512047,"L11","fMF9APviXm9","2015-08-11T00:00:00Z","4","LARGE SCALE FARMER/OUTGROWERS",NA,2,2,2,2,2,1,1,2,NA
"199","TZA","Tanzania Forest Conservation Group",36.4463760379053,-7.53483534169035,"L18","AcecNqxEnz4","2014-08-14T00:00:00Z","1","MINISTRY OF FOOD & AGRICULTURE (MOFA)",NA,1,2,2,2,2,NA,1,2,NA
"200","TZA","Tanzania Forest Conservation Group",34.8481422428861,-8.53911341077989,"L10","LwsCZHjGPqA","2014-09-13T00:00:00Z","3a","COMMUNITY BASED FARMER'S ORGANISATIONS (CBOs)/FARMER BASED ORGANISATIONS (FBOs)",NA,2,2,2,2,1,NA,2,2,NA
"201","TZA","Tanzania Forest Conservation Group",34.8481422428861,-8.53911341077989,"L10","N1YUZvnVaG5","2014-08-12T00:00:00Z","1","MINISTRY OF FOOD & AGRICULTURE (MOFA)",NA,1,2,2,2,2,NA,1,2,NA
"202","TZA","Tanzania Forest Conservation Group",34.6613285529092,-10.0674212512047,"L11","UGrmX3B1xb7","2015-08-30T00:00:00Z","1","MINISTRY OF AGRICULTURE",NA,1,2,2,2,2,2,1,2,NA
"203","TZA","Tanzania Forest Conservation Group",36.5229650139842,-8.09763085083975,"L19","6auvr3dPvX4","2014-08-12T00:00:00Z","3a","COMMUNITY BASED FARMER'S ORGANISATIONS (CBOs)/FARMER BASED ORGANISATIONS (FBOs)",NA,1,2,2,2,2,NA,1,2,NA
"204","TZA","Tanzania Forest Conservation Group",36.4463760379053,-7.53483534169035,"L18","9921bP6EeY4","2014-08-12T00:00:00Z","3","COOPERATIVE",NA,1,1,1,2,1,NA,1,2,NA
"205","TZA","Tanzania Forest Conservation Group",34.3167307654591,-8.60363144569888,"L20","uDCakBEm7VB","2014-09-30T00:00:00Z","4","LARGE SCALE FARMER/OUTGROWERS",NA,1,2,2,2,1,NA,1,2,NA
"206","TZA","Tanzania Forest Conservation Group",31.7140544443077,-7.93601976329183,"L03","N5cedWi9F35","2014-12-18T00:00:00Z","3a","COMMUNITY BASED FARMER'S ORGANISATIONS (CBOs)/FARMER BASED ORGANISATIONS (FBOs)",NA,2,2,2,1,1,NA,1,2,NA
"207","TZA","Tanzania Forest Conservation Group",34.8481422428861,-8.53911341077989,"L10","SGWnjCX1hJ3","2014-08-12T00:00:00Z","2","NGO",NA,1,2,1,2,1,NA,1,2,NA
"208","TZA","Tanzania Forest Conservation Group",34.6613285529092,-10.0674212512047,"L11","SqBCN18ii19","2015-08-11T00:00:00Z","4","LARGE SCALE FARMER/OUTGROWERS",NA,1,2,2,2,2,2,2,2,NA
"209","TZA","Tanzania Forest Conservation Group",36.4463760379053,-7.53483534169035,"L18","vvfZmP19Kx","2014-08-13T00:00:00Z","1","MINISTRY OF FOOD & AGRICULTURE (MOFA)",NA,1,2,2,2,2,NA,2,2,NA
"210","TZA","Tanzania Forest Conservation Group",36.5229650139842,-8.09763085083975,"L19","B7g3YrTCTUB","2014-08-16T00:00:00Z","2","NGO",NA,1,2,2,2,2,NA,1,2,NA
"211","TZA","Tanzania Forest Conservation Group",36.4463760379053,-7.53483534169035,"L18","oDSCEcXBzq3","2014-08-12T00:00:00Z","1","MINISTRY OF FOOD & AGRICULTURE (MOFA)",NA,1,2,2,2,2,NA,1,2,NA
"212","TZA","Tanzania Forest Conservation Group",36.4463760379053,-7.53483534169035,"L18","UDim1j4z9K9","2014-08-13T00:00:00Z","1","MINISTRY OF FOOD & AGRICULTURE (MOFA)",NA,1,2,2,2,2,NA,1,2,NA
"213","TZA","Tanzania Forest Conservation Group",34.8481422428861,-8.53911341077989,"L10","nZ3uwA7syq7","2014-08-12T00:00:00Z","1","MINISTRY OF FOOD & AGRICULTURE (MOFA)",NA,1,1,2,2,2,NA,1,2,NA
"214","TZA","Tanzania Forest Conservation Group",31.7140544443077,-7.93601976329183,"L03","9WWgnSHHAA6","2014-12-18T00:00:00Z","3","COOPERATIVE",NA,1,2,2,1,1,NA,1,2,NA
"215","TZA","Tanzania Forest Conservation Group",34.8481422428861,-8.53911341077989,"L10","qP3BigSRj28","2014-08-12T00:00:00Z","4","LARGE SCALE FARMER/OUTGROWERS",NA,1,2,1,2,1,NA,1,2,NA
"216","TZA","Tanzania Forest Conservation Group",34.8481422428861,-8.53911341077989,"L10","6gioKTgu1a9","2014-08-12T00:00:00Z","2","NGO",NA,1,2,1,2,1,NA,1,2,NA
"217","TZA","Tanzania Forest Conservation Group",36.4463760379053,-7.53483534169035,"L18","ZSL3mumZ4X8","2014-08-12T00:00:00Z","1","MINISTRY OF FOOD & AGRICULTURE (MOFA)",NA,1,1,1,2,2,NA,1,2,NA
"218","UGA","Africa Innovations Institude",31.7560832397785,1.87635436806258,"L06","kAKQZBMLkGA","2016-01-29T00:00:00Z","1","MINISTRY OF AGRICULTURE","",1,2,2,2,2,2,1,2,NA
"219","UGA","Africa Innovations Institude",34.3568865263743,1.03690346284041,"L02","QT4VeJxXHv4","2015-11-20T00:00:00Z","other","Other","",NA,NA,NA,NA,NA,1,1,NA,NA
"220","UGA","Africa Innovations Institude",32.1222569707067,0.203686999334623,"L03","nG6geyTvwq7","2015-09-05T00:00:00Z","other","Other","",1,NA,1,NA,NA,NA,1,2,NA
"221","UGA","Africa Innovations Institude",31.7560832397785,1.87635436806258,"L06","5a2WfRTPWS2","2016-01-13T00:00:00Z","2","NGO","",1,2,2,2,2,2,1,2,NA
"222","UGA","Africa Innovations Institude",34.3568865263743,1.03690346284041,"L02","QT4VeJxXHv4","2015-11-20T00:00:00Z","1","MINISTRY OF AGRICULTURE","",2,2,2,2,2,1,1,2,NA
"223","UGA","Africa Innovations Institude",29.7871381860837,-1.24177656546097,"L04","iLvTEBAQTN6","2016-04-08T00:00:00Z","2","NGO","",1,2,2,2,2,2,1,2,NA
"224","UGA","Africa Innovations Institude",29.7871381860837,-1.24177656546097,"L04","v29v4CgCb9A","2016-04-07T00:00:00Z","3","COOPERATIVE","",1,2,2,2,2,2,1,2,NA
"225","UGA","Africa Innovations Institude",33.2567780274687,2.45257755461486,"L07","7yhK3asbcg8","2016-01-20T00:00:00Z","2","NGO","",1,2,2,2,1,2,1,2,NA
"226","UGA","Africa Innovations Institude",31.1975267607797,3.5840602791963,"L01","vCMe7iY3tJ","2016-07-16T00:00:00Z","2","Ngo","",1,2,2,2,2,2,1,2,NA
"227","UGA","Africa Innovations Institude",29.7871381860837,-1.24177656546097,"L04","Mc7EjdDK3M3","2016-04-06T00:00:00Z","3a","COMMUNITY BASED FARMER'S ORGANISATIONS (CBOs)/FARMER BASED ORGANISATIONS (FBOs)","",1,2,2,2,2,2,2,2,NA
"228","UGA","Africa Innovations Institude",32.1222569707067,0.203686999334623,"L03","s1YRqRa7dg5","2015-10-14T00:00:00Z","5","RESEARCH ORGANIZATION/UNIVERSITY","National agriculture research organisation",1,1,2,2,2,2,1,2,NA
"229","UGA","Africa Innovations Institude",34.3568865263743,1.03690346284041,"L02","uZWP16YfzT5","2016-01-05T00:00:00Z","1","MINISTRY OF AGRICULTURE","",1,2,2,2,2,2,1,1,10000
"230","UGA","Africa Innovations Institude",31.7560832397785,1.87635436806258,"L06","thYGMAV5F28","2016-01-13T00:00:00Z","2","NGO","",1,2,2,2,2,2,1,2,NA
"231","UGA","Africa Innovations Institude",32.1222569707067,0.203686999334623,"L03","oimuabaAoj4","2015-10-13T00:00:00Z","2","NGO","",1,2,1,2,NA,2,1,2,NA
"232","UGA","Africa Innovations Institude",33.2567780274687,2.45257755461486,"L07","MbKjtLZGbn3","2016-01-29T00:00:00Z","2","NGO","",1,2,2,2,2,2,1,2,NA
"233","UGA","Africa Innovations Institude",33.2567780274687,2.45257755461486,"L07","zVWFb5eAbV7","2016-02-05T00:00:00Z","3a","COMMUNITY BASED FARMER'S ORGANISATIONS (CBOs)/FARMER BASED ORGANISATIONS (FBOs)","",1,2,2,2,2,2,1,2,NA
"234","UGA","Africa Innovations Institude",33.2567780274687,2.45257755461486,"L07","MbKjtLZGbn3","2016-01-29T00:00:00Z","1","MINISTRY OF AGRICULTURE","",1,2,2,2,2,2,1,2,NA
"235","UGA","Africa Innovations Institude",33.2567780274687,2.45257755461486,"L07","uMco3gkx1Z8","2016-02-08T00:00:00Z","2","NGO","",1,2,2,2,1,1,2,2,NA
"236","UGA","Africa Innovations Institude",34.3568865263743,1.03690346284041,"L02","bUbW5XZNtd3","2015-10-27T00:00:00Z","1","MINISTRY OF AGRICULTURE","",1,2,2,2,2,2,1,1,5000
"237","UGA","Africa Innovations Institude",33.2567780274687,2.45257755461486,"L07","PxqUsT3Kg39","2016-02-05T00:00:00Z","3a","COMMUNITY BASED FARMER'S ORGANISATIONS (CBOs)/FARMER BASED ORGANISATIONS (FBOs)","",1,2,2,2,2,2,1,2,NA
"238","UGA","Africa Innovations Institude",33.2567780274687,2.45257755461486,"L07","EQM92niTjw","2016-02-05T00:00:00Z","2","NGO","",2,2,2,2,1,2,1,2,NA
"239","UGA","Africa Innovations Institude",31.7560832397785,1.87635436806258,"L06","QybMet9zZh8","2016-01-06T00:00:00Z","2","NGO","",2,NA,1,2,2,2,2,2,NA
"240","UGA","Africa Innovations Institude",31.7560832397785,1.87635436806258,"L06","43RqATksCs8","2016-01-12T00:00:00Z","1","MINISTRY OF AGRICULTURE","",1,2,2,2,2,2,1,2,NA
"241","UGA","Africa Innovations Institude",31.1975267607797,3.5840602791963,"L01","D3dra7efrt6","2016-07-18T00:00:00Z","1","Ministry Of Agriculture","",1,2,2,2,2,2,1,2,NA
"242","UGA","Africa Innovations Institude",31.1975267607797,3.5840602791963,"L01","SqGfB47Y5q3","2016-07-31T00:00:00Z","other","Other","",1,2,2,2,2,2,1,2,NA
"243","UGA","Africa Innovations Institude",31.7560832397785,1.87635436806258,"L06","Gr3yWAqnod7","2016-01-14T00:00:00Z","3a","COMMUNITY BASED FARMER'S ORGANISATIONS (CBOs)/FARMER BASED ORGANISATIONS (FBOs)","",1,2,2,2,2,2,1,2,NA
"244","UGA","Africa Innovations Institude",31.1975267607797,3.5840602791963,"L01","Te4C6DJXQq6","2016-07-24T00:00:00Z","2","Ngo","",2,1,2,2,1,2,1,2,NA
"245","UGA","Africa Innovations Institude",29.7871381860837,-1.24177656546097,"L04","ZVVKrqxAx48","2016-04-18T00:00:00Z","2","NGO","",1,2,2,2,2,2,1,1,15000
"246","UGA","Africa Innovations Institude",31.1975267607797,3.5840602791963,"L01","tNWzZ2EiTjA","2016-07-25T00:00:00Z","1","Ministry Of Agriculture","",2,2,2,2,2,1,1,2,NA
"247","UGA","Africa Innovations Institude",32.1222569707067,0.203686999334623,"L03","h5hVCQ5GHc2","2015-09-02T00:00:00Z","2","NGO","",1,NA,NA,NA,NA,NA,1,2,NA
"248","UGA","Africa Innovations Institude",32.1222569707067,0.203686999334623,"L03","3f7GFEXbaK","2015-09-07T00:00:00Z","1","MINISTRY OF AGRICULTURE","",1,NA,NA,NA,NA,NA,1,2,NA
"249","UGA","Africa Innovations Institude",33.2567780274687,2.45257755461486,"L07","7yhK3asbcg8","2016-01-20T00:00:00Z","1","MINISTRY OF AGRICULTURE","",1,2,2,2,2,2,1,2,NA
"250","UGA","Africa Innovations Institude",32.1222569707067,0.203686999334623,"L03","1DKzT4xkSq9","2015-09-11T00:00:00Z","1","MINISTRY OF AGRICULTURE","",1,2,2,2,2,2,3,2,NA
"251","UGA","Africa Innovations Institude",31.1975267607797,3.5840602791963,"L01","VHVUj6zT8c6","2016-07-17T00:00:00Z","1","Ministry Of Agriculture","",1,1,2,2,1,1,1,2,NA
"252","UGA","Africa Innovations Institude",34.3568865263743,1.03690346284041,"L02","5xza3zKCC65","2015-11-21T00:00:00Z","1","MINISTRY OF AGRICULTURE","",1,2,2,2,2,1,1,2,NA
"253","UGA","Africa Innovations Institude",32.1222569707067,0.203686999334623,"L03","vPv6VoT5Hx6","2015-09-11T00:00:00Z","1","MINISTRY OF AGRICULTURE","",1,NA,NA,NA,1,1,2,2,NA
"254","UGA","Africa Innovations Institude",29.7871381860837,-1.24177656546097,"L04","zCz7aSrczL2","2016-04-07T00:00:00Z","3","COOPERATIVE","",1,2,2,2,2,2,1,2,NA
"255","UGA","Africa Innovations Institude",34.3568865263743,1.03690346284041,"L02","ypMu1Vkfqo9","2015-10-16T00:00:00Z","3","COOPERATIVE","",1,2,2,2,2,2,1,2,NA
