"","Country","Partner.Organization","longitude","latitude","Landscape..","Household.ID","Data.entry.date","Crop.ID","Is.Processed","Is.Byproduct","ag09_02_1","ag09_03","ag09_03_other","ag09_03_by","ag09_03_by_other","ag09_03_product_name","ag09_04_1","ag09_04_2","ag09_07","ag09_07_2","ag09_05","ag09_06_1","ag09_06_2","ag09_08","ag09_vs_8a","ag09_vs_8b_1","ag09_vs_8b_2","ag09_10","ag09_11"
"1","GHA","Ghana Council for Scientific and Industrial Research",-0.510699272155762,5.72800064086914,"L06","7KKdwdFxzG7","2014-09-07T00:00:00Z","11",NA,NA,"Maize","","",NA,NA,NA,NA,NA,NA,NA,NA,NA,NA,NA,NA,NA,NA,NA,NA
"2","GHA","Ghana Council for Scientific and Industrial Research",-1.49399948120117,6.55200004577637,"L04","gRQgL3UsPb6","2014-08-24T00:00:00Z","71",NA,NA,"Banana","","",NA,NA,NA,NA,NA,NA,NA,NA,NA,NA,NA,NA,NA,NA,NA,NA
"3","GHA","Ghana Council for Scientific and Industrial Research",-2.57799911499023,5.09250068664551,"L05","o1P6K2wcxu7","2015-05-15T00:00:00Z","45",NA,NA,"Coconut","","",NA,NA,NA,NA,NA,NA,NA,NA,NA,NA,NA,NA,NA,NA,NA,NA
"4","GHA","Ghana Council for Scientific and Industrial Research",-2.57799911499023,5.09250068664551,"L05","4DD1mGbS2b6","2015-05-15T00:00:00Z","44",NA,NA,"Palm Oil","","",NA,NA,NA,NA,NA,NA,NA,NA,NA,NA,NA,NA,NA,NA,NA,NA
"5","GHA","Ghana Council for Scientific and Industrial Research",-2.57799911499023,5.09250068664551,"L05","9avkr7kTx68","2015-03-14T00:00:00Z","45",NA,NA,"Coconut","other","Coconut oil",NA,NA,NA,270,2,270,2,1,270,2,1800,2,NA,NA,NA,NA
"6","GHA","Ghana Council for Scientific and Industrial Research",-2.57799911499023,5.09250068664551,"L05","o1P6K2wcxu7","2015-05-15T00:00:00Z","56",NA,NA,"Cocoa","","",NA,NA,NA,NA,NA,NA,NA,NA,NA,NA,NA,NA,NA,NA,NA,NA
"7","GHA","Ghana Council for Scientific and Industrial Research",-0.510699272155762,5.72800064086914,"L06","nYHDrtr9BkA","2014-09-07T00:00:00Z","75",NA,NA,"Pineapple","","",NA,NA,NA,NA,NA,NA,NA,NA,NA,NA,NA,NA,NA,NA,NA,NA
"8","GHA","Ghana Council for Scientific and Industrial Research",-0.510699272155762,5.72800064086914,"L06","W8ZrkDDq8B","2014-09-12T00:00:00Z","44",NA,NA,"Palm Oil","3","",NA,NA,NA,0,NA,NA,NA,NA,NA,NA,NA,NA,NA,NA,NA,NA
"9","GHA","Ghana Council for Scientific and Industrial Research",-2.57799911499023,5.09250068664551,"L05","4DD1mGbS2b6","2015-05-15T00:00:00Z","74 76",NA,NA,"","","",NA,NA,NA,NA,NA,NA,NA,NA,NA,NA,NA,NA,NA,NA,NA,NA
"10","GHA","Ghana Council for Scientific and Industrial Research",-1.49399948120117,6.55200004577637,"L04","pKpxx6da5u6","2014-08-28T00:00:00Z","56",NA,NA,"Cocoa","","",NA,NA,NA,NA,NA,NA,NA,NA,NA,NA,NA,NA,NA,NA,NA,NA
"11","GHA","Ghana Council for Scientific and Industrial Research",-1.49399948120117,6.55200004577637,"L04","KaNq8vjzJV5","2014-08-19T00:00:00Z","44",NA,NA,"Palm Oil","","",NA,NA,NA,NA,NA,NA,NA,NA,NA,NA,NA,NA,NA,NA,NA,NA
"12","GHA","Ghana Council for Scientific and Industrial Research",-0.510699272155762,5.72800064086914,"L06","3262VdP66d2","2014-09-14T00:00:00Z","21",NA,NA,"Cassava","","",NA,NA,NA,NA,NA,NA,NA,NA,NA,NA,NA,NA,NA,NA,NA,NA
"13","GHA","Ghana Council for Scientific and Industrial Research",-0.510699272155762,5.72800064086914,"L06","W8ZrkDDq8B","2014-09-12T00:00:00Z","44",NA,NA,"Palm Oil","","",NA,NA,NA,NA,NA,NA,NA,NA,NA,NA,NA,NA,NA,NA,NA,NA
"14","GHA","Ghana Council for Scientific and Industrial Research",-0.510699272155762,5.72800064086914,"L06","7KKdwdFxzG7","2014-09-07T00:00:00Z","21",NA,NA,"Cassava","","",NA,NA,NA,NA,NA,NA,NA,NA,NA,NA,NA,NA,NA,NA,NA,NA
"15","GHA","Ghana Council for Scientific and Industrial Research",-0.510699272155762,5.72800064086914,"L06","W8ZrkDDq8B","2014-09-12T00:00:00Z","31",NA,NA,"Beans","","",NA,NA,NA,NA,NA,NA,NA,NA,NA,NA,NA,NA,NA,NA,NA,NA
"16","GHA","Ghana Council for Scientific and Industrial Research",-0.510699272155762,5.72800064086914,"L06","R24vZdb6HQ7","2014-09-07T00:00:00Z","75",NA,NA,"Pineapple","","",NA,NA,NA,NA,NA,NA,NA,NA,NA,NA,NA,NA,NA,NA,NA,NA
"17","GHA","Ghana Council for Scientific and Industrial Research",-0.510699272155762,5.72800064086914,"L06","R24vZdb6HQ7","2014-09-07T00:00:00Z","75",NA,NA,"Pineapple","","",NA,NA,NA,NA,NA,NA,NA,NA,NA,NA,NA,NA,NA,NA,NA,NA
"18","GHA","Ghana Council for Scientific and Industrial Research",-1.49399948120117,6.55200004577637,"L04","KaNq8vjzJV5","2014-08-19T00:00:00Z","11",NA,NA,"Maize","16","",NA,NA,NA,0,NA,0,1,2,NA,NA,NA,NA,NA,NA,2,NA
"19","GHA","Ghana Council for Scientific and Industrial Research",-1.49399948120117,6.55200004577637,"L04","eze6AQDVxQ4","2014-08-27T00:00:00Z","56",NA,NA,"Cocoa","","",NA,NA,NA,NA,NA,NA,NA,NA,NA,NA,NA,NA,NA,NA,NA,NA
"20","GHA","Ghana Council for Scientific and Industrial Research",-0.510699272155762,5.72800064086914,"L06","uVDhbqsgm8B","2014-09-08T00:00:00Z","21",NA,NA,"Cassava","17","",NA,NA,NA,NA,NA,NA,NA,NA,NA,NA,NA,NA,NA,NA,NA,NA
"21","GHA","Ghana Council for Scientific and Industrial Research",-1.49399948120117,6.55200004577637,"L04","wbguRJt7c17","2014-09-02T00:00:00Z","56",NA,NA,"Cocoa","17","",NA,NA,NA,NA,NA,NA,NA,NA,NA,NA,NA,NA,NA,NA,NA,NA
"22","GHA","Ghana Council for Scientific and Industrial Research",-0.510699272155762,5.72800064086914,"L06","R24vZdb6HQ7","2014-09-07T00:00:00Z","11",NA,NA,"Maize","","",NA,NA,NA,NA,NA,NA,NA,NA,NA,NA,NA,NA,NA,NA,NA,NA
"23","GHA","Ghana Council for Scientific and Industrial Research",-1.49399948120117,6.55200004577637,"L04","gRQgL3UsPb6","2014-08-24T00:00:00Z","76",NA,NA,"Orange","other","Not processed",NA,NA,NA,0,NA,0,NA,2,NA,NA,NA,NA,NA,NA,2,NA
"24","GHA","Ghana Council for Scientific and Industrial Research",-0.510699272155762,5.72800064086914,"L06","thieXHRj9r7","2014-09-09T00:00:00Z","24",NA,NA,"Yams","","",NA,NA,NA,NA,NA,NA,NA,NA,NA,NA,NA,NA,NA,NA,NA,NA
"25","GHA","Ghana Council for Scientific and Industrial Research",-0.510699272155762,5.72800064086914,"L06","7KKdwdFxzG7","2014-09-07T00:00:00Z","44",NA,NA,"Palm Oil","","",NA,NA,NA,NA,NA,NA,NA,NA,NA,NA,NA,NA,NA,NA,NA,NA
"26","GHA","Ghana Council for Scientific and Industrial Research",-1.49399948120117,6.55200004577637,"L04","wbguRJt7c17","2014-09-02T00:00:00Z","76",NA,NA,"Orange","","",NA,NA,NA,NA,NA,NA,NA,NA,NA,NA,NA,NA,NA,NA,NA,NA
"27","GHA","Ghana Council for Scientific and Industrial Research",-1.49399948120117,6.55200004577637,"L04","wbguRJt7c17","2014-09-02T00:00:00Z","56",NA,NA,"Cocoa","","",NA,NA,NA,NA,NA,NA,NA,NA,NA,NA,NA,NA,NA,NA,NA,NA
"28","GHA","Ghana Council for Scientific and Industrial Research",-1.49399948120117,6.55200004577637,"L04","gRQgL3UsPb6","2014-08-24T00:00:00Z","21",NA,NA,"Cassava","other","Not processed",NA,NA,NA,0,NA,0,NA,2,NA,NA,NA,NA,NA,NA,2,NA
"29","GHA","Ghana Council for Scientific and Industrial Research",-0.510699272155762,5.72800064086914,"L06","W8ZrkDDq8B","2014-09-12T00:00:00Z","45",NA,NA,"Coconut","","",NA,NA,NA,NA,NA,NA,NA,NA,NA,NA,NA,NA,NA,NA,NA,NA
"30","GHA","Ghana Council for Scientific and Industrial Research",-2.57799911499023,5.09250068664551,"L05","o1P6K2wcxu7","2015-05-15T00:00:00Z","21",NA,NA,"Cassava","","",NA,NA,NA,NA,NA,NA,NA,NA,NA,NA,NA,NA,NA,NA,NA,NA
"31","GHA","Ghana Council for Scientific and Industrial Research",-1.49399948120117,6.55200004577637,"L04","gRQgL3UsPb6","2014-08-24T00:00:00Z","56",NA,NA,"Cocoa","17","",NA,NA,NA,0,NA,0,NA,2,NA,NA,NA,NA,NA,NA,2,NA
"32","GHA","Ghana Council for Scientific and Industrial Research",-0.510699272155762,5.72800064086914,"L06","3262VdP66d2","2014-09-14T00:00:00Z","44",NA,NA,"Palm Oil","other","Wine",NA,NA,NA,11,2,NA,NA,2,NA,NA,NA,NA,NA,NA,NA,NA
"33","GHA","Ghana Council for Scientific and Industrial Research",-1.49399948120117,6.55200004577637,"L04","KaNq8vjzJV5","2014-08-19T00:00:00Z","71",NA,NA,"Banana","17","",NA,NA,NA,0,NA,0,NA,2,NA,NA,NA,NA,NA,NA,2,NA
"34","GHA","Ghana Council for Scientific and Industrial Research",-1.49399948120117,6.55200004577637,"L04","eze6AQDVxQ4","2014-08-27T00:00:00Z","44",NA,NA,"Palm Oil","","",NA,NA,NA,NA,NA,NA,NA,NA,NA,NA,NA,NA,NA,NA,NA,NA
"35","GHA","Ghana Council for Scientific and Industrial Research",-0.510699272155762,5.72800064086914,"L06","CTRQQXCQTVB","2014-09-13T00:00:00Z","44 45",NA,NA,"","","",NA,NA,NA,NA,NA,NA,NA,NA,NA,NA,NA,NA,NA,NA,NA,NA
"36","GHA","Ghana Council for Scientific and Industrial Research",-2.57799911499023,5.09250068664551,"L05","o1P6K2wcxu7","2015-05-15T00:00:00Z","21",NA,NA,"Cassava","","",NA,NA,NA,NA,NA,NA,NA,NA,NA,NA,NA,NA,NA,NA,NA,NA
"37","GHA","Ghana Council for Scientific and Industrial Research",-1.49399948120117,6.55200004577637,"L04","gRQgL3UsPb6","2014-08-24T00:00:00Z","71",NA,NA,"Banana","other","Not processed",NA,NA,NA,0,NA,0,NA,2,NA,NA,NA,NA,NA,NA,2,NA
"38","GHA","Ghana Council for Scientific and Industrial Research",-0.510699272155762,5.72800064086914,"L06","LeYiNjAjKi2","2014-09-07T00:00:00Z","21",NA,NA,"Cassava","","",NA,NA,NA,NA,NA,NA,NA,NA,NA,NA,NA,NA,NA,NA,NA,NA
"39","GHA","Ghana Council for Scientific and Industrial Research",-1.49399948120117,6.55200004577637,"L04","gRQgL3UsPb6","2014-08-24T00:00:00Z","45",NA,NA,"Coconut","","",NA,NA,NA,NA,NA,NA,NA,NA,NA,NA,NA,NA,NA,NA,NA,NA
"40","GHA","Ghana Council for Scientific and Industrial Research",-1.49399948120117,6.55200004577637,"L04","KaNq8vjzJV5","2014-08-19T00:00:00Z","21",NA,NA,"Cassava","16","",NA,NA,NA,0,1,0,1,2,NA,NA,NA,NA,NA,NA,2,NA
"41","GHA","Ghana Council for Scientific and Industrial Research",-1.49399948120117,6.55200004577637,"L04","gRQgL3UsPb6","2014-08-24T00:00:00Z","56",NA,NA,"Cocoa","","",NA,NA,NA,NA,NA,NA,NA,NA,NA,NA,NA,NA,NA,NA,NA,NA
"42","GHA","Ghana Council for Scientific and Industrial Research",-0.510699272155762,5.72800064086914,"L06","W8ZrkDDq8B","2014-09-12T00:00:00Z","45",NA,NA,"Coconut","","",NA,NA,NA,NA,NA,NA,NA,NA,NA,NA,NA,NA,NA,NA,NA,NA
"43","GHA","Ghana Council for Scientific and Industrial Research",-0.510699272155762,5.72800064086914,"L06","7KKdwdFxzG7","2014-09-07T00:00:00Z","75",NA,NA,"Pineapple","","",NA,NA,NA,NA,NA,NA,NA,NA,NA,NA,NA,NA,NA,NA,NA,NA
"44","GHA","Ghana Council for Scientific and Industrial Research",-0.510699272155762,5.72800064086914,"L06","thieXHRj9r7","2014-09-09T00:00:00Z","21",NA,NA,"Cassava","","",NA,NA,NA,NA,NA,NA,NA,NA,NA,NA,NA,NA,NA,NA,NA,NA
"45","GHA","Ghana Council for Scientific and Industrial Research",-0.510699272155762,5.72800064086914,"L06","7KKdwdFxzG7","2014-09-07T00:00:00Z","44",NA,NA,"Palm Oil","","",NA,NA,NA,1500,2,NA,NA,1,1500,2,1800,NA,NA,NA,NA,NA
"46","GHA","Ghana Council for Scientific and Industrial Research",-0.510699272155762,5.72800064086914,"L06","3262VdP66d2","2014-09-14T00:00:00Z","44",NA,NA,"Palm Oil","","",NA,NA,NA,NA,NA,NA,NA,NA,NA,NA,NA,NA,NA,NA,NA,NA
"47","GHA","Ghana Council for Scientific and Industrial Research",-0.510699272155762,5.72800064086914,"L06","CTRQQXCQTVB","2014-09-13T00:00:00Z","21",NA,NA,"Cassava","","",NA,NA,NA,NA,NA,NA,NA,NA,NA,NA,NA,NA,NA,NA,NA,NA
"48","GHA","Ghana Council for Scientific and Industrial Research",-1.49399948120117,6.55200004577637,"L04","KaNq8vjzJV5","2014-08-19T00:00:00Z","71",NA,NA,"Banana","","",NA,NA,NA,NA,NA,NA,NA,NA,NA,NA,NA,NA,NA,NA,NA,NA
"49","GHA","Ghana Council for Scientific and Industrial Research",-2.57799911499023,5.09250068664551,"L05","4DD1mGbS2b6","2015-05-15T00:00:00Z","44",NA,NA,"Palm Oil","","",NA,NA,NA,NA,NA,NA,NA,NA,NA,NA,NA,NA,NA,NA,NA,NA
"50","GHA","Ghana Council for Scientific and Industrial Research",-2.57799911499023,5.09250068664551,"L05","4DD1mGbS2b6","2015-05-15T00:00:00Z","21",NA,NA,"Cassava","","",NA,NA,NA,NA,NA,NA,NA,NA,NA,NA,NA,NA,NA,NA,NA,NA
"51","GHA","Ghana Council for Scientific and Industrial Research",-1.49399948120117,6.55200004577637,"L04","KaNq8vjzJV5","2014-08-19T00:00:00Z","44",NA,NA,"Palm Oil","15","",NA,NA,NA,880,2,240,2,1,880,2,4400,2,NA,NA,2,NA
"52","GHA","Ghana Council for Scientific and Industrial Research",-1.49399948120117,6.55200004577637,"L04","KaNq8vjzJV5","2014-08-19T00:00:00Z","21",NA,NA,"Cassava","","",NA,NA,NA,NA,NA,NA,NA,NA,NA,NA,NA,NA,NA,NA,NA,NA
"53","GHA","Ghana Council for Scientific and Industrial Research",-1.49399948120117,6.55200004577637,"L04","wbguRJt7c17","2014-09-02T00:00:00Z","44",NA,NA,"Palm Oil","","",NA,NA,NA,NA,NA,NA,NA,NA,NA,NA,NA,NA,NA,NA,NA,NA
"54","GHA","Ghana Council for Scientific and Industrial Research",-0.510699272155762,5.72800064086914,"L06","Jsv9PkxATh9","2014-09-10T00:00:00Z","11",NA,NA,"Maize","","",NA,NA,NA,NA,NA,NA,NA,NA,NA,NA,NA,NA,NA,NA,NA,NA
"55","GHA","Ghana Council for Scientific and Industrial Research",-0.510699272155762,5.72800064086914,"L06","Jsv9PkxATh9","2014-09-10T00:00:00Z","21",NA,NA,"Cassava","","",NA,NA,NA,NA,NA,NA,NA,NA,NA,NA,NA,NA,NA,NA,NA,NA
"56","GHA","Ghana Council for Scientific and Industrial Research",-0.510699272155762,5.72800064086914,"L06","3262VdP66d2","2014-09-14T00:00:00Z","21",NA,NA,"Cassava","other","Cassava dough",NA,NA,NA,60,1,NA,NA,2,NA,NA,NA,NA,NA,NA,NA,NA
"57","GHA","Ghana Council for Scientific and Industrial Research",-0.510699272155762,5.72800064086914,"L06","uVDhbqsgm8B","2014-09-08T00:00:00Z","11",NA,NA,"Maize","","",NA,NA,NA,NA,NA,NA,NA,NA,NA,NA,NA,NA,NA,NA,NA,NA
"58","GHA","Ghana Council for Scientific and Industrial Research",-1.49399948120117,6.55200004577637,"L04","gRQgL3UsPb6","2014-08-24T00:00:00Z","21",NA,NA,"Cassava","","",NA,NA,NA,NA,NA,NA,NA,NA,NA,NA,NA,NA,NA,NA,NA,NA
"59","GHA","Ghana Council for Scientific and Industrial Research",-0.510699272155762,5.72800064086914,"L06","7KKdwdFxzG7","2014-09-07T00:00:00Z","11",NA,NA,"Maize","","",NA,NA,NA,NA,NA,NA,NA,NA,NA,NA,NA,NA,NA,NA,NA,NA
"60","GHA","Ghana Council for Scientific and Industrial Research",-0.510699272155762,5.72800064086914,"L06","R24vZdb6HQ7","2014-09-07T00:00:00Z","21",NA,NA,"Cassava","16","",NA,NA,NA,NA,NA,NA,NA,NA,NA,NA,NA,NA,NA,NA,NA,NA
"61","GHA","Ghana Council for Scientific and Industrial Research",-0.510699272155762,5.72800064086914,"L06","7KKdwdFxzG7","2014-09-07T00:00:00Z","75",NA,NA,"Pineapple","","",NA,NA,NA,NA,NA,NA,NA,NA,NA,NA,NA,NA,NA,NA,NA,NA
"62","GHA","Ghana Council for Scientific and Industrial Research",-0.510699272155762,5.72800064086914,"L06","SstK2kLetr6","2014-09-12T00:00:00Z","21",NA,NA,"Cassava","16","",NA,NA,NA,NA,NA,NA,NA,2,NA,NA,NA,NA,NA,NA,NA,NA
"63","GHA","Ghana Council for Scientific and Industrial Research",-0.510699272155762,5.72800064086914,"L06","7KKdwdFxzG7","2014-09-07T00:00:00Z","21",NA,NA,"Cassava","","",NA,NA,NA,NA,NA,NA,NA,NA,NA,NA,NA,NA,NA,NA,NA,NA
"64","GHA","Ghana Council for Scientific and Industrial Research",-1.49399948120117,6.55200004577637,"L04","gRQgL3UsPb6","2014-08-24T00:00:00Z","45",NA,NA,"Coconut","other","Not processed",NA,NA,NA,0,NA,0,NA,2,NA,NA,NA,NA,NA,NA,2,NA
"65","GHA","Ghana Council for Scientific and Industrial Research",-0.510699272155762,5.72800064086914,"L06","7KKdwdFxzG7","2014-09-07T00:00:00Z","44",NA,NA,"Palm Oil","","",NA,NA,NA,NA,NA,NA,NA,NA,NA,NA,NA,NA,NA,NA,NA,NA
"66","GHA","Ghana Council for Scientific and Industrial Research",-1.49399948120117,6.55200004577637,"L04","pKpxx6da5u6","2014-08-28T00:00:00Z","44",NA,NA,"Palm Oil","15","",NA,NA,NA,960,2,1728,1,1,960,2,3800,2,NA,NA,1,400
"67","GHA","Ghana Council for Scientific and Industrial Research",-2.57799911499023,5.09250068664551,"L05","o1P6K2wcxu7","2015-05-15T00:00:00Z","56",NA,NA,"Cocoa","","",NA,NA,NA,NA,NA,NA,NA,NA,NA,NA,NA,NA,NA,NA,NA,NA
"68","GHA","Ghana Council for Scientific and Industrial Research",-1.49399948120117,6.55200004577637,"L04","KaNq8vjzJV5","2014-08-19T00:00:00Z","11",NA,NA,"Maize","","",NA,NA,NA,NA,NA,NA,NA,NA,NA,NA,NA,NA,NA,NA,NA,NA
"69","GHA","Ghana Council for Scientific and Industrial Research",-0.510699272155762,5.72800064086914,"L06","thieXHRj9r7","2014-09-09T00:00:00Z","11",NA,NA,"Maize","","",NA,NA,NA,NA,NA,NA,NA,NA,NA,NA,NA,NA,NA,NA,NA,NA
"70","GHA","Ghana Council for Scientific and Industrial Research",-0.510699272155762,5.72800064086914,"L06","SstK2kLetr6","2014-09-12T00:00:00Z","21",NA,NA,"Cassava","","",NA,NA,NA,NA,NA,NA,NA,NA,NA,NA,NA,NA,NA,NA,NA,NA
"71","GHA","Ghana Council for Scientific and Industrial Research",-1.49399948120117,6.55200004577637,"L04","pKpxx6da5u6","2014-08-28T00:00:00Z","56",NA,NA,"Cocoa","","",NA,NA,NA,NA,NA,NA,NA,NA,NA,NA,NA,NA,NA,NA,NA,NA
"72","GHA","Ghana Council for Scientific and Industrial Research",-1.49399948120117,6.55200004577637,"L04","wbguRJt7c17","2014-09-02T00:00:00Z","44",NA,NA,"Palm Oil","15","",NA,NA,NA,175,2,150,2,1,125,2,420,2,NA,NA,2,NA
"73","GHA","Ghana Council for Scientific and Industrial Research",-0.510699272155762,5.72800064086914,"L06","W8ZrkDDq8B","2014-09-12T00:00:00Z","76",NA,NA,"Orange","","",NA,NA,NA,NA,NA,NA,NA,NA,NA,NA,NA,NA,NA,NA,NA,NA
"74","GHA","Ghana Council for Scientific and Industrial Research",-1.49399948120117,6.55200004577637,"L04","pKpxx6da5u6","2014-08-28T00:00:00Z","44",NA,NA,"Palm Oil","","",NA,NA,NA,NA,NA,NA,NA,NA,NA,NA,NA,NA,NA,NA,NA,NA
"75","GHA","Ghana Council for Scientific and Industrial Research",-0.510699272155762,5.72800064086914,"L06","Jsv9PkxATh9","2014-09-10T00:00:00Z","21",NA,NA,"Cassava","12","",NA,NA,NA,NA,NA,NA,NA,2,NA,NA,NA,NA,NA,NA,2,NA
"76","GHA","Ghana Council for Scientific and Industrial Research",-1.49399948120117,6.55200004577637,"L04","eze6AQDVxQ4","2014-08-27T00:00:00Z","44",NA,NA,"Palm Oil","15","",NA,NA,NA,120,2,120,2,1,120,2,580,2,NA,NA,2,NA
"77","GHA","Ghana Council for Scientific and Industrial Research",-1.49399948120117,6.55200004577637,"L04","gRQgL3UsPb6","2014-08-24T00:00:00Z","44",NA,NA,"Palm Oil","","",NA,NA,NA,NA,NA,NA,NA,NA,NA,NA,NA,NA,NA,NA,NA,NA
"78","GHA","Ghana Council for Scientific and Industrial Research",-2.57799911499023,5.09250068664551,"L05","4DD1mGbS2b6","2015-05-15T00:00:00Z","45",NA,NA,"Coconut","","",NA,NA,NA,NA,NA,NA,NA,NA,NA,NA,NA,NA,NA,NA,NA,NA
"79","GHA","Ghana Council for Scientific and Industrial Research",-2.57799911499023,5.09250068664551,"L05","4DD1mGbS2b6","2015-05-15T00:00:00Z","21",NA,NA,"Cassava","6","",NA,NA,NA,2400,1,582.4,1,2,NA,NA,NA,NA,NA,NA,2,NA
"80","GHA","Ghana Council for Scientific and Industrial Research",-0.510699272155762,5.72800064086914,"L06","h7GgmuPVUH3","2014-09-08T00:00:00Z","21",NA,NA,"Cassava","","",NA,NA,NA,NA,NA,NA,NA,NA,NA,NA,NA,NA,NA,NA,NA,NA
"81","GHA","Ghana Council for Scientific and Industrial Research",-0.510699272155762,5.72800064086914,"L06","thieXHRj9r7","2014-09-09T00:00:00Z","21",NA,NA,"Cassava","other","Gari",NA,NA,NA,600,1,30,1,1,30,1,1800,2,NA,NA,NA,NA
"82","GHA","Ghana Council for Scientific and Industrial Research",-0.510699272155762,5.72800064086914,"L06","h7GgmuPVUH3","2014-09-08T00:00:00Z","21",NA,NA,"Cassava","1","",NA,NA,NA,0,NA,NA,NA,NA,NA,NA,NA,NA,NA,NA,NA,NA
"83","GHA","Ghana Council for Scientific and Industrial Research",-0.510699272155762,5.72800064086914,"L06","W8ZrkDDq8B","2014-09-12T00:00:00Z","11",NA,NA,"Maize","1","",NA,NA,NA,0,NA,NA,NA,NA,NA,NA,NA,NA,NA,NA,NA,NA
"84","GHA","Ghana Council for Scientific and Industrial Research",-1.49399948120117,6.55200004577637,"L04","gRQgL3UsPb6","2014-08-24T00:00:00Z","44",NA,NA,"Palm Oil","15","",NA,NA,NA,800,2,800,1,1,600,2,2400,2,NA,NA,1,800
"85","GHA","Ghana Council for Scientific and Industrial Research",-0.510699272155762,5.72800064086914,"L06","thieXHRj9r7","2014-09-09T00:00:00Z","11",NA,NA,"Maize","","",NA,NA,NA,NA,NA,NA,NA,NA,NA,NA,NA,NA,NA,NA,NA,NA
"86","GHA","Ghana Council for Scientific and Industrial Research",-2.57799911499023,5.09250068664551,"L05","o1P6K2wcxu7","2015-05-15T00:00:00Z","56 45",NA,NA,"","","",NA,NA,NA,NA,NA,NA,NA,NA,NA,NA,NA,NA,NA,NA,NA,NA
"87","GHA","Ghana Council for Scientific and Industrial Research",-0.510699272155762,5.72800064086914,"L06","uVDhbqsgm8B","2014-09-08T00:00:00Z","21",NA,NA,"Cassava","","",NA,NA,NA,NA,NA,NA,NA,NA,NA,NA,NA,NA,NA,NA,NA,NA
"88","GHA","Ghana Council for Scientific and Industrial Research",-1.49399948120117,6.55200004577637,"L04","wbguRJt7c17","2014-09-02T00:00:00Z","76",NA,NA,"Orange","17","",NA,NA,NA,NA,NA,NA,NA,NA,NA,NA,NA,NA,NA,NA,NA,NA
"89","GHA","Ghana Council for Scientific and Industrial Research",-0.510699272155762,5.72800064086914,"L06","nYHDrtr9BkA","2014-09-07T00:00:00Z","21",NA,NA,"Cassava","16","",NA,NA,NA,0,NA,NA,NA,NA,NA,NA,NA,NA,NA,NA,NA,NA
"90","GHA","Ghana Council for Scientific and Industrial Research",-0.510699272155762,5.72800064086914,"L06","CTRQQXCQTVB","2014-09-13T00:00:00Z","21",NA,NA,"Cassava","other","Cassava dough",NA,NA,NA,360,1,360,NA,NA,NA,NA,NA,NA,NA,NA,1,360
"91","GHA","Ghana Council for Scientific and Industrial Research",-1.49399948120117,6.55200004577637,"L04","gRQgL3UsPb6","2014-08-24T00:00:00Z","76",NA,NA,"Orange","","",NA,NA,NA,NA,NA,NA,NA,NA,NA,NA,NA,NA,NA,NA,NA,NA
"92","GHA","Ghana Council for Scientific and Industrial Research",-1.49399948120117,6.55200004577637,"L04","eze6AQDVxQ4","2014-08-27T00:00:00Z","56",NA,NA,"Cocoa","other","Did not process cocoa",NA,NA,NA,NA,NA,NA,NA,NA,NA,NA,NA,NA,NA,NA,NA,NA
"93","GHA","Ghana Council for Scientific and Industrial Research",-2.57799911499023,5.09250068664551,"L05","9avkr7kTx68","2015-03-14T00:00:00Z","45",NA,NA,"Coconut","","",NA,NA,NA,NA,NA,NA,NA,NA,NA,NA,NA,NA,NA,NA,NA,NA
"94","GHA","Ghana Council for Scientific and Industrial Research",-0.510699272155762,5.72800064086914,"L06","LeYiNjAjKi2","2014-09-07T00:00:00Z","21",NA,NA,"Cassava","other","Starch",NA,NA,NA,50,1,0,1,2,NA,NA,NA,NA,NA,NA,NA,NA
"95","GHA","Ghana Council for Scientific and Industrial Research",-2.57799911499023,5.09250068664551,"L05","o1P6K2wcxu7","2015-05-15T00:00:00Z","45",NA,NA,"Coconut","other","Coconut oil",NA,NA,NA,240,2,120,1,1,240,2,880,2,NA,NA,2,NA
"96","GHA","Ghana Council for Scientific and Industrial Research",-2.57799911499023,5.09250068664551,"L05","4DD1mGbS2b6","2015-05-15T00:00:00Z","45",NA,NA,"Coconut","","",NA,NA,NA,NA,NA,NA,NA,NA,NA,NA,NA,NA,NA,NA,NA,NA
"97","GHA","Ghana Council for Scientific and Industrial Research",-0.510699272155762,5.72800064086914,"L06","Jsv9PkxATh9","2014-09-10T00:00:00Z","11",NA,NA,"Maize","","",NA,NA,NA,NA,NA,NA,NA,NA,NA,NA,NA,NA,NA,NA,NA,NA
"98","RWA","Wildlife Conservation Society",29.7928701957997,-1.97725720942347,"L06","ACtMM9ksKX9","2016-10-05T00:00:00Z","Soyabeans","true","","47","1",NA,NA,NA,NA,10,1,NA,NA,2,NA,NA,NA,2,NA,NA,1,250
"99","RWA","Wildlife Conservation Society",30.0187746264512,-2.28718495548197,"L07","mE3oDzqBqu4","2016-08-11T00:00:00Z","Maize","true","","11","1",NA,NA,NA,NA,20,1,0,1,2,NA,NA,NA,2,NA,NA,1,1000
"100","RWA","Wildlife Conservation Society",29.55086017135,-1.48050348714566,"L02","LZ29vrnear2","2016-04-23T00:00:00Z","Maize","true","","11","1",NA,NA,NA,NA,40,1,0,NA,2,NA,NA,NA,1,3,1,1,2000
"101","RWA","Wildlife Conservation Society",30.0187746264512,-2.28718495548197,"L07","zywmeprmCJ6","2016-08-24T00:00:00Z","Maize","true","","11","1",NA,NA,NA,NA,10,1,0,1,2,NA,NA,NA,1,3,1,1,400
"102","RWA","Wildlife Conservation Society",30.0187746264512,-2.28718495548197,"L07","TYoYR9fk5v3","2016-08-17T00:00:00Z","Maize","true","","11","1",NA,NA,NA,NA,15,1,0,1,2,NA,NA,NA,2,NA,NA,1,600
"103","RWA","Wildlife Conservation Society",30.678255588268,-1.93426664412886,"L03","1m6QKguDbp4","2016-07-14T00:00:00Z","Cassava","true","","21","1",NA,NA,NA,NA,400,1,0,NA,2,NA,NA,NA,1,10,1,1,8000
"104","RWA","Wildlife Conservation Society",29.7928701957997,-1.97725720942347,"L06","AvkkCXoYrg8","2016-10-16T00:00:00Z","Banana Beer","true","","71b",NA,NA,NA,NA,NA,100,1,NA,NA,1,80,1,20000,2,NA,NA,1,3000
"105","RWA","Wildlife Conservation Society",30.0187746264512,-2.28718495548197,"L07","NqznyHy6N16","2016-08-10T00:00:00Z","Maize","true","","11","1",NA,NA,NA,NA,20,1,0,1,2,NA,NA,NA,2,NA,NA,1,1000
"106","RWA","Wildlife Conservation Society",30.678255588268,-1.93426664412886,"L03","x7bE3Pdy8h5","2016-07-23T00:00:00Z","Maize","true","","11","1",NA,NA,NA,NA,100,1,NA,NA,2,NA,NA,NA,1,15,1,1,5000
"107","RWA","Wildlife Conservation Society",29.7928701957997,-1.97725720942347,"L06","to8Gc5JzaT7","2015-10-08T00:00:00Z","Banana Food","true","","71a",NA,NA,NA,NA,NA,40,2,390,1,1,40,2,14000,2,NA,NA,2,NA
"108","RWA","Wildlife Conservation Society",29.7928701957997,-1.97725720942347,"L06","AvkkCXoYrg8","2016-10-16T00:00:00Z","Cassava","true","","21","1",NA,NA,NA,NA,200,1,NA,NA,1,20,1,8000,2,NA,NA,1,2500
"109","RWA","Wildlife Conservation Society",29.7928701957997,-1.97725720942347,"L06","pYrS9Lnoio5","2015-10-06T00:00:00Z","Banana Beer","true","","71b",NA,NA,NA,NA,NA,160,2,NA,NA,1,80,2,12000,2,NA,NA,2,NA
"110","RWA","Wildlife Conservation Society",29.7928701957997,-1.97725720942347,"L06","jQRmJu3n453","2015-10-02T00:00:00Z","Banana Food","true","","71a",NA,NA,NA,NA,NA,240,2,NA,NA,1,240,2,9000,2,NA,NA,2,NA
"111","RWA","Wildlife Conservation Society",29.55086017135,-1.48050348714566,"L02","DEfS8gcomk3","2016-02-29T00:00:00Z","Maize","true","","11","1",NA,NA,NA,NA,30,1,NA,NA,2,NA,NA,NA,2,NA,NA,1,1200
"112","RWA","Wildlife Conservation Society",29.55086017135,-1.48050348714566,"L02","WuExMq5R6A9","2016-05-19T00:00:00Z","Wheat","true","","16","1",NA,NA,NA,NA,5,1,NA,NA,2,NA,NA,NA,2,NA,NA,1,125
"113","RWA","Wildlife Conservation Society",29.55086017135,-1.48050348714566,"L02","4aupp5Gqjv6","2016-03-05T00:00:00Z","Maize","true","","11","1",NA,NA,NA,NA,150,1,0,NA,2,NA,NA,NA,1,20,1,1,9000
"114","RWA","Wildlife Conservation Society",29.3847853801739,-1.80927231441535,"L04","nUikVE2njA5","2016-02-17T00:00:00Z","Maize","true","","11","1",NA,NA,NA,NA,15,1,NA,NA,2,NA,NA,NA,2,NA,NA,1,450
"115","RWA","Wildlife Conservation Society",29.3847853801739,-1.80927231441535,"L04","6vh1fcZWV2A","2016-02-03T00:00:00Z","Maize","true","","11","1",NA,NA,NA,NA,20,1,NA,1,2,NA,NA,NA,2,NA,NA,1,1000
"116","RWA","Wildlife Conservation Society",30.678255588268,-1.93426664412886,"L03","kwtgXoW7Ei8","2016-07-20T00:00:00Z","Banana Beer","true","","71b",NA,NA,NA,NA,NA,20,2,NA,NA,2,NA,NA,NA,1,5,2,2,NA
"117","RWA","Wildlife Conservation Society",29.55086017135,-1.48050348714566,"L02","AoyYjSvsgJA","2016-03-01T00:00:00Z","Sorghum","true","","13","1",NA,NA,NA,NA,8,1,NA,NA,2,NA,NA,NA,2,NA,NA,1,160
"118","RWA","Wildlife Conservation Society",30.678255588268,-1.93426664412886,"L03","5s4t5icCN2","2016-07-16T00:00:00Z","Cassava","true","","21","1",NA,NA,NA,NA,50,1,NA,NA,2,NA,NA,NA,1,10,1,1,750
"119","RWA","Wildlife Conservation Society",30.0187746264512,-2.28718495548197,"L07","EhXFcHgzLr8","2016-08-23T00:00:00Z","Maize","true","","11","1",NA,NA,NA,NA,50,1,0,1,2,NA,NA,NA,1,10,1,1,2000
"120","RWA","Wildlife Conservation Society",29.55086017135,-1.48050348714566,"L02","y5bMEWTbk12","2016-05-21T00:00:00Z","Maize","true","","11","1",NA,NA,NA,NA,20,1,NA,NA,2,NA,NA,NA,2,NA,NA,1,600
"121","RWA","Wildlife Conservation Society",30.678255588268,-1.93426664412886,"L03","DRwp2xk3gPB","2016-07-22T00:00:00Z","Soyabeans","true","","47","1",NA,NA,NA,NA,20,1,NA,NA,2,NA,NA,NA,2,NA,NA,1,1000
"122","RWA","Wildlife Conservation Society",30.0187746264512,-2.28718495548197,"L07","8QSNRiJbU45","2016-08-10T00:00:00Z","Sorghum","true","","13","1",NA,NA,NA,NA,10,1,0,1,2,NA,NA,NA,1,2,1,1,500
"123","RWA","Wildlife Conservation Society",30.678255588268,-1.93426664412886,"L03","EXzXQD4FSm3","2016-07-27T00:00:00Z","Sorghum","true","","13","1",NA,NA,NA,NA,2,1,NA,NA,2,NA,NA,NA,2,NA,NA,1,20
"124","RWA","Wildlife Conservation Society",30.0187746264512,-2.28718495548197,"L07","3aT11RTk4H8","2016-08-20T00:00:00Z","Groundnut","true","","43","1",NA,NA,NA,NA,10,1,0,1,2,NA,NA,NA,2,NA,NA,1,500
"125","RWA","Wildlife Conservation Society",30.0187746264512,-2.28718495548197,"L07","8LgQmjxaed7","2016-08-20T00:00:00Z","Maize","true","","11","1",NA,NA,NA,NA,10,1,0,1,2,NA,NA,NA,2,NA,NA,1,500
"126","RWA","Wildlife Conservation Society",30.0187746264512,-2.28718495548197,"L07","tuxCwfbZQN9","2016-08-16T00:00:00Z","Maize","true","","11","1",NA,NA,NA,NA,50,1,0,1,2,NA,NA,NA,2,NA,NA,1,2500
"127","RWA","Wildlife Conservation Society",30.0187746264512,-2.28718495548197,"L07","Kg7uwpdD4P5","2016-08-13T00:00:00Z","Maize","true","","11","1",NA,NA,NA,NA,50,1,0,1,2,NA,NA,NA,2,NA,NA,1,2500
"128","RWA","Wildlife Conservation Society",29.4347584689003,-2.57578970240643,"L01","e2RyT8u9Vs5","2015-12-03T00:00:00Z","Maize","true","","11","1",NA,NA,NA,NA,10,1,NA,NA,2,NA,NA,NA,2,NA,NA,1,500
"129","RWA","Wildlife Conservation Society",29.55086017135,-1.48050348714566,"L02","TSZ8yp6UEy4","2016-04-19T00:00:00Z","Maize","true","","11","1",NA,NA,NA,NA,15,1,NA,NA,2,NA,NA,NA,2,NA,NA,1,450
"130","RWA","Wildlife Conservation Society",30.678255588268,-1.93426664412886,"L03","J2FX8wXV8S9","2016-07-26T00:00:00Z","Maize","true","","11","1",NA,NA,NA,NA,30,1,NA,NA,2,NA,NA,NA,1,2,1,1,1500
"131","RWA","Wildlife Conservation Society",29.4347584689003,-2.57578970240643,"L01","KeSq3y3A1h4","2016-01-13T00:00:00Z","Wheat","true","","16","1",NA,NA,NA,NA,4,1,NA,NA,2,NA,NA,NA,2,NA,NA,2,NA
"132","RWA","Wildlife Conservation Society",30.678255588268,-1.93426664412886,"L03","rQmTKtJ2h92","2016-07-23T00:00:00Z","Maize","true","","11","1",NA,NA,NA,NA,20,1,NA,NA,2,NA,NA,NA,2,NA,NA,1,1200
"133","RWA","Wildlife Conservation Society",30.678255588268,-1.93426664412886,"L03","fL32p1TYNb8","2016-07-20T00:00:00Z","Maize","true","","11","1",NA,NA,NA,NA,30,1,NA,NA,2,NA,NA,NA,1,2,1,1,1500
"134","RWA","Wildlife Conservation Society",29.4347584689003,-2.57578970240643,"L01","Ag8CWapFXT9","2015-12-05T00:00:00Z","Wheat","true","","16","1",NA,NA,NA,NA,20,1,NA,NA,2,NA,NA,NA,NA,NA,NA,NA,NA
"135","RWA","Wildlife Conservation Society",29.55086017135,-1.48050348714566,"L02","nkB43h7a3u6","2016-04-22T00:00:00Z","Maize","true","","11","1",NA,NA,NA,NA,400,1,NA,NA,2,NA,NA,NA,1,10,1,1,20000
"136","RWA","Wildlife Conservation Society",29.55086017135,-1.48050348714566,"L02","U4AbXpgwpoA","2016-04-25T00:00:00Z","Maize","true","","11","1",NA,NA,NA,NA,10,1,NA,NA,2,NA,NA,NA,2,NA,NA,1,300
"137","RWA","Wildlife Conservation Society",29.55086017135,-1.48050348714566,"L02","iGeYWScB9G8","2016-04-26T00:00:00Z","Maize","true","","11","1",NA,NA,NA,NA,50,1,NA,NA,2,NA,NA,NA,2,NA,NA,1,1000
"138","RWA","Wildlife Conservation Society",30.0187746264512,-2.28718495548197,"L07","yyXhtLq72C2","2016-08-18T00:00:00Z","Maize","true","","11","1",NA,NA,NA,NA,30,1,0,1,2,NA,NA,NA,2,NA,NA,1,900
"139","RWA","Wildlife Conservation Society",29.55086017135,-1.48050348714566,"L02","fHLhUbHi259","2016-04-27T00:00:00Z","Maize","true","","11","1",NA,NA,NA,NA,15,1,NA,NA,2,NA,NA,NA,1,2,1,1,750
"140","RWA","Wildlife Conservation Society",29.3847853801739,-1.80927231441535,"L04","JM2DWViH8L8","2016-01-29T00:00:00Z","Maize","true","","11","1",NA,NA,NA,NA,10,1,0,NA,2,NA,NA,NA,1,1,1,1,400
"141","RWA","Wildlife Conservation Society",29.4347584689003,-2.57578970240643,"L01","CxdDadFVXS7","2016-10-21T00:00:00Z","Wheat","true","","16","1",NA,NA,NA,NA,20,1,NA,NA,2,NA,NA,NA,2,NA,NA,2,NA
"142","RWA","Wildlife Conservation Society",30.678255588268,-1.93426664412886,"L03","rP7DxqhNrW3","2016-07-19T00:00:00Z","Maize","true","","11","1",NA,NA,NA,NA,100,1,NA,NA,2,NA,NA,NA,1,40,1,1,5000
"143","RWA","Wildlife Conservation Society",30.0187746264512,-2.28718495548197,"L07","nkZFomM6JN2","2016-08-11T00:00:00Z","Maize","true","","11","1",NA,NA,NA,NA,6,1,0,1,2,NA,NA,NA,1,1,1,1,300
"144","RWA","Wildlife Conservation Society",30.0187746264512,-2.28718495548197,"L07","Wj18gYU55E5","2016-08-12T00:00:00Z","Maize","true","","11","1",NA,NA,NA,NA,2,1,0,1,2,NA,NA,NA,2,NA,NA,1,100
"145","RWA","Wildlife Conservation Society",30.0187746264512,-2.28718495548197,"L07","mE3oDzqBqu4","2016-08-11T00:00:00Z","Banana Beer","true","","71b",NA,NA,NA,NA,NA,40,2,0,1,1,35,2,7000,1,5,2,2,NA
"146","RWA","Wildlife Conservation Society",29.4347584689003,-2.57578970240643,"L01","cZWWUyRwuTA","2016-01-16T00:00:00Z","Wheat","true","","16","1",NA,NA,NA,NA,145,1,0,1,2,NA,NA,NA,2,NA,NA,1,7250
"147","RWA","Wildlife Conservation Society",29.7928701957997,-1.97725720942347,"L06","NpVRwZSF9A9","2016-05-16T00:00:00Z","Banana Beer","true","","71b",NA,NA,NA,NA,NA,200,2,NA,NA,NA,NA,NA,NA,2,NA,NA,2,NA
"148","RWA","Wildlife Conservation Society",30.0187746264512,-2.28718495548197,"L07","5FTsNB6cw66","2016-08-25T00:00:00Z","Maize","true","","11","1",NA,NA,NA,NA,10,1,0,1,2,NA,NA,NA,2,NA,NA,1,400
"149","RWA","Wildlife Conservation Society",29.3847853801739,-1.80927231441535,"L04","bdXeZG9z586","2016-02-13T00:00:00Z","Maize","true","","11","1",NA,NA,NA,NA,20,1,NA,NA,2,NA,NA,NA,2,NA,NA,1,1200
"150","RWA","Wildlife Conservation Society",30.0187746264512,-2.28718495548197,"L07","MScBRdzkSi4","2016-08-17T00:00:00Z","Maize","true","","11","1",NA,NA,NA,NA,10,1,0,1,2,NA,NA,NA,2,NA,NA,1,500
"151","RWA","Wildlife Conservation Society",29.3847853801739,-1.80927231441535,"L04","YDokUMGBos2","2016-02-05T00:00:00Z","Maize","true","","11","1",NA,NA,NA,NA,15,1,NA,NA,2,NA,NA,NA,1,5,1,1,750
"152","RWA","Wildlife Conservation Society",29.7928701957997,-1.97725720942347,"L06","XZQvXo5qT34","2015-10-10T00:00:00Z","Banana Beer","true","","71b",NA,NA,NA,NA,NA,2000,3,NA,NA,1,2000,3,3000,2,NA,NA,2,NA
"153","RWA","Wildlife Conservation Society",30.678255588268,-1.93426664412886,"L03","29hZgxCQpf4","2016-07-12T00:00:00Z","Banana Beer","true","","71b",NA,NA,NA,NA,NA,80,2,NA,NA,1,80,2,16000,2,NA,NA,1,1000
"154","RWA","Wildlife Conservation Society",29.55086017135,-1.48050348714566,"L02","t8pSXYMtCP","2016-03-01T00:00:00Z","Maize","true","","11","1",NA,NA,NA,NA,20,1,NA,NA,2,NA,NA,NA,2,NA,NA,1,800
"155","RWA","Wildlife Conservation Society",29.4347584689003,-2.57578970240643,"L01","bW7iZTf8uW7","2016-11-30T00:00:00Z","Maize","true","","11","1",NA,NA,NA,NA,45,1,NA,NA,2,NA,NA,NA,NA,NA,NA,NA,NA
"156","RWA","Wildlife Conservation Society",29.7928701957997,-1.97725720942347,"L06","yaHQ7ni6ar4","2016-10-13T00:00:00Z","Cassava","true","","21","1",NA,NA,NA,NA,300,1,200,1,2,NA,NA,NA,2,NA,NA,1,1500
"157","RWA","Wildlife Conservation Society",30.678255588268,-1.93426664412886,"L03","B8yvkFk2DJ5","2016-07-21T00:00:00Z","Maize","true","","11","1",NA,NA,NA,NA,250,1,NA,NA,2,NA,NA,NA,2,NA,NA,1,12500
"158","RWA","Wildlife Conservation Society",29.7928701957997,-1.97725720942347,"L06","e3YsHqYkYK6","2015-10-08T00:00:00Z","Banana Beer","true","","71b",NA,NA,NA,NA,NA,450,2,NA,NA,1,360,2,27000,1,90,2,2,NA
"159","RWA","Wildlife Conservation Society",30.0187746264512,-2.28718495548197,"L07","WVpeXYVGNq8","2016-08-15T00:00:00Z","Maize","true","","11","1",NA,NA,NA,NA,6,1,0,1,2,NA,NA,NA,2,NA,NA,1,300
"160","RWA","Wildlife Conservation Society",29.55086017135,-1.48050348714566,"L02","AoyYjSvsgJA","2016-03-01T00:00:00Z","Maize","true","","11","1",NA,NA,NA,NA,8,1,NA,NA,2,NA,NA,NA,2,NA,NA,1,240
"161","RWA","Wildlife Conservation Society",30.678255588268,-1.93426664412886,"L03","1aHi48GS6A5","2016-07-01T00:00:00Z","Maize","true","","11","1",NA,NA,NA,NA,5,1,NA,NA,2,NA,NA,NA,1,3,1,1,250
"162","RWA","Wildlife Conservation Society",29.4347584689003,-2.57578970240643,"L01","MsBreaQuEcA","2016-01-15T00:00:00Z","Maize","true","","11","1",NA,NA,NA,NA,10,1,0,NA,2,NA,NA,NA,2,NA,NA,1,600
"163","RWA","Wildlife Conservation Society",29.7928701957997,-1.97725720942347,"L06","PGN47oqwcT6","2016-10-10T00:00:00Z","Maize","true","","11","1",NA,NA,NA,NA,80,1,NA,NA,2,NA,NA,NA,2,NA,NA,1,2500
"164","RWA","Wildlife Conservation Society",30.678255588268,-1.93426664412886,"L03","Vh74sMy7UM8","2016-07-18T00:00:00Z","Maize","true","","11","1",NA,NA,NA,NA,10,1,NA,NA,2,NA,NA,NA,2,NA,NA,1,500
"165","RWA","Wildlife Conservation Society",29.7928701957997,-1.97725720942347,"L06","nny1kAHD1A6","2015-10-08T00:00:00Z","Banana Beer","true","","71b",NA,NA,NA,NA,NA,1440,2,NA,NA,1,1440,2,216000,2,NA,NA,1,36000
"166","RWA","Wildlife Conservation Society",29.7928701957997,-1.97725720942347,"L06","YVG8nKF7bC4","2015-12-05T00:00:00Z","Banana Beer","true","","71b",NA,NA,NA,NA,NA,80,2,NA,NA,1,80,2,8000,2,NA,NA,2,NA
"167","RWA","Wildlife Conservation Society",29.55086017135,-1.48050348714566,"L02","VDYfVRu3Q44","2016-05-18T00:00:00Z","Wheat","true","","16","1",NA,NA,NA,NA,5,1,NA,NA,2,NA,NA,NA,1,2,1,1,185
"168","RWA","Wildlife Conservation Society",30.678255588268,-1.93426664412886,"L03","5s4t5icCN2","2016-07-16T00:00:00Z","Sorghum","true","","13","1",NA,NA,NA,NA,20,1,NA,NA,2,NA,NA,NA,2,NA,NA,1,400
"169","RWA","Wildlife Conservation Society",29.7928701957997,-1.97725720942347,"L06","5DkfDPaXxW6","2015-11-13T00:00:00Z","Banana Beer","true","","71b",NA,NA,NA,NA,NA,80,2,NA,NA,2,NA,NA,NA,2,NA,NA,1,2000
"170","RWA","Wildlife Conservation Society",30.678255588268,-1.93426664412886,"L03","Tt5k1X1aefA","2016-07-15T00:00:00Z","Cassava","true","","21","1",NA,NA,NA,NA,80,1,NA,NA,2,NA,NA,NA,1,10,1,1,1600
"171","RWA","Wildlife Conservation Society",29.3847853801739,-1.80927231441535,"L04","xRKbT2uWYL4","2016-02-04T00:00:00Z","Maize","true","","11","1",NA,NA,NA,NA,100,1,NA,NA,2,NA,NA,NA,1,10,1,1,50000
"172","RWA","Wildlife Conservation Society",30.0187746264512,-2.28718495548197,"L07","mE3oDzqBqu4","2016-08-11T00:00:00Z","Sorghum","true","","13","1",NA,NA,NA,NA,3,1,0,1,2,NA,NA,NA,2,NA,NA,1,100
"173","RWA","Wildlife Conservation Society",29.7928701957997,-1.97725720942347,"L06","vdieyWj8obA","2015-11-07T00:00:00Z","Banana Beer","true","","71b",NA,NA,NA,NA,NA,80,2,NA,NA,1,40,2,4000,1,40,2,2,NA
"174","RWA","Wildlife Conservation Society",29.3847853801739,-1.80927231441535,"L04","GJymWVjaQVB","2016-02-03T00:00:00Z","Maize","true","","11","1",NA,NA,NA,NA,30,1,0,NA,2,NA,NA,NA,2,NA,NA,1,1500
"175","RWA","Wildlife Conservation Society",29.7928701957997,-1.97725720942347,"L06","H4YdiXt5cz3","2015-11-05T00:00:00Z","Banana Beer","true","","71b",NA,NA,NA,NA,NA,240,2,NA,NA,1,240,2,36000,2,NA,NA,2,NA
"176","RWA","Wildlife Conservation Society",30.678255588268,-1.93426664412886,"L03","kwtgXoW7Ei8","2016-07-20T00:00:00Z","Maize","true","","11","1",NA,NA,NA,NA,10,1,NA,NA,2,NA,NA,NA,1,4,1,1,500
"177","RWA","Wildlife Conservation Society",29.7928701957997,-1.97725720942347,"L06","BrVjLcZwqr3","2015-10-12T00:00:00Z","Banana Beer","true","","71b","1",NA,NA,NA,NA,200,2,NA,NA,1,200,2,50000,2,NA,NA,2,NA
"178","RWA","Wildlife Conservation Society",30.678255588268,-1.93426664412886,"L03","ydvLLQUM1wA","2016-07-19T00:00:00Z","Sorghum","true","","13","1",NA,NA,NA,NA,100,1,NA,NA,2,NA,NA,NA,2,NA,NA,1,3000
"179","RWA","Wildlife Conservation Society",30.678255588268,-1.93426664412886,"L03","DRwp2xk3gPB","2016-07-22T00:00:00Z","Maize","true","","11","1",NA,NA,NA,NA,100,1,NA,NA,2,NA,NA,NA,2,NA,NA,1,5000
"180","RWA","Wildlife Conservation Society",29.55086017135,-1.48050348714566,"L02","FtidgPbhow5","2016-04-20T00:00:00Z","Maize","true","","11","1",NA,NA,NA,NA,20,1,0,NA,2,NA,NA,NA,1,10,1,1,1000
"181","RWA","Wildlife Conservation Society",30.0187746264512,-2.28718495548197,"L07","9s7aPD8ZRh7","2016-08-19T00:00:00Z","Sorghum","true","true","13","1",NA,NA,NA,NA,100,1,0,1,2,NA,NA,NA,1,0,1,1,2000
"182","RWA","Wildlife Conservation Society",29.7928701957997,-1.97725720942347,"L06","QLDaeeq1A6A","2015-11-06T00:00:00Z","Banana Beer","true","","71b",NA,NA,NA,NA,NA,40,2,NA,NA,1,40,2,7000,2,NA,NA,2,NA
"183","RWA","Wildlife Conservation Society",29.4347584689003,-2.57578970240643,"L01","aDnodjimek6","2016-12-09T00:00:00Z","Maize","true","","11","1",NA,NA,NA,NA,20,1,NA,NA,2,NA,NA,NA,1,3,1,2,NA
"184","RWA","Wildlife Conservation Society",30.0187746264512,-2.28718495548197,"L07","sohyYFGAMr9","2016-08-17T00:00:00Z","Maize","true","","11","1",NA,NA,NA,NA,105,1,0,1,1,10,1,3000,1,25,1,1,4200
"185","RWA","Wildlife Conservation Society",29.4347584689003,-2.57578970240643,"L01","VM1oxfq9wgB","2015-12-14T00:00:00Z","Wheat","true","","16","1",NA,NA,NA,NA,20,1,NA,NA,2,NA,NA,NA,2,NA,NA,2,NA
"186","RWA","Wildlife Conservation Society",29.55086017135,-1.48050348714566,"L02","mhGSC5qMs53","2016-03-02T00:00:00Z","Maize","true","","11","1",NA,NA,NA,NA,100,1,NA,NA,2,NA,NA,NA,1,10,1,1,5000
"187","RWA","Wildlife Conservation Society",29.4347584689003,-2.57578970240643,"L01","yjXM15j8fo9","2016-12-10T00:00:00Z","Banana Beer","","true","71b",NA,NA,NA,NA,NA,720,2,NA,NA,1,720,2,1000,2,NA,NA,NA,NA
"188","RWA","Wildlife Conservation Society",30.0187746264512,-2.28718495548197,"L07","8rMnuSjsKfA","2016-08-23T00:00:00Z","Maize","true","","11","1",NA,NA,NA,NA,40,1,0,1,2,NA,NA,NA,2,NA,NA,1,2000
"189","RWA","Wildlife Conservation Society",29.55086017135,-1.48050348714566,"L02","voQqwNL5SR4","2016-03-03T00:00:00Z","Maize","true","","11","1",NA,NA,NA,NA,150,1,NA,NA,2,NA,NA,NA,1,50,1,1,4500
"190","RWA","Wildlife Conservation Society",29.7928701957997,-1.97725720942347,"L06","c2cooWnTEh2","2015-10-13T00:00:00Z","Cassava","true","","21","1",NA,NA,NA,NA,60,1,NA,NA,2,NA,NA,NA,1,10,1,2,NA
"191","RWA","Wildlife Conservation Society",30.678255588268,-1.93426664412886,"L03","vvZZdLufJK3","2016-07-19T00:00:00Z","Soyabeans","true","","47","1",NA,NA,NA,NA,5,1,NA,NA,2,NA,NA,NA,2,NA,NA,1,200
"192","RWA","Wildlife Conservation Society",29.4347584689003,-2.57578970240643,"L01","TWGYiMEN9K3","2016-12-02T00:00:00Z","Maize","true","","11","1",NA,NA,NA,NA,5,1,NA,NA,2,NA,NA,NA,2,NA,NA,2,NA
"193","RWA","Wildlife Conservation Society",29.4347584689003,-2.57578970240643,"L01","Ag8CWapFXT9","2015-12-05T00:00:00Z","Maize","true","","11","1",NA,NA,NA,NA,40,1,NA,NA,2,NA,NA,NA,NA,NA,NA,1,2
"194","RWA","Wildlife Conservation Society",29.55086017135,-1.48050348714566,"L02","XrphaE61Jh6","2016-03-04T00:00:00Z","Maize","true","","11","1",NA,NA,NA,NA,20,1,0,NA,2,NA,NA,NA,2,NA,NA,1,700
"195","RWA","Wildlife Conservation Society",30.678255588268,-1.93426664412886,"L03","TY6c2BvPeq8","2016-07-27T00:00:00Z","Maize","true","","11","1",NA,NA,NA,NA,10,1,NA,NA,2,NA,NA,NA,2,NA,NA,1,500
"196","RWA","Wildlife Conservation Society",29.4347584689003,-2.57578970240643,"L01","VM1oxfq9wgB","2015-12-14T00:00:00Z","Maize","true","","11","1",NA,NA,NA,NA,20,1,NA,NA,2,NA,NA,NA,2,NA,NA,2,NA
"197","RWA","Wildlife Conservation Society",30.0187746264512,-2.28718495548197,"L07","1tDK7dEA7q4","2016-08-22T00:00:00Z","Maize","true","","11","1",NA,NA,NA,NA,10,1,0,1,2,NA,NA,NA,2,NA,NA,1,500
"198","RWA","Wildlife Conservation Society",29.4347584689003,-2.57578970240643,"L01","CxdDadFVXS7","2016-10-21T00:00:00Z","Maize","true","","11","1",NA,NA,NA,NA,25,1,NA,NA,2,NA,NA,NA,2,NA,NA,2,NA
"199","RWA","Wildlife Conservation Society",29.3847853801739,-1.80927231441535,"L04","cuVuG6WmhC5","2016-02-11T00:00:00Z","Maize","true","","11","1",NA,NA,NA,NA,40,1,NA,NA,2,NA,NA,NA,2,NA,NA,1,2000
"200","RWA","Wildlife Conservation Society",29.3847853801739,-1.80927231441535,"L04","AVbrhtAbDP5","2016-02-16T00:00:00Z","Maize","true","","11","1",NA,NA,NA,NA,50,1,NA,NA,2,NA,NA,NA,1,20,1,1,1500
"201","RWA","Wildlife Conservation Society",30.678255588268,-1.93426664412886,"L03","V6SdSqrYbJ7","2016-07-29T00:00:00Z","Maize","true","","11","1",NA,NA,NA,NA,8,1,NA,NA,2,NA,NA,NA,2,NA,NA,1,400
"202","RWA","Wildlife Conservation Society",29.55086017135,-1.48050348714566,"L02","iGeYWScB9G8","2016-04-26T00:00:00Z","Sorghum","true","","13","1",NA,NA,NA,NA,70,1,NA,NA,2,NA,NA,NA,2,NA,NA,1,1050
"203","RWA","Wildlife Conservation Society",30.0187746264512,-2.28718495548197,"L07","9s7aPD8ZRh7","2016-08-19T00:00:00Z","Sorghum","true","true","13",NA,NA,NA,NA,NA,200,2,0,1,2,NA,NA,NA,1,80,2,2,NA
"204","RWA","Wildlife Conservation Society",30.678255588268,-1.93426664412886,"L03","YfvDPbb5H85","2016-07-28T00:00:00Z","Sorghum","true","","13","1",NA,NA,NA,NA,5,1,NA,NA,2,NA,NA,NA,2,NA,NA,1,100
"205","RWA","Wildlife Conservation Society",30.678255588268,-1.93426664412886,"L03","DybB4C7m1V6","2016-07-22T00:00:00Z","Maize","true","","11","1",NA,NA,NA,NA,10,1,NA,NA,2,NA,NA,NA,2,NA,NA,1,500
"206","RWA","Wildlife Conservation Society",29.4347584689003,-2.57578970240643,"L01","XXFzjtd2A8","2016-10-15T00:00:00Z","Maize","true","","11","1",NA,NA,NA,NA,15,1,NA,NA,1,10,1,2000,2,NA,NA,1,600
"207","RWA","Wildlife Conservation Society",30.0187746264512,-2.28718495548197,"L07","9s7aPD8ZRh7","2016-08-19T00:00:00Z","Maize","true","","11","1",NA,NA,NA,NA,20,1,0,1,2,NA,NA,NA,1,4,1,1,800
"208","RWA","Wildlife Conservation Society",29.4347584689003,-2.57578970240643,"L01","TWGYiMEN9K3","2016-12-02T00:00:00Z","Field peas","true","","37","1",NA,NA,NA,NA,2,1,NA,NA,2,NA,NA,NA,2,NA,NA,2,NA
"209","RWA","Wildlife Conservation Society",29.4347584689003,-2.57578970240643,"L01","KeSq3y3A1h4","2016-01-13T00:00:00Z","Maize","true","","11","1",NA,NA,NA,NA,8,1,NA,NA,2,NA,NA,NA,2,NA,NA,2,NA
"210","RWA","Wildlife Conservation Society",30.678255588268,-1.93426664412886,"L03","tmtcp1ke5eB","2016-07-16T00:00:00Z","Cassava","true","","21","1",NA,NA,NA,NA,50,1,NA,NA,2,NA,NA,NA,1,5,1,1,1000
"211","RWA","Wildlife Conservation Society",29.7928701957997,-1.97725720942347,"L06","PGN47oqwcT6","2015-10-10T00:00:00Z","Banana Beer","true","","71b",NA,NA,NA,NA,NA,12,2,100,2,1,100,2,25000,2,NA,NA,1,1500
"212","RWA","Wildlife Conservation Society",29.4347584689003,-2.57578970240643,"L01","wy7axJB9t4A","2016-01-14T00:00:00Z","Maize","true","","11","1",NA,NA,NA,NA,15,1,NA,1,2,NA,NA,NA,1,2,1,2,NA
"213","RWA","Wildlife Conservation Society",30.0187746264512,-2.28718495548197,"L07","tU6yMt3dHA3","2016-08-09T00:00:00Z","Maize","true","","11","1",NA,NA,NA,NA,50,1,0,1,2,NA,NA,NA,2,NA,NA,1,2500
"214","RWA","Wildlife Conservation Society",30.678255588268,-1.93426664412886,"L03","ydvLLQUM1wA","2016-07-19T00:00:00Z","Maize","true","","11","1",NA,NA,NA,NA,100,1,NA,NA,2,NA,NA,NA,2,NA,NA,1,5000
"215","RWA","Wildlife Conservation Society",29.55086017135,-1.48050348714566,"L02","MxhdeDaZTa9","2016-04-29T00:00:00Z","Maize","true","","11","1",NA,NA,NA,NA,100,1,NA,NA,2,NA,NA,NA,1,60,1,1,3000
"216","RWA","Wildlife Conservation Society",29.55086017135,-1.48050348714566,"L02","xAHNqyKKrL4","2016-05-24T00:00:00Z","Maize","true","","11","1",NA,NA,NA,NA,20,1,NA,NA,2,NA,NA,NA,2,NA,NA,1,600
"217","RWA","Wildlife Conservation Society",30.0187746264512,-2.28718495548197,"L07","tU6yMt3dHA3","2016-08-09T00:00:00Z","Sorghum","true","","13","1",NA,NA,NA,NA,100,1,0,1,2,NA,NA,NA,2,NA,NA,1,2500
"218","RWA","Wildlife Conservation Society",29.4347584689003,-2.57578970240643,"L01","eVbuv11Jya9","2015-11-20T00:00:00Z","Maize","true","","11","1",NA,NA,NA,NA,20,1,0,1,2,NA,NA,NA,2,NA,NA,1,2000
"219","RWA","Wildlife Conservation Society",29.7928701957997,-1.97725720942347,"L06","JYjBoTCdte4","2015-10-14T00:00:00Z","Banana Beer","true","","71b",NA,NA,NA,NA,NA,60,2,NA,NA,2,NA,NA,NA,1,20,2,2,NA
"220","RWA","Wildlife Conservation Society",29.7928701957997,-1.97725720942347,"L06","5DkfDPaXxW6","2015-11-13T00:00:00Z","Soyabeans","true","","47","1",NA,NA,NA,NA,5,1,NA,NA,2,NA,NA,NA,2,NA,NA,1,100
"221","RWA","Wildlife Conservation Society",30.0187746264512,-2.28718495548197,"L07","ob6Go1epkY4","2016-08-22T00:00:00Z","Maize","true","","11","1",NA,NA,NA,NA,12,1,0,1,2,NA,NA,NA,2,NA,NA,1,480
"222","RWA","Wildlife Conservation Society",29.3847853801739,-1.80927231441535,"L04","jHTSofjuPJ7","2016-01-18T00:00:00Z","Maize","true","","11","1",NA,NA,NA,NA,20,1,NA,NA,2,NA,NA,NA,2,NA,NA,1,1000
"223","RWA","Wildlife Conservation Society",29.3847853801739,-1.80927231441535,"L04","tzDJcn6PLMB","2016-01-30T00:00:00Z","Maize","true","","11","1",NA,NA,NA,NA,20,1,NA,NA,2,NA,NA,NA,1,1,1,1,1200
"224","RWA","Wildlife Conservation Society",30.678255588268,-1.93426664412886,"L03","29hZgxCQpf4","2016-07-12T00:00:00Z","Sorghum","true","","13","1",NA,NA,NA,NA,20,1,NA,NA,2,NA,NA,NA,2,NA,NA,1,400
"225","RWA","Wildlife Conservation Society",30.678255588268,-1.93426664412886,"L03","SS7UVs5jxa4","2016-07-28T00:00:00Z","Cassava","true","","21","1",NA,NA,NA,NA,384,1,NA,NA,2,NA,NA,NA,2,NA,NA,1,7680
"226","RWA","Wildlife Conservation Society",30.678255588268,-1.93426664412886,"L03","bsDhjVrvZ8B","2016-07-12T00:00:00Z","Sorghum","true","","13","1",NA,NA,NA,NA,5,1,NA,NA,2,NA,NA,NA,2,NA,NA,1,100
"227","RWA","Wildlife Conservation Society",30.0187746264512,-2.28718495548197,"L07","C56aeDFWPa7","2016-08-18T00:00:00Z","Maize","true","","11","1",NA,NA,NA,NA,50,1,0,1,2,NA,NA,NA,2,NA,NA,1,2000
"228","RWA","Wildlife Conservation Society",30.678255588268,-1.93426664412886,"L03","eSXVTUZDKD3","2016-07-21T00:00:00Z","Maize","true","","11","1",NA,NA,NA,NA,10,1,NA,NA,2,NA,NA,NA,2,NA,NA,1,500
"229","RWA","Wildlife Conservation Society",30.678255588268,-1.93426664412886,"L03","2tfKupRSSR9","2016-07-14T00:00:00Z","Cassava","true","","21","1",NA,NA,NA,NA,500,1,NA,NA,2,NA,NA,NA,1,10,1,1,10000
"230","RWA","Wildlife Conservation Society",30.678255588268,-1.93426664412886,"L03","UVBzkFMeZz9","2016-07-25T00:00:00Z","Maize","true","","11","1",NA,NA,NA,NA,7,1,NA,NA,2,NA,NA,NA,1,1,1,1,350
"231","RWA","Wildlife Conservation Society",30.0187746264512,-2.28718495548197,"L07","CnrK9APvaT4","2016-08-15T00:00:00Z","Maize","true","","11","1",NA,NA,NA,NA,30,1,0,1,2,NA,NA,NA,1,3,1,1,1500
"232","RWA","Wildlife Conservation Society",30.0187746264512,-2.28718495548197,"L07","TYoYR9fk5v3","2016-08-17T00:00:00Z","Cassava","true","","21","1",NA,NA,NA,NA,20,1,0,1,2,NA,NA,NA,2,NA,NA,1,500
"233","UGA","Africa Innovations Institude",33.2567780274687,2.45257755461486,"L07","mjcdtjVVCA6","2016-02-06T00:00:00Z","Maize","true","","11","1",NA,NA,NA,NA,50,1,50,1,2,NA,NA,NA,2,NA,NA,1,5000
"234","UGA","Africa Innovations Institude",32.1222569707067,0.203686999334623,"L03","4mjZfGs3Aw","2015-09-08T00:00:00Z","Maize","true","","11","1",NA,NA,NA,NA,87,1,100,1,2,NA,NA,NA,2,NA,NA,1,20000
"235","UGA","Africa Innovations Institude",34.3568865263743,1.03690346284041,"L02","hiJdT15von9","2015-11-20T00:00:00Z","Maize","true","","11","1",NA,NA,NA,NA,8,1,10,1,2,NA,NA,NA,2,NA,NA,1,2000
"236","UGA","Africa Innovations Institude",31.1975267607797,3.5840602791963,"L01","4YxLyEvHcr2","2016-07-26T00:00:00Z","Cassava","true","","21","1",NA,NA,NA,NA,140,1,140,1,2,NA,NA,NA,2,NA,NA,1,14000
"237","UGA","Africa Innovations Institude",31.1975267607797,3.5840602791963,"L01","8r9jJ38EDF2","2016-07-17T00:00:00Z","Cassava","true","","21","1",NA,NA,NA,NA,140,1,140,1,2,NA,NA,NA,2,NA,NA,1,14000
"238","UGA","Africa Innovations Institude",31.1975267607797,3.5840602791963,"L01","VHVUj6zT8c6","2016-07-17T00:00:00Z","Cassava","true","","21","1",NA,NA,NA,NA,100,1,100,1,2,NA,NA,NA,2,NA,NA,1,10000
"239","UGA","Africa Innovations Institude",33.2567780274687,2.45257755461486,"L07","7yhK3asbcg8","2016-01-20T00:00:00Z","Finger Millet","true","",NA,"1",NA,NA,NA,NA,5,1,5,1,2,NA,NA,NA,2,NA,NA,1,2500
"240","UGA","Africa Innovations Institude",33.2567780274687,2.45257755461486,"L07","tsxUHiQSdd5","2016-02-08T00:00:00Z","Maize","true","","11","1",NA,NA,NA,NA,50,1,50,1,2,NA,NA,NA,2,NA,NA,1,5000
"241","UGA","Africa Innovations Institude",31.7560832397785,1.87635436806258,"L06","kAKQZBMLkGA","2016-01-29T00:00:00Z","Maize","true","","11","1",NA,NA,NA,NA,24,1,24,1,2,NA,NA,NA,2,NA,NA,1,2400
"242","UGA","Africa Innovations Institude",31.7560832397785,1.87635436806258,"L06","Jm8YLfzpoy5","2016-01-17T00:00:00Z","Maize","true","","11","1",NA,NA,NA,NA,50,1,50,1,2,NA,NA,NA,2,NA,NA,1,7500
"243","UGA","Africa Innovations Institude",32.1222569707067,0.203686999334623,"L03","nG6geyTvwq7","2015-09-05T00:00:00Z","Coffee","","true",NA,NA,NA,NA,NA,NA,126,1,224,1,2,NA,NA,NA,1,98,1,1,20000
"244","UGA","Africa Innovations Institude",33.2567780274687,2.45257755461486,"L07","x3KJboY4Wn4","2016-02-03T00:00:00Z","Maize","true","","11","1",NA,NA,NA,NA,20,1,20,1,2,NA,NA,NA,2,NA,NA,1,2000
"245","UGA","Africa Innovations Institude",29.7871381860837,-1.24177656546097,"L04","z9PS7Qjy5L2","2016-04-07T00:00:00Z","Maize","true","","11","1",NA,NA,NA,NA,360,1,360,1,2,NA,NA,NA,2,NA,NA,1,36000
"246","UGA","Africa Innovations Institude",29.7871381860837,-1.24177656546097,"L04","Dw3Ud994KTB","2016-03-31T00:00:00Z","Sorghum","true","","13","1",NA,NA,NA,NA,20,1,20,1,2,NA,NA,NA,2,NA,NA,1,4000
"247","UGA","Africa Innovations Institude",31.1975267607797,3.5840602791963,"L01","TTKHU3eLS44","2016-07-15T00:00:00Z","Maize","true","","11","1",NA,NA,NA,NA,15,1,15,1,2,NA,NA,NA,2,NA,NA,1,3000
"248","UGA","Africa Innovations Institude",31.7560832397785,1.87635436806258,"L06","6vZXvHtQdG2","2016-01-19T00:00:00Z","Cassava","true","","21","1",NA,NA,NA,NA,40,1,40,1,2,NA,NA,NA,2,NA,NA,1,3000
"249","UGA","Africa Innovations Institude",31.7560832397785,1.87635436806258,"L06","FnGwGBNbLj6","2016-02-01T00:00:00Z","Maize","true","","11","1",NA,NA,NA,NA,120,1,200,1,2,NA,NA,NA,2,NA,NA,1,24000
"250","UGA","Africa Innovations Institude",31.1975267607797,3.5840602791963,"L01","SqGfB47Y5q3","2016-07-31T00:00:00Z","Maize","true","","11","1",NA,NA,NA,NA,30,1,30,1,2,NA,NA,NA,2,NA,NA,1,6000
"251","UGA","Africa Innovations Institude",31.7560832397785,1.87635436806258,"L06","kJPFgVkrzr8","2016-02-03T00:00:00Z","Maize","true","","11","1",NA,NA,NA,NA,45,1,50,1,2,NA,NA,NA,1,5,1,1,7000
"252","UGA","Africa Innovations Institude",31.7560832397785,1.87635436806258,"L06","thYGMAV5F28","2016-01-13T00:00:00Z","Maize","true","","11","1",NA,NA,NA,NA,400,1,480,1,2,NA,NA,NA,2,NA,NA,1,38400
"253","UGA","Africa Innovations Institude",31.7560832397785,1.87635436806258,"L06","43RqATksCs8","2016-01-12T00:00:00Z","Maize","true","","11","1",NA,NA,NA,NA,60,1,100,1,2,NA,NA,NA,1,NA,NA,1,6000
"254","UGA","Africa Innovations Institude",31.1975267607797,3.5840602791963,"L01","xVFJcnicr68","2016-07-18T00:00:00Z","Cassava","true","","21","1",NA,NA,NA,NA,800,1,800,1,2,NA,NA,NA,2,NA,NA,1,80000
"255","UGA","Africa Innovations Institude",32.1222569707067,0.203686999334623,"L03","CLcgNTsm4y7","2015-10-08T00:00:00Z","Maize","true","","11","1",NA,NA,NA,NA,72,1,85,1,2,NA,NA,NA,2,NA,NA,1,20000
"256","UGA","Africa Innovations Institude",33.2567780274687,2.45257755461486,"L07","MbKjtLZGbn3","2016-01-29T00:00:00Z","Maize","true","","11","1",NA,NA,NA,NA,40,1,40,1,2,NA,NA,NA,2,NA,NA,1,4000
"257","UGA","Africa Innovations Institude",34.3568865263743,1.03690346284041,"L02","V5nBNdt5Wo9","2016-01-08T00:00:00Z","Maize","true","","11","1",NA,NA,NA,NA,15,1,15,1,2,NA,NA,NA,2,NA,NA,1,2250
"258","UGA","Africa Innovations Institude",31.1975267607797,3.5840602791963,"L01","VyrUWsmH5zA","2016-07-19T00:00:00Z","Cassava","true","","21","1",NA,NA,NA,NA,480,1,480,1,2,NA,NA,NA,2,NA,NA,1,96000
"259","UGA","Africa Innovations Institude",34.3568865263743,1.03690346284041,"L02","D3k4R1hEUdA","2016-01-06T00:00:00Z","Maize","true","","11","1",NA,NA,NA,NA,9,1,10,1,2,NA,NA,NA,2,NA,NA,1,1000
"260","UGA","Africa Innovations Institude",31.1975267607797,3.5840602791963,"L01","kyXkjdQuZSA","2016-07-24T00:00:00Z","Cassava","true","","21","1",NA,NA,NA,NA,200,1,200,1,2,NA,NA,NA,2,NA,NA,1,2000
"261","UGA","Africa Innovations Institude",32.1222569707067,0.203686999334623,"L03","3BWtidtw1gB","2015-10-12T00:00:00Z","Maize","true","","11","1",NA,NA,NA,NA,50,1,60,1,2,NA,NA,NA,1,10,1,1,10000
"262","UGA","Africa Innovations Institude",31.1975267607797,3.5840602791963,"L01","U7Y9xmtZk89","2016-07-18T00:00:00Z","Cassava","true","","21","1",NA,NA,NA,NA,616,1,616,1,2,NA,NA,NA,2,NA,NA,1,123200
"263","UGA","Africa Innovations Institude",31.1975267607797,3.5840602791963,"L01","YTTV9E8N5B7","2016-07-18T00:00:00Z","Cassava","true","","21","1",NA,NA,NA,NA,50,1,50,1,2,NA,NA,NA,2,NA,NA,1,5000
"264","UGA","Africa Innovations Institude",33.2567780274687,2.45257755461486,"L07","x16vgM9iGq3","2016-02-07T00:00:00Z","Maize","true","","11","1",NA,NA,NA,NA,480,1,480,1,2,NA,NA,NA,2,NA,NA,1,57600
"265","UGA","Africa Innovations Institude",31.1975267607797,3.5840602791963,"L01","3WbmqA7gbk2","2016-07-13T00:00:00Z","Cassava","true","","21","1",NA,NA,NA,NA,400,1,400,1,2,NA,NA,NA,2,NA,NA,1,40000
"266","UGA","Africa Innovations Institude",31.1975267607797,3.5840602791963,"L01","vsXLkjJ58x2","2016-07-27T00:00:00Z","Cassava","true","","21","1",NA,NA,NA,NA,130,1,130,1,2,NA,NA,NA,2,NA,NA,1,13000
"267","UGA","Africa Innovations Institude",31.7560832397785,1.87635436806258,"L06","XBSg6BUGH3","2016-01-27T00:00:00Z","Maize","true","","11","1",NA,NA,NA,NA,130,1,150,1,2,NA,NA,NA,1,20,1,1,22500
"268","UGA","Africa Innovations Institude",31.1975267607797,3.5840602791963,"L01","rR4rphkhyt6","2016-07-14T00:00:00Z","Cassava","true","","21","1",NA,NA,NA,NA,50,1,50,1,2,NA,NA,NA,2,NA,NA,1,5000
"269","UGA","Africa Innovations Institude",29.7871381860837,-1.24177656546097,"L04","6knFhJg33R9","2016-03-31T00:00:00Z","Sorghum","true","","13","1",NA,NA,NA,NA,40,1,40,1,2,NA,NA,NA,2,NA,NA,1,4000
"270","UGA","Africa Innovations Institude",32.1222569707067,0.203686999334623,"L03","43ozar7mLV6","2016-01-27T00:00:00Z","Maize","true","","11","1",NA,NA,NA,NA,10,1,16,1,2,NA,NA,NA,1,6,1,1,6500
"271","UGA","Africa Innovations Institude",29.7871381860837,-1.24177656546097,"L04","n4TwADF35","2016-04-13T00:00:00Z","Sorghum","true","","13","1",NA,NA,NA,NA,100,1,100,1,2,NA,NA,NA,2,NA,NA,1,1000
"272","UGA","Africa Innovations Institude",34.3568865263743,1.03690346284041,"L02","c8oh3AnL1P","2015-11-21T00:00:00Z","Maize","true","","11","1",NA,NA,NA,NA,4,1,6,1,2,NA,NA,NA,2,NA,NA,1,1200
"273","UGA","Africa Innovations Institude",29.7871381860837,-1.24177656546097,"L04","UBoKCmEGFXB","2016-04-05T00:00:00Z","Sorghum","true","","13","1",NA,NA,NA,NA,100,1,100,1,2,NA,NA,NA,2,NA,NA,1,10000
"274","UGA","Africa Innovations Institude",29.7871381860837,-1.24177656546097,"L04","52MH5CafZg9","2016-03-31T00:00:00Z","Sorghum","true","","13","1",NA,NA,NA,NA,30,1,30,1,2,NA,NA,NA,2,NA,NA,1,4800
"275","UGA","Africa Innovations Institude",34.3568865263743,1.03690346284041,"L02","5xza3zKCC65","2015-11-21T00:00:00Z","Maize","true","","11","1",NA,NA,NA,NA,25,1,30,1,2,NA,NA,NA,2,NA,NA,1,8000
"276","UGA","Africa Innovations Institude",31.1975267607797,3.5840602791963,"L01","SqGfB47Y5q3","2016-07-31T00:00:00Z","Cassava","true","","21","1",NA,NA,NA,NA,200,1,200,1,2,NA,NA,NA,2,NA,NA,1,20000
"277","UGA","Africa Innovations Institude",33.2567780274687,2.45257755461486,"L07","25LYWDpsci5","2016-02-08T00:00:00Z","Maize","true","","11","1",NA,NA,NA,NA,50,1,50,1,2,NA,NA,NA,2,NA,NA,1,5000
"278","UGA","Africa Innovations Institude",34.3568865263743,1.03690346284041,"L02","1Mcd53U8Qb4","2015-10-22T00:00:00Z","Maize","true","","11","1",NA,NA,NA,NA,28,1,30,1,2,NA,NA,NA,2,NA,NA,1,3000
"279","UGA","Africa Innovations Institude",31.1975267607797,3.5840602791963,"L01","Te4C6DJXQq6","2016-07-24T00:00:00Z","Cassava","true","","21","1",NA,NA,NA,NA,720,1,720,1,2,NA,NA,NA,2,NA,NA,1,72000
"280","UGA","Africa Innovations Institude",33.2567780274687,2.45257755461486,"L07","zVWFb5eAbV7","2016-02-05T00:00:00Z","Maize","true","","11","1",NA,NA,NA,NA,50,1,50,1,2,NA,NA,NA,2,NA,NA,1,5000
"281","UGA","Africa Innovations Institude",31.7560832397785,1.87635436806258,"L06","wJPLc9G7D59","2016-02-03T00:00:00Z","Maize","true","","11","1",NA,NA,NA,NA,20,1,20,1,2,NA,NA,NA,2,NA,NA,1,3000
"282","UGA","Africa Innovations Institude",33.2567780274687,2.45257755461486,"L07","bT98NEoYxz6","2016-01-16T00:00:00Z","Maize","true","","11","1",NA,NA,NA,NA,5,1,5,1,2,NA,NA,NA,2,NA,NA,1,500
"283","UGA","Africa Innovations Institude",31.1975267607797,3.5840602791963,"L01","vbnCBWJgn15","2016-07-18T00:00:00Z","Sorghum","true","","13","1",NA,NA,NA,NA,120,1,120,1,2,NA,NA,NA,2,NA,NA,1,24000
"284","UGA","Africa Innovations Institude",31.7560832397785,1.87635436806258,"L06","2Zy882qHx74","2016-01-27T00:00:00Z","Maize","true","","11","1",NA,NA,NA,NA,960,1,960,1,2,NA,NA,NA,2,NA,NA,1,40000
"285","UGA","Africa Innovations Institude",31.1975267607797,3.5840602791963,"L01","rR4rphkhyt6","2016-07-14T00:00:00Z","Maize","true","","11","1",NA,NA,NA,NA,30,1,30,1,2,NA,NA,NA,2,NA,NA,1,6000
"286","UGA","Africa Innovations Institude",29.7871381860837,-1.24177656546097,"L04","iLvTEBAQTN6","2016-04-08T00:00:00Z","Maize","true","","11","1",NA,NA,NA,NA,150,1,150,1,2,NA,NA,NA,2,NA,NA,1,22500
"287","UGA","Africa Innovations Institude",33.2567780274687,2.45257755461486,"L07","jsuqiyHhZp3","2016-02-04T00:00:00Z","Maize","true","","11","1",NA,NA,NA,NA,20,1,20,1,2,NA,NA,NA,2,NA,NA,1,2000
"288","UGA","Africa Innovations Institude",29.7871381860837,-1.24177656546097,"L04","UKqsMYWu6S2","2016-04-06T00:00:00Z","Sorghum","true","","13","1",NA,NA,NA,NA,50,1,50,1,2,NA,NA,NA,2,NA,NA,2,NA
"289","UGA","Africa Innovations Institude",31.1975267607797,3.5840602791963,"L01","hyWdWQ552X7","2016-07-26T00:00:00Z","Cassava","true","","21","1",NA,NA,NA,NA,140,1,140,1,2,NA,NA,NA,2,NA,NA,1,14000
"290","UGA","Africa Innovations Institude",32.1222569707067,0.203686999334623,"L03","mUQGMG1UT55","2015-08-10T00:00:00Z","Maize","true","","11","1",NA,NA,NA,NA,42,1,50,1,1,8,1,2400,2,NA,NA,1,7500
"291","UGA","Africa Innovations Institude",31.1975267607797,3.5840602791963,"L01","EQUQxBxxA28","2016-07-25T00:00:00Z","Cassava","true","","21","1",NA,NA,NA,NA,140,1,140,1,2,NA,NA,NA,2,NA,NA,1,14000
"292","UGA","Africa Innovations Institude",31.1975267607797,3.5840602791963,"L01","CR6uc2DJjF2","2016-07-23T00:00:00Z","Maize","true","","11","1",NA,NA,NA,NA,100,1,100,1,2,NA,NA,NA,2,NA,NA,1,20000
"293","UGA","Africa Innovations Institude",34.3568865263743,1.03690346284041,"L02","Yz9QZdfbFV","2015-11-24T00:00:00Z","Maize","true","","11","1",NA,NA,NA,NA,3,1,5,1,2,NA,NA,NA,2,NA,NA,1,900
"294","UGA","Africa Innovations Institude",33.2567780274687,2.45257755461486,"L07","Uvc1cgf5XM9","2016-02-05T00:00:00Z","Sorghum","true","","13","1",NA,NA,NA,NA,10,1,10,1,2,NA,NA,NA,2,NA,NA,1,5000
"295","UGA","Africa Innovations Institude",34.3568865263743,1.03690346284041,"L02","fYfZbzp5Nv8","2016-01-07T00:00:00Z","Maize","true","","11","1",NA,NA,NA,NA,50,1,50,1,2,NA,NA,NA,2,NA,NA,1,7500
"296","UGA","Africa Innovations Institude",31.7560832397785,1.87635436806258,"L06","WKmRQnKoHA8","2016-02-01T00:00:00Z","Maize","true","","11","1",NA,NA,NA,NA,40,1,50,1,2,NA,NA,NA,1,10,1,1,4500
"297","UGA","Africa Innovations Institude",31.7560832397785,1.87635436806258,"L06","L8vM1Pqk5B6","2016-02-03T00:00:00Z","Maize","true","","11","1",NA,NA,NA,NA,450,1,500,1,2,NA,NA,NA,2,NA,NA,2,NA
"298","UGA","Africa Innovations Institude",31.1975267607797,3.5840602791963,"L01","YTTV9E8N5B7","2016-07-18T00:00:00Z","Maize","true","","11","1",NA,NA,NA,NA,20,1,20,1,2,NA,NA,NA,2,NA,NA,1,4000
"299","UGA","Africa Innovations Institude",32.1222569707067,0.203686999334623,"L03","8WWivGcFUz5","2015-07-30T00:00:00Z","Maize","true","","11","1",NA,NA,NA,NA,30,1,50,1,2,NA,NA,NA,1,20,1,1,10000
"300","UGA","Africa Innovations Institude",34.3568865263743,1.03690346284041,"L02","ZbpM6thc1b2","2015-11-22T00:00:00Z","Maize","true","","11","1",NA,NA,NA,NA,28,1,30,1,2,NA,NA,NA,1,2,1,1,6000
"301","UGA","Africa Innovations Institude",31.7560832397785,1.87635436806258,"L06","jim2m9kx6y4","2015-12-26T00:00:00Z","Maize","true","","11","1",NA,NA,NA,NA,70,1,100,1,1,30,1,9000,2,NA,NA,1,20000
"302","UGA","Africa Innovations Institude",32.1222569707067,0.203686999334623,"L03","r8r378XZhzA","2015-08-10T00:00:00Z","Maize","true","","11","1",NA,NA,NA,NA,38,1,40,1,2,NA,NA,NA,1,2,1,1,1500
"303","UGA","Africa Innovations Institude",31.7560832397785,1.87635436806258,"L06","Zsq7RscRsJA","2015-12-27T00:00:00Z","Maize","true","","11","1",NA,NA,NA,NA,38,1,45,1,2,NA,NA,NA,2,NA,NA,1,7800
"304","UGA","Africa Innovations Institude",29.7871381860837,-1.24177656546097,"L04","4wawPvHomv","2016-03-30T00:00:00Z","Sorghum","true","","13","1",NA,NA,NA,NA,7,1,7,1,2,NA,NA,NA,2,NA,NA,1,1400
"305","UGA","Africa Innovations Institude",31.1975267607797,3.5840602791963,"L01","xVFJcnicr68","2016-07-18T00:00:00Z","Maize","true","","11","1",NA,NA,NA,NA,60,1,60,1,2,NA,NA,NA,2,NA,NA,1,12000
"306","UGA","Africa Innovations Institude",31.7560832397785,1.87635436806258,"L06","NmseUo1CjBA","2015-12-26T00:00:00Z","Maize","true","","11","1",NA,NA,NA,NA,80,1,100,1,2,NA,NA,NA,2,NA,NA,1,20000
"307","UGA","Africa Innovations Institude",32.1222569707067,0.203686999334623,"L03","k6Z9D2Z16q9","2015-10-10T00:00:00Z","Maize","true","","11","1",NA,NA,NA,NA,30,1,60,1,2,NA,NA,NA,2,NA,NA,1,10000
"308","UGA","Africa Innovations Institude",29.7871381860837,-1.24177656546097,"L04","9iKLxLjVu77","2016-04-10T00:00:00Z","Sorghum","true","","13","1",NA,NA,NA,NA,10,1,10,1,2,NA,NA,NA,2,NA,NA,1,1000
"309","UGA","Africa Innovations Institude",34.3568865263743,1.03690346284041,"L02","WMFdhZg7RN5","2015-10-23T00:00:00Z","Maize","true","","11","1",NA,NA,NA,NA,40,1,40,1,2,NA,NA,NA,2,NA,NA,1,4000
"310","UGA","Africa Innovations Institude",31.7560832397785,1.87635436806258,"L06","fUwjdZnv1x2","2016-01-17T00:00:00Z","Maize","true","","11","1",NA,NA,NA,NA,300,1,300,1,2,NA,NA,NA,2,NA,NA,1,30000
"311","UGA","Africa Innovations Institude",31.1975267607797,3.5840602791963,"L01","gVnZfUnJ4V","2016-07-12T00:00:00Z","Cassava","true","","21","1",NA,NA,NA,NA,200,1,200,1,2,NA,NA,NA,2,NA,NA,1,20000
"312","UGA","Africa Innovations Institude",34.3568865263743,1.03690346284041,"L02","8jLMpgU7qmA","2016-01-07T00:00:00Z","Maize","true","","11","1",NA,NA,NA,NA,58,1,60,1,2,NA,NA,NA,2,NA,NA,1,9000
"313","UGA","Africa Innovations Institude",33.2567780274687,2.45257755461486,"L07","PxqUsT3Kg39","2016-02-05T00:00:00Z","Maize","true","","11","1",NA,NA,NA,NA,50,1,50,1,2,NA,NA,NA,2,NA,NA,1,5000
"314","UGA","Africa Innovations Institude",29.7871381860837,-1.24177656546097,"L04","Kq42xQGSvu4","2016-04-14T00:00:00Z","Maize","true","","11","1",NA,NA,NA,NA,10,1,10,1,2,NA,NA,NA,2,NA,NA,1,2000
"315","UGA","Africa Innovations Institude",33.2567780274687,2.45257755461486,"L07","EQM92niTjw","2016-02-05T00:00:00Z","Finger Millet","true","",NA,"1",NA,NA,NA,NA,150,1,150,1,2,NA,NA,NA,2,NA,NA,1,30000
"316","UGA","Africa Innovations Institude",31.1975267607797,3.5840602791963,"L01","Lsy3YMkKGP2","2016-07-23T00:00:00Z","Cassava","true","","21","1",NA,NA,NA,NA,840,1,840,1,2,NA,NA,NA,2,NA,NA,1,84000
"317","UGA","Africa Innovations Institude",31.1975267607797,3.5840602791963,"L01","D3dra7efrt6","2016-07-18T00:00:00Z","Cassava","true","","21","1",NA,NA,NA,NA,200,1,200,1,2,NA,NA,NA,2,NA,NA,1,40000
"318","UGA","Africa Innovations Institude",31.1975267607797,3.5840602791963,"L01","VHVUj6zT8c6","2016-07-17T00:00:00Z","Maize","true","","11","1",NA,NA,NA,NA,100,1,100,1,2,NA,NA,NA,2,NA,NA,1,20000
"319","UGA","Africa Innovations Institude",33.2567780274687,2.45257755461486,"L07","QP58gEJbLF8","2016-02-05T00:00:00Z","Maize","true","","11","1",NA,NA,NA,NA,30,1,30,1,2,NA,NA,NA,2,NA,NA,1,3000
"320","UGA","Africa Innovations Institude",31.1975267607797,3.5840602791963,"L01","wEEPeGoe7x7","2016-07-31T00:00:00Z","Cassava","true","","21","1",NA,NA,NA,NA,140,1,140,1,2,NA,NA,NA,2,NA,NA,1,14000
"321","UGA","Africa Innovations Institude",31.7560832397785,1.87635436806258,"L06","4Ltk7eBsFy2","2016-01-12T00:00:00Z","Maize","true","","11","1",NA,NA,NA,NA,42,1,50,1,2,NA,NA,NA,2,NA,NA,1,12000
"322","UGA","Africa Innovations Institude",33.2567780274687,2.45257755461486,"L07","dxNCxyUf9J5","2016-01-14T00:00:00Z","Maize","true","","11","1",NA,NA,NA,NA,6,1,6,1,2,NA,NA,NA,2,NA,NA,1,600
"323","UGA","Africa Innovations Institude",31.1975267607797,3.5840602791963,"L01","CR6uc2DJjF2","2016-07-23T00:00:00Z","Cassava","true","","21","1",NA,NA,NA,NA,300,1,300,1,2,NA,NA,NA,2,NA,NA,1,30000
"324","UGA","Africa Innovations Institude",34.3568865263743,1.03690346284041,"L02","3csKwZMd8vA","2016-01-06T00:00:00Z","Maize","true","","11","1",NA,NA,NA,NA,100,1,100,1,2,NA,NA,NA,2,NA,NA,1,1000
"325","UGA","Africa Innovations Institude",31.1975267607797,3.5840602791963,"L01","mSfzhnwYib5","2016-07-12T00:00:00Z","Sorghum","true","","13","1",NA,NA,NA,NA,54,1,54,1,2,NA,NA,NA,2,NA,NA,1,10800
"326","UGA","Africa Innovations Institude",31.7560832397785,1.87635436806258,"L06","Xab6HD3Zh47","2016-01-15T00:00:00Z","Maize","true","","11","1",NA,NA,NA,NA,120,1,150,1,2,NA,NA,NA,1,30,1,1,40000
"327","UGA","Africa Innovations Institude",31.1975267607797,3.5840602791963,"L01","fqBewDc4e89","2016-07-28T00:00:00Z","Cassava","true","","21","1",NA,NA,NA,NA,120,1,120,1,2,NA,NA,NA,2,NA,NA,1,12000
"328","UGA","Africa Innovations Institude",33.2567780274687,2.45257755461486,"L07","uNqoVbaZpG3","2016-01-19T00:00:00Z","Maize","true","","11","1",NA,NA,NA,NA,10,1,10,1,2,NA,NA,NA,2,NA,NA,1,1000
"329","UGA","Africa Innovations Institude",34.3568865263743,1.03690346284041,"L02","SDoi2yLPd6","2015-10-15T00:00:00Z","Maize","true","","11","1",NA,NA,NA,NA,95,1,100,1,2,NA,NA,NA,2,NA,NA,1,13500
"330","UGA","Africa Innovations Institude",29.7871381860837,-1.24177656546097,"L04","akR9WC1ESX","2016-04-15T00:00:00Z","Maize","true","","11","1",NA,NA,NA,NA,7,1,7,1,2,NA,NA,NA,2,NA,NA,1,700
"331","UGA","Africa Innovations Institude",33.2567780274687,2.45257755461486,"L07","udreQXLRb29","2016-01-20T00:00:00Z","Maize","true","","11","1",NA,NA,NA,NA,5,1,5,1,2,NA,NA,NA,2,NA,NA,1,500
"332","UGA","Africa Innovations Institude",31.1975267607797,3.5840602791963,"L01","ome4ka94t7","2016-07-18T00:00:00Z","Cassava","true","","21","1",NA,NA,NA,NA,150,1,150,1,2,NA,NA,NA,2,NA,NA,1,13000
"333","UGA","Africa Innovations Institude",31.7560832397785,1.87635436806258,"L06","f52oa28ri63","2016-01-09T00:00:00Z","Maize","true","","11","1",NA,NA,NA,NA,270,1,300,1,2,NA,NA,NA,2,NA,NA,1,22500
"334","UGA","Africa Innovations Institude",31.1975267607797,3.5840602791963,"L01","F6gmnrrGL93","2016-07-18T00:00:00Z","Maize","true","","11","1",NA,NA,NA,NA,360,1,360,1,2,NA,NA,NA,2,NA,NA,1,72000
"335","UGA","Africa Innovations Institude",29.7871381860837,-1.24177656546097,"L04","xJ36NSni7X2","2016-04-24T00:00:00Z","Sorghum","true","","13","1",NA,NA,NA,NA,6,1,6,1,2,NA,NA,NA,2,NA,NA,1,600
"336","UGA","Africa Innovations Institude",31.7560832397785,1.87635436806258,"L06","YXV6xbSxws2","2016-01-28T00:00:00Z","Maize","true","","11","1",NA,NA,NA,NA,80,1,80,1,2,NA,NA,NA,2,NA,NA,1,10000
"337","UGA","Africa Innovations Institude",34.3568865263743,1.03690346284041,"L02","GwMi53segV4","2015-10-20T00:00:00Z","Maize","true","","11","1",NA,NA,NA,NA,30,1,30,1,2,NA,NA,NA,2,NA,NA,1,6000
"338","UGA","Africa Innovations Institude",29.7871381860837,-1.24177656546097,"L04","GPDYh6MvUT3","2016-04-01T00:00:00Z","Sorghum","true","","13","1",NA,NA,NA,NA,30,1,30,1,2,NA,NA,NA,2,NA,NA,1,6000
"339","UGA","Africa Innovations Institude",31.1975267607797,3.5840602791963,"L01","3WbmqA7gbk2","2016-07-13T00:00:00Z","Maize","true","","11","1",NA,NA,NA,NA,100,1,100,1,2,NA,NA,NA,2,NA,NA,1,20000
"340","UGA","Africa Innovations Institude",33.2567780274687,2.45257755461486,"L07","udreQXLRb29","2016-01-20T00:00:00Z","Finger Millet","true","",NA,"1",NA,NA,NA,NA,8,1,8,1,2,NA,NA,NA,2,NA,NA,1,800
"341","UGA","Africa Innovations Institude",31.7560832397785,1.87635436806258,"L06","QybMet9zZh8","2016-01-06T00:00:00Z","Maize","true","","11","1",NA,NA,NA,NA,75,1,100,1,2,NA,NA,NA,2,NA,NA,1,25000
"342","UGA","Africa Innovations Institude",31.7560832397785,1.87635436806258,"L06","kJPFgVkrzr8","2016-02-03T00:00:00Z","Cassava","true","","21","1",NA,NA,NA,NA,8,1,10,1,2,NA,NA,NA,2,NA,NA,1,3000
"343","UGA","Africa Innovations Institude",29.7871381860837,-1.24177656546097,"L04","v29v4CgCb9A","2016-04-07T00:00:00Z","Sorghum","true","","13","1",NA,NA,NA,NA,20,1,20,1,2,NA,NA,NA,2,NA,NA,1,4000
"344","UGA","Africa Innovations Institude",31.7560832397785,1.87635436806258,"L06","5a2WfRTPWS2","2016-01-13T00:00:00Z","Maize","true","","11","1",NA,NA,NA,NA,70,1,80,1,2,NA,NA,NA,2,NA,NA,1,6400
"345","UGA","Africa Innovations Institude",32.1222569707067,0.203686999334623,"L03","pfmDHWctSE3","2015-09-11T00:00:00Z","Maize","true","","11","1",NA,NA,NA,NA,15,1,20,1,2,NA,NA,NA,2,NA,NA,1,4000
"346","UGA","Africa Innovations Institude",31.7560832397785,1.87635436806258,"L06","hFv6mHJEwd5","2016-01-28T00:00:00Z","Maize","true","","11","1",NA,NA,NA,NA,200,1,200,1,2,NA,NA,NA,2,NA,NA,1,25000
"347","UGA","Africa Innovations Institude",31.7560832397785,1.87635436806258,"L06","pMDUa1EHvb","2016-01-15T00:00:00Z","Maize","true","","11","1",NA,NA,NA,NA,150,1,200,1,2,NA,NA,NA,2,NA,NA,1,4000
"348","UGA","Africa Innovations Institude",31.7560832397785,1.87635436806258,"L06","mpqcPSFDpCB","2016-02-03T00:00:00Z","Maize","true","","11","1",NA,NA,NA,NA,55,1,60,1,2,NA,NA,NA,1,5,1,1,10000
"349","UGA","Africa Innovations Institude",31.1975267607797,3.5840602791963,"L01","F6gmnrrGL93","2016-07-18T00:00:00Z","Cassava","true","","21","1",NA,NA,NA,NA,240,1,240,1,2,NA,NA,NA,2,NA,NA,1,24000
"350","UGA","Africa Innovations Institude",31.1975267607797,3.5840602791963,"L01","TTKHU3eLS44","2016-07-15T00:00:00Z","Cassava","true","","21","1",NA,NA,NA,NA,1200,1,1200,1,2,NA,NA,NA,2,NA,NA,1,120000
"351","UGA","Africa Innovations Institude",31.1975267607797,3.5840602791963,"L01","vCMe7iY3tJ","2016-07-16T00:00:00Z","Maize","true","","11","1",NA,NA,NA,NA,45,1,45,1,2,NA,NA,NA,2,NA,NA,1,9000
"352","UGA","Africa Innovations Institude",29.7871381860837,-1.24177656546097,"L04","TdHhH26Qsi9","2016-03-22T00:00:00Z","Maize","true","","11","1",NA,NA,NA,NA,5,1,5,1,2,NA,NA,NA,2,NA,NA,1,1000
"353","UGA","Africa Innovations Institude",29.7871381860837,-1.24177656546097,"L04","zCz7aSrczL2","2016-04-07T00:00:00Z","Sorghum","true","","13","1",NA,NA,NA,NA,30,1,30,1,2,NA,NA,NA,2,NA,NA,1,4500
"354","UGA","Africa Innovations Institude",29.7871381860837,-1.24177656546097,"L04","hnZo2CxSp92","2016-04-13T00:00:00Z","Maize","true","","11","1",NA,NA,NA,NA,36,1,38,1,2,NA,NA,NA,1,2,1,1,5700
"355","UGA","Africa Innovations Institude",31.1975267607797,3.5840602791963,"L01","DUyLNfXcu24","2016-07-19T00:00:00Z","Cassava","true","","21","1",NA,NA,NA,NA,160,1,160,1,2,NA,NA,NA,2,NA,NA,1,16000
"356","UGA","Africa Innovations Institude",33.2567780274687,2.45257755461486,"L07","uMco3gkx1Z8","2016-02-08T00:00:00Z","Maize","true","","11","1",NA,NA,NA,NA,50,1,50,1,2,NA,NA,NA,2,NA,NA,1,5000
"357","UGA","Africa Innovations Institude",31.1975267607797,3.5840602791963,"L01","vCMe7iY3tJ","2016-07-16T00:00:00Z","Cassava","true","","21","1",NA,NA,NA,NA,300,1,300,1,2,NA,NA,NA,2,NA,NA,1,30000
"358","UGA","Africa Innovations Institude",34.3568865263743,1.03690346284041,"L02","9P8HkL34az2","2015-10-22T00:00:00Z","Maize","true","","11","1",NA,NA,NA,NA,40,1,50,1,2,NA,NA,NA,2,NA,NA,1,5000
"359","UGA","Africa Innovations Institude",29.7871381860837,-1.24177656546097,"L04","mBXHuSst1y6","2016-04-17T00:00:00Z","Maize","true","","11","1",NA,NA,NA,NA,12,1,12,1,2,NA,NA,NA,2,NA,NA,1,1200
"360","UGA","Africa Innovations Institude",33.2567780274687,2.45257755461486,"L07","FiycRUoeZh","2016-01-13T00:00:00Z","Maize","true","","11","1",NA,NA,NA,NA,20,1,20,1,2,NA,NA,NA,2,NA,NA,1,2000
"361","UGA","Africa Innovations Institude",32.1222569707067,0.203686999334623,"L03","LAqtBPvPxy","2015-10-07T00:00:00Z","Maize","true","","11","1",NA,NA,NA,NA,400,1,420,1,2,NA,NA,NA,2,NA,NA,1,25000
"362","UGA","Africa Innovations Institude",31.7560832397785,1.87635436806258,"L06","Gr3yWAqnod7","2016-01-14T00:00:00Z","Maize","true","","11","1",NA,NA,NA,NA,240,1,240,1,2,NA,NA,NA,2,NA,NA,1,24000
"363","UGA","Africa Innovations Institude",31.7560832397785,1.87635436806258,"L06","jspz3eC2TW3","2016-01-15T00:00:00Z","Cassava","true","","21","1",NA,NA,NA,NA,450,1,500,1,2,NA,NA,NA,1,50,1,1,50000
"364","UGA","Africa Innovations Institude",31.1975267607797,3.5840602791963,"L01","gVnZfUnJ4V","2016-07-12T00:00:00Z","Maize","true","","11","1",NA,NA,NA,NA,100,1,100,1,2,NA,NA,NA,2,NA,NA,1,20000
"365","UGA","Africa Innovations Institude",32.1222569707067,0.203686999334623,"L03","s1YRqRa7dg5","2015-10-14T00:00:00Z","Maize","true","","11","1",NA,NA,NA,NA,482,1,500,1,2,NA,NA,NA,2,NA,NA,1,28000
"366","UGA","Africa Innovations Institude",33.2567780274687,2.45257755461486,"L07","9D4NrgAzDH4","2016-01-30T00:00:00Z","Finger Millet","true","",NA,"1",NA,NA,NA,NA,13,1,15,1,2,NA,NA,NA,2,NA,NA,1,1500
"367","UGA","Africa Innovations Institude",33.2567780274687,2.45257755461486,"L07","qGGstvM2E46","2016-02-04T00:00:00Z","Sorghum","true","","13","1",NA,NA,NA,NA,20,1,20,1,2,NA,NA,NA,2,NA,NA,1,2000
"368","UGA","Africa Innovations Institude",33.2567780274687,2.45257755461486,"L07","E9xodbJqWb8","2016-02-08T00:00:00Z","Finger Millet","true","",NA,"1",NA,NA,NA,NA,100,1,100,1,2,NA,NA,NA,2,NA,NA,1,20000
