Country,Partner Organization,longitude,latitude,Landscape #,Household ID,Data entry date,Field ID,Field name,ag10_vs_1,ag10_vs_2,ag10_vs_2_1,ag10_vs_2_2,ag10_vs_2_3,ag10_vs_2_4,ag10_vs_2_5,ag10_vs_2_6,ag10_vs_2_7,ag10_vs_2_8,ag10_vs_2_9,ag10_vs_2_50,ag10_vs_2_51,ag10_vs_2_other,ag10_vs_3,ag10_vs_3_other
UGA,Africa Innovations Institude,32.1222569707067,0.203686999334623,"L03",RnembMKrW72,2015-08-13T00:00:00Z,M4,Middle garden(wakati),2,,,,,,,,,,,,,,,
UGA,Africa Innovations Institude,32.1222569707067,0.203686999334623,"L03",fvoTDbKYuW5,2015-10-07T00:00:00Z,M1,Waka,2,,,,,,,,,,,,,,,
UGA,Africa Innovations Institude,31.1975267607797,3.5840602791963,"L01",Te4C6DJXQq6,2016-07-24T00:00:00Z,M5,Alaku,2,,,,,,,,,,,,,,,
UGA,Africa Innovations Institude,32.1222569707067,0.203686999334623,"L03",5BM4RJvhSqA,2015-08-10T00:00:00Z,M3,Forest garden 2,2,,,,,,,,,,,,,,,
UGA,Africa Innovations Institude,32.1222569707067,0.203686999334623,"L03",nG6geyTvwq7,2015-09-05T00:00:00Z,M1,Mwayi,2,,,,,,,,,,,,,,,
UGA,Africa Innovations Institude,34.3568865263743,1.03690346284041,"L02",QT4VeJxXHv4,2015-11-20T00:00:00Z,M5,Nayinza,2,,,,,,,,,,,,,,,
UGA,Africa Innovations Institude,34.3568865263743,1.03690346284041,"L02",WMFdhZg7RN5,2015-10-23T00:00:00Z,M1,Libubi,2,,,,,,,,,,,,,,,
UGA,Africa Innovations Institude,31.7560832397785,1.87635436806258,"L06",5a2WfRTPWS2,2016-01-13T00:00:00Z,M1,Muramula,2,,,,,,,,,,,,,,,
UGA,Africa Innovations Institude,31.7560832397785,1.87635436806258,"L06",XBSg6BUGH3,2016-01-27T00:00:00Z,M3,Nkala,2,,,,,,,,,,,,,,,
UGA,Africa Innovations Institude,34.3568865263743,1.03690346284041,"L02",1YCu7s1wQ37,2015-11-23T00:00:00Z,M1,Home garden,2,,,,,,,,,,,,,,,
UGA,Africa Innovations Institude,33.2567780274687,2.45257755461486,"L07",E9xodbJqWb8,2016-02-08T00:00:00Z,M1,Mowoi,2,,,,,,,,,,,,,,,
UGA,Africa Innovations Institude,32.1222569707067,0.203686999334623,"L03",8wVusWBvZSA,2015-07-29T00:00:00Z,M4,forest garden 2,2,,,,,,,,,,,,,,,
UGA,Africa Innovations Institude,31.7560832397785,1.87635436806258,"L06",43RqATksCs8,2016-01-12T00:00:00Z,M4,Ebihiba,2,,,,,,,,,,,,,,,
UGA,Africa Innovations Institude,33.2567780274687,2.45257755461486,"L07",tsxUHiQSdd5,2016-02-08T00:00:00Z,M1,Polwoli,2,,,,,,,,,,,,,,,
UGA,Africa Innovations Institude,31.7560832397785,1.87635436806258,"L06",thYGMAV5F28,2016-01-13T00:00:00Z,M3,Gwomutanu,2,,,,,,,,,,,,,,,
UGA,Africa Innovations Institude,32.1222569707067,0.203686999334623,"L03",r8r378XZhzA,2015-08-10T00:00:00Z,M1,Engulu1,2,,,,,,,,,,,,,,,
UGA,Africa Innovations Institude,31.7560832397785,1.87635436806258,"L06",Zsq7RscRsJA,2015-12-27T00:00:00Z,M4,Awage 2,2,,,,,,,,,,,,,,,
UGA,Africa Innovations Institude,34.3568865263743,1.03690346284041,"L02",uZWP16YfzT5,2016-01-05T00:00:00Z,M1,Shisheneu,2,,,,,,,,,,,,,,,
UGA,Africa Innovations Institude,31.1975267607797,3.5840602791963,"L01",hyWdWQ552X7,2016-07-26T00:00:00Z,M1,Lomune,2,,,,,,,,,,,,,,,
UGA,Africa Innovations Institude,32.1222569707067,0.203686999334623,"L03",CLcgNTsm4y7,2015-10-08T00:00:00Z,M5,Fallow land garden,1,7,,,,,,,t,,,,,,2,
UGA,Africa Innovations Institude,34.3568865263743,1.03690346284041,"L02",ypMu1Vkfqo9,2015-10-16T00:00:00Z,M3,Wanakasala,2,,,,,,,,,,,,,,,
UGA,Africa Innovations Institude,29.7871381860837,-1.24177656546097,"L04",xJ36NSni7X2,2016-04-24T00:00:00Z,M6,Mulugerero,2,,,,,,,,,,,,,,,
UGA,Africa Innovations Institude,32.1222569707067,0.203686999334623,"L03",L3z2GfyVdH5,2015-08-10T00:00:00Z,M3,Ebinyebwa,2,,,,,,,,,,,,,,,
UGA,Africa Innovations Institude,32.1222569707067,0.203686999334623,"L03",K28KewnXpk2,2015-09-04T00:00:00Z,M3,Forest garden 1,2,,,,,,,,,,,,,,,
UGA,Africa Innovations Institude,32.1222569707067,0.203686999334623,"L03",k3gYMiFrqdB,2015-08-03T00:00:00Z,M3,Ekanuli,2,,,,,,,,,,,,,,,
UGA,Africa Innovations Institude,32.1222569707067,0.203686999334623,"L03",3f7GFEXbaK,2015-09-07T00:00:00Z,M4,Biyobwa,2,,,,,,,,,,,,,,,
UGA,Africa Innovations Institude,29.7871381860837,-1.24177656546097,"L04",52MH5CafZg9,2016-03-31T00:00:00Z,M1,Kulogo,1,2,,t,,,,,,,,,,,1,
UGA,Africa Innovations Institude,34.3568865263743,1.03690346284041,"L02",1Mcd53U8Qb4,2015-10-22T00:00:00Z,M2,Bunandutu main,2,,,,,,,,,,,,,,,
UGA,Africa Innovations Institude,29.7871381860837,-1.24177656546097,"L04",z9PS7Qjy5L2,2016-04-07T00:00:00Z,M3,Mukona,1,8,,,,,,,,t,,,,,1,
UGA,Africa Innovations Institude,32.1222569707067,0.203686999334623,"L03",K28KewnXpk2,2015-08-17T00:00:00Z,M1,Home garden,2,,,,,,,,,,,,,,,
UGA,Africa Innovations Institude,31.1975267607797,3.5840602791963,"L01",Lsy3YMkKGP2,2016-07-23T00:00:00Z,M1,Komoru,2,,,,,,,,,,,,,,,
UGA,Africa Innovations Institude,31.1975267607797,3.5840602791963,"L01",VHVUj6zT8c6,2016-07-17T00:00:00Z,M2,Lolomah,2,,,,,,,,,,,,,,,
UGA,Africa Innovations Institude,33.2567780274687,2.45257755461486,"L07",cTxbn5tVsdA,2016-02-05T00:00:00Z,M2,Polquolo,2,,,,,,,,,,,,,,,
UGA,Africa Innovations Institude,29.7871381860837,-1.24177656546097,"L04",6knFhJg33R9,2016-03-31T00:00:00Z,M4,Bishaki,1,8,,,,,,,,t,,,,,1,
UGA,Africa Innovations Institude,33.2567780274687,2.45257755461486,"L07",PxqUsT3Kg39,2016-02-05T00:00:00Z,M1,Polowero,2,,,,,,,,,,,,,,,
UGA,Africa Innovations Institude,29.7871381860837,-1.24177656546097,"L04",akR9WC1ESX,2016-04-15T00:00:00Z,M2,Mulilemela,2,,,,,,,,,,,,,,,
UGA,Africa Innovations Institude,31.7560832397785,1.87635436806258,"L06",Zsq7RscRsJA,2015-12-27T00:00:00Z,M2,Marage,2,,,,,,,,,,,,,,,
UGA,Africa Innovations Institude,29.7871381860837,-1.24177656546097,"L04",n4TwADF35,2016-04-13T00:00:00Z,M3,Hefeyeka,2,,,,,,,,,,,,,,,
UGA,Africa Innovations Institude,31.1975267607797,3.5840602791963,"L01",VyrUWsmH5zA,2016-07-19T00:00:00Z,M1,Olugo,2,,,,,,,,,,,,,,,
UGA,Africa Innovations Institude,31.7560832397785,1.87635436806258,"L06",4Ltk7eBsFy2,2016-01-12T00:00:00Z,M2,Musisi Gwamuhanda,1,7,,,,,,,t,,,,,,1,
UGA,Africa Innovations Institude,32.1222569707067,0.203686999334623,"L03",nG6geyTvwq7,2015-09-05T00:00:00Z,M4,Muwogo,2,,,,,,,,,,,,,,,
UGA,Africa Innovations Institude,34.3568865263743,1.03690346284041,"L02",HWUQqfGSi37,2015-10-27T00:00:00Z,M1,Shibalakafu,2,,,,,,,,,,,,,,,
UGA,Africa Innovations Institude,32.1222569707067,0.203686999334623,"L03",8WWivGcFUz5,2015-07-30T00:00:00Z,M2,Kumusizi,2,,,,,,,,,,,,,,,
UGA,Africa Innovations Institude,31.1975267607797,3.5840602791963,"L01",VyrUWsmH5zA,2016-07-19T00:00:00Z,M2,Komolo,2,,,,,,,,,,,,,,,
UGA,Africa Innovations Institude,32.1222569707067,0.203686999334623,"L03",8WWivGcFUz5,2015-07-30T00:00:00Z,M5,Wangulu,2,,,,,,,,,,,,,,,
UGA,Africa Innovations Institude,31.1975267607797,3.5840602791963,"L01",aANwrQbMsa3,2016-07-19T00:00:00Z,M1,Agovu,2,,,,,,,,,,,,,,,
UGA,Africa Innovations Institude,31.1975267607797,3.5840602791963,"L01",CR6uc2DJjF2,2016-07-23T00:00:00Z,M3,Oto Anvu,2,,,,,,,,,,,,,,,
UGA,Africa Innovations Institude,31.1975267607797,3.5840602791963,"L01",SqGfB47Y5q3,2016-07-31T00:00:00Z,M1,Lacocole,2,,,,,,,,,,,,,,,
UGA,Africa Innovations Institude,29.7871381860837,-1.24177656546097,"L04",6knFhJg33R9,2016-03-31T00:00:00Z,M1,Gwaruzije,1,8,,,,,,,,t,,,,,2,
UGA,Africa Innovations Institude,31.7560832397785,1.87635436806258,"L06",43RqATksCs8,2016-01-12T00:00:00Z,M3,Ebitoke,2,,,,,,,,,,,,,,,
UGA,Africa Innovations Institude,33.2567780274687,2.45257755461486,"L07",FiycRUoeZh,2016-01-13T00:00:00Z,M3,Polonino,1,2 7,,t,,,,,t,,,,,,2,
UGA,Africa Innovations Institude,29.7871381860837,-1.24177656546097,"L04",xJ36NSni7X2,2016-04-24T00:00:00Z,M5,Gitare,2,,,,,,,,,,,,,,,
UGA,Africa Innovations Institude,32.1222569707067,0.203686999334623,"L03",mUQGMG1UT55,2015-08-10T00:00:00Z,M1,Home garden,2,,,,,,,,,,,,,,,
UGA,Africa Innovations Institude,31.1975267607797,3.5840602791963,"L01",Te4C6DJXQq6,2016-07-24T00:00:00Z,M1,Odwa,2,,,,,,,,,,,,,,,
UGA,Africa Innovations Institude,32.1222569707067,0.203686999334623,"L03",fvoTDbKYuW5,2015-10-07T00:00:00Z,M4,Kukubo,2,,,,,,,,,,,,,,,
UGA,Africa Innovations Institude,32.1222569707067,0.203686999334623,"L03",s1YRqRa7dg5,2015-10-14T00:00:00Z,M4,Mwogo garden,2,,,,,,,,,,,,,,,
UGA,Africa Innovations Institude,31.1975267607797,3.5840602791963,"L01",3WbmqA7gbk2,2016-07-13T00:00:00Z,M1,Abogwa,2,,,,,,,,,,,,,,,
UGA,Africa Innovations Institude,29.7871381860837,-1.24177656546097,"L04",akR9WC1ESX,2016-04-15T00:00:00Z,M4,Mutaba,2,,,,,,,,,,,,,,,
UGA,Africa Innovations Institude,31.1975267607797,3.5840602791963,"L01",fqBewDc4e89,2016-07-28T00:00:00Z,M2,Locheli,2,,,,,,,,,,,,,,,
UGA,Africa Innovations Institude,31.7560832397785,1.87635436806258,"L06",wJPLc9G7D59,2016-02-03T00:00:00Z,M2,Byeyi,2,,,,,,,,,,,,,,,
UGA,Africa Innovations Institude,33.2567780274687,2.45257755461486,"L07",mjcdtjVVCA6,2016-02-06T00:00:00Z,M1,Polquolo,2,,,,,,,,,,,,,,,
UGA,Africa Innovations Institude,31.7560832397785,1.87635436806258,"L06",XBSg6BUGH3,2016-01-27T00:00:00Z,M2,Kisabo 2,2,,,,,,,,,,,,,,,
UGA,Africa Innovations Institude,32.1222569707067,0.203686999334623,"L03",3f7GFEXbaK,2015-09-07T00:00:00Z,M1,Mulusuku,2,,,,,,,,,,,,,,,
UGA,Africa Innovations Institude,32.1222569707067,0.203686999334623,"L03",oimuabaAoj4,2015-10-13T00:00:00Z,M2,Samba,2,,,,,,,,,,,,,,,
UGA,Africa Innovations Institude,31.7560832397785,1.87635436806258,"L06",QybMet9zZh8,2016-01-06T00:00:00Z,M3,Kisilimuko,2,,,,,,,,,,,,,,,
UGA,Africa Innovations Institude,29.7871381860837,-1.24177656546097,"L04",UBoKCmEGFXB,2016-04-05T00:00:00Z,M5,Kagwejeka,2,,,,,,,,,,,,,,,
UGA,Africa Innovations Institude,29.7871381860837,-1.24177656546097,"L04",CW2n61MumoA,2016-04-03T00:00:00Z,M3,Mumatongo,2,,,,,,,,,,,,,,,
UGA,Africa Innovations Institude,31.1975267607797,3.5840602791963,"L01",CR6uc2DJjF2,2016-07-23T00:00:00Z,M4,Yombe Anvu 1,2,,,,,,,,,,,,,,,
UGA,Africa Innovations Institude,29.7871381860837,-1.24177656546097,"L04",9iKLxLjVu77,2016-04-10T00:00:00Z,M2,Mulkizi,2,,,,,,,,,,,,,,,
UGA,Africa Innovations Institude,29.7871381860837,-1.24177656546097,"L04",4MTsyUHiaX4,2016-04-14T00:00:00Z,M1,Mukika,2,,,,,,,,,,,,,,,
UGA,Africa Innovations Institude,34.3568865263743,1.03690346284041,"L02",c8oh3AnL1P,2015-11-21T00:00:00Z,M2,Bunatimbi,2,,,,,,,,,,,,,,,
UGA,Africa Innovations Institude,34.3568865263743,1.03690346284041,"L02",D3k4R1hEUdA,2016-01-06T00:00:00Z,M1,Namako,2,,,,,,,,,,,,,,,
UGA,Africa Innovations Institude,34.3568865263743,1.03690346284041,"L02",hiJdT15von9,2015-11-20T00:00:00Z,M3,Manafwa garden,2,,,,,,,,,,,,,,,
UGA,Africa Innovations Institude,34.3568865263743,1.03690346284041,"L02",GuUwLgiijo2,2015-10-16T00:00:00Z,M1,Waka,2,,,,,,,,,,,,,,,
UGA,Africa Innovations Institude,32.1222569707067,0.203686999334623,"L03",43ozar7mLV6,2016-01-27T00:00:00Z,M1,Emanju,2,,,,,,,,,,,,,,,
UGA,Africa Innovations Institude,33.2567780274687,2.45257755461486,"L07",J4NQk5mWMXA,2016-02-07T00:00:00Z,M3,Vosto,2,,,,,,,,,,,,,,,
UGA,Africa Innovations Institude,31.7560832397785,1.87635436806258,"L06",5a2WfRTPWS2,2016-01-13T00:00:00Z,M3,Kiiti,2,,,,,,,,,,,,,,,
UGA,Africa Innovations Institude,34.3568865263743,1.03690346284041,"L02",QT4VeJxXHv4,2015-11-20T00:00:00Z,M2,Esikinji,2,,,,,,,,,,,,,,,
UGA,Africa Innovations Institude,32.1222569707067,0.203686999334623,"L03",3eWkuw2PPtA,2015-10-09T00:00:00Z,M2,Mukibira 2,2,,,,,,,,,,,,,,,
UGA,Africa Innovations Institude,31.7560832397785,1.87635436806258,"L06",wJPLc9G7D59,2016-02-03T00:00:00Z,M3,Uduk,2,,,,,,,,,,,,,,,
UGA,Africa Innovations Institude,29.7871381860837,-1.24177656546097,"L04",UYwovny68h,2016-04-27T00:00:00Z,M3,Kwabikwaso,2,,,,,,,,,,,,,,,
UGA,Africa Innovations Institude,31.7560832397785,1.87635436806258,"L06",4Ltk7eBsFy2,2016-01-12T00:00:00Z,M5,Kiswa Musili,2,,,,,,,,,,,,,,,
UGA,Africa Innovations Institude,32.1222569707067,0.203686999334623,"L03",K28KewnXpk2,2015-09-04T00:00:00Z,M4,Forest garden 2,2,,,,,,,,,,,,,,,
UGA,Africa Innovations Institude,31.7560832397785,1.87635436806258,"L06",i5k7QWkLJw8,2016-02-03T00:00:00Z,M4,Binyobwa 2,2,,,,,,,,,,,,,,,
UGA,Africa Innovations Institude,32.1222569707067,0.203686999334623,"L03",fvoTDbKYuW5,2015-10-07T00:00:00Z,M3,Kibira 2,2,,,,,,,,,,,,,,,
UGA,Africa Innovations Institude,33.2567780274687,2.45257755461486,"L07",x3KJboY4Wn4,2016-02-03T00:00:00Z,M4,Potolam,2,,,,,,,,,,,,,,,
UGA,Africa Innovations Institude,32.1222569707067,0.203686999334623,"L03",ve5Vid3J3j2,2015-08-16T00:00:00Z,M2,Engulu,2,,,,,,,,,,,,,,,
UGA,Africa Innovations Institude,32.1222569707067,0.203686999334623,"L03",CLcgNTsm4y7,2015-10-08T00:00:00Z,M1,Home garden,2,,,,,,,,,,,,,,,
UGA,Africa Innovations Institude,31.7560832397785,1.87635436806258,"L06",jim2m9kx6y4,2015-12-26T00:00:00Z,M2,Papedi,2,,,,,,,,,,,,,,,
UGA,Africa Innovations Institude,31.7560832397785,1.87635436806258,"L06",kAKQZBMLkGA,2016-01-29T00:00:00Z,M2,Ebicholi,2,,,,,,,,,,,,,,,
UGA,Africa Innovations Institude,34.3568865263743,1.03690346284041,"L02",Q12jo3rceY8,2015-11-22T00:00:00Z,M1,Nabusasi,2,,,,,,,,,,,,,,,
UGA,Africa Innovations Institude,34.3568865263743,1.03690346284041,"L02",c8oh3AnL1P,2015-11-21T00:00:00Z,M1,Ibumbi,2,,,,,,,,,,,,,,,
UGA,Africa Innovations Institude,33.2567780274687,2.45257755461486,"L07",7Yy7Sqs8eRA,2016-02-02T00:00:00Z,M4,Kolkech,2,,,,,,,,,,,,,,,
UGA,Africa Innovations Institude,32.1222569707067,0.203686999334623,"L03",43ozar7mLV6,2016-01-27T00:00:00Z,M4,Waka,2,,,,,,,,,,,,,,,
UGA,Africa Innovations Institude,34.3568865263743,1.03690346284041,"L02",V5nBNdt5Wo9,2016-01-08T00:00:00Z,M1,Sikamosi,1,2,,t,,,,,,,,,,,1,
UGA,Africa Innovations Institude,31.1975267607797,3.5840602791963,"L01",vbnCBWJgn15,2016-07-18T00:00:00Z,M3,Komolo 2,2,,,,,,,,,,,,,,,
UGA,Africa Innovations Institude,34.3568865263743,1.03690346284041,"L02",5xza3zKCC65,2015-11-21T00:00:00Z,M3,Nambale,2,,,,,,,,,,,,,,,
UGA,Africa Innovations Institude,33.2567780274687,2.45257755461486,"L07",QP58gEJbLF8,2016-02-05T00:00:00Z,M2,Poloalelo,2,,,,,,,,,,,,,,,
UGA,Africa Innovations Institude,33.2567780274687,2.45257755461486,"L07",udreQXLRb29,2016-01-20T00:00:00Z,M1,Potowelo,1,7,,,,,,,t,,,,,,2,
UGA,Africa Innovations Institude,33.2567780274687,2.45257755461486,"L07",qGGstvM2E46,2016-02-04T00:00:00Z,M1,Polojakayoti,1,2 7,,t,,,,,t,,,,,,2,
UGA,Africa Innovations Institude,29.7871381860837,-1.24177656546097,"L04",WmaX2iuVse5,2016-04-06T00:00:00Z,M2,Bimonde,2,,,,,,,,,,,,,,,
UGA,Africa Innovations Institude,33.2567780274687,2.45257755461486,"L07",bT98NEoYxz6,2016-01-16T00:00:00Z,M2,Potomapera,1,2,,t,,,,,,,,,,,1,
UGA,Africa Innovations Institude,34.3568865263743,1.03690346284041,"L02",QJMME7KeMn,2015-11-21T00:00:00Z,M3,Wonesinga,2,,,,,,,,,,,,,,,
UGA,Africa Innovations Institude,31.7560832397785,1.87635436806258,"L06",GsYbe3Kp9a3,2015-12-30T00:00:00Z,M3,Butuka Musana,2,,,,,,,,,,,,,,,
UGA,Africa Innovations Institude,29.7871381860837,-1.24177656546097,"L04",TdHhH26Qsi9,2016-03-22T00:00:00Z,M3,Gishoka,2,,,,,,,,,,,,,,,
UGA,Africa Innovations Institude,32.1222569707067,0.203686999334623,"L03",h5hVCQ5GHc2,2015-09-02T00:00:00Z,M3,Garden near power line 2,2,,,,,,,,,,,,,,,
UGA,Africa Innovations Institude,33.2567780274687,2.45257755461486,"L07",zVWFb5eAbV7,2016-02-05T00:00:00Z,M1,Polachonga,2,,,,,,,,,,,,,,,
UGA,Africa Innovations Institude,31.1975267607797,3.5840602791963,"L01",kyXkjdQuZSA,2016-07-24T00:00:00Z,M1,Topu,2,,,,,,,,,,,,,,,
UGA,Africa Innovations Institude,33.2567780274687,2.45257755461486,"L07",tsxUHiQSdd5,2016-02-08T00:00:00Z,M4,Itok,2,,,,,,,,,,,,,,,
UGA,Africa Innovations Institude,33.2567780274687,2.45257755461486,"L07",6L8XQ2ivNNB,2016-02-01T00:00:00Z,M1,Potoiwikul,1,1 2 7,t,t,,,,,t,,,,,,1,
UGA,Africa Innovations Institude,29.7871381860837,-1.24177656546097,"L04",UKqsMYWu6S2,2016-04-06T00:00:00Z,M6,Katale 2,1,7,,,,,,,t,,,,,,1,
UGA,Africa Innovations Institude,31.7560832397785,1.87635436806258,"L06",L8vM1Pqk5B6,2016-02-03T00:00:00Z,M2,Etoke,2,,,,,,,,,,,,,,,
UGA,Africa Innovations Institude,34.3568865263743,1.03690346284041,"L02",yydJpRV8pPB,2016-01-05T00:00:00Z,M1,Ango 1,2,,,,,,,,,,,,,,,
UGA,Africa Innovations Institude,29.7871381860837,-1.24177656546097,"L04",CW2n61MumoA,2016-04-03T00:00:00Z,M2,Nyamwishonga 2,1,4,,,,t,,,,,,,,,2,
UGA,Africa Innovations Institude,31.1975267607797,3.5840602791963,"L01",F6gmnrrGL93,2016-07-18T00:00:00Z,M2,Ombe,2,,,,,,,,,,,,,,,
UGA,Africa Innovations Institude,31.7560832397785,1.87635436806258,"L06",pMDUa1EHvb,2016-01-15T00:00:00Z,M4,Avungulu,1,7,,,,,,,t,,,,,,2,
UGA,Africa Innovations Institude,32.1222569707067,0.203686999334623,"L03",3BWtidtw1gB,2015-10-12T00:00:00Z,M1,Engulu,,,,,,,,,,,,,,,,
UGA,Africa Innovations Institude,33.2567780274687,2.45257755461486,"L07",uNqoVbaZpG3,2016-01-19T00:00:00Z,M3,Potogingili,1,1 4 7,t,,,t,,,t,,,,,,1,
UGA,Africa Innovations Institude,31.7560832397785,1.87635436806258,"L06",QybMet9zZh8,2016-01-06T00:00:00Z,M1,Nabalongo,1,7,,,,,,,t,,,,,,1,
UGA,Africa Innovations Institude,31.1975267607797,3.5840602791963,"L01",TTKHU3eLS44,2016-07-15T00:00:00Z,M1,Komolo anvu,2,,,,,,,,,,,,,,,
UGA,Africa Innovations Institude,29.7871381860837,-1.24177656546097,"L04",UKqsMYWu6S2,2016-04-06T00:00:00Z,M2,Katale,2,,,,,,,,,,,,,,,
UGA,Africa Innovations Institude,34.3568865263743,1.03690346284041,"L02",w27bEeu1DR,2015-11-23T00:00:00Z,M2,Wakobolo,2,,,,,,,,,,,,,,,
UGA,Africa Innovations Institude,32.1222569707067,0.203686999334623,"L03",LXeBkVStet6,2015-09-07T00:00:00Z,M2,Lumonde garden,,,,,,,,,,,,,,,,
UGA,Africa Innovations Institude,32.1222569707067,0.203686999334623,"L03",LXeBkVStet6,2015-09-07T00:00:00Z,M1,Mwogo garden,,,,,,,,,,,,,,,,
UGA,Africa Innovations Institude,31.1975267607797,3.5840602791963,"L01",DUyLNfXcu24,2016-07-19T00:00:00Z,M1,Ongule,2,,,,,,,,,,,,,,,
UGA,Africa Innovations Institude,32.1222569707067,0.203686999334623,"L03",3eWkuw2PPtA,2015-10-09T00:00:00Z,M1,Mukibira1,1,2 7,,t,,,,,t,,,,,,1,
UGA,Africa Innovations Institude,33.2567780274687,2.45257755461486,"L07",kAym5mCCtcB,2016-01-16T00:00:00Z,M4,Pororanga,2,,,,,,,,,,,,,,,
UGA,Africa Innovations Institude,31.7560832397785,1.87635436806258,"L06",h2NJwtqVTd2,2016-01-10T00:00:00Z,M1,Awujo,2,,,,,,,,,,,,,,,
UGA,Africa Innovations Institude,31.1975267607797,3.5840602791963,"L01",rR4rphkhyt6,2016-07-14T00:00:00Z,M1,Komolo 1,2,,,,,,,,,,,,,,,
UGA,Africa Innovations Institude,33.2567780274687,2.45257755461486,"L07",PxqUsT3Kg39,2016-02-05T00:00:00Z,M2,Polohem,2,,,,,,,,,,,,,,,
UGA,Africa Innovations Institude,31.1975267607797,3.5840602791963,"L01",SqGfB47Y5q3,2016-07-31T00:00:00Z,M2,Kochi 1,2,,,,,,,,,,,,,,,
UGA,Africa Innovations Institude,33.2567780274687,2.45257755461486,"L07",6L8XQ2ivNNB,2016-02-01T00:00:00Z,M2,Potoeme,2,,,,,,,,,,,,,,,
UGA,Africa Innovations Institude,33.2567780274687,2.45257755461486,"L07",udreQXLRb29,2016-01-20T00:00:00Z,M2,Potolemon,1,7,,,,,,,t,,,,,,1,
UGA,Africa Innovations Institude,33.2567780274687,2.45257755461486,"L07",x16vgM9iGq3,2016-02-07T00:00:00Z,M3,Poloranga,2,,,,,,,,,,,,,,,
UGA,Africa Innovations Institude,29.7871381860837,-1.24177656546097,"L04",9iKLxLjVu77,2016-04-10T00:00:00Z,M1,Mwitonge,2,,,,,,,,,,,,,,,
UGA,Africa Innovations Institude,31.1975267607797,3.5840602791963,"L01",D3dra7efrt6,2016-07-18T00:00:00Z,M2,Era,2,,,,,,,,,,,,,,,
UGA,Africa Innovations Institude,31.1975267607797,3.5840602791963,"L01",Te4C6DJXQq6,2016-07-24T00:00:00Z,M2,Kechi 1,2,,,,,,,,,,,,,,,
UGA,Africa Innovations Institude,31.1975267607797,3.5840602791963,"L01",hyWdWQ552X7,2016-07-26T00:00:00Z,M2,Bitto,2,,,,,,,,,,,,,,,
UGA,Africa Innovations Institude,33.2567780274687,2.45257755461486,"L07",QP58gEJbLF8,2016-02-05T00:00:00Z,M1,Poloyawo,1,1 7,t,,,,,,t,,,,,,2,
UGA,Africa Innovations Institude,31.1975267607797,3.5840602791963,"L01",gVnZfUnJ4V,2016-07-12T00:00:00Z,M1,Kojiba,2,,,,,,,,,,,,,,,
UGA,Africa Innovations Institude,32.1222569707067,0.203686999334623,"L03",k6Z9D2Z16q9,2015-10-10T00:00:00Z,M1,Ewaka,2,,,,,,,,,,,,,,,
UGA,Africa Innovations Institude,31.1975267607797,3.5840602791963,"L01",ome4ka94t7,2016-07-18T00:00:00Z,M1,Oto,2,,,,,,,,,,,,,,,
UGA,Africa Innovations Institude,33.2567780274687,2.45257755461486,"L07",ZHkM7aJSPR8,2016-01-26T00:00:00Z,M3,Potolakiyo,2,,,,,,,,,,,,,,,
UGA,Africa Innovations Institude,31.1975267607797,3.5840602791963,"L01",Te4C6DJXQq6,2016-07-24T00:00:00Z,M3,Kechi 2,2,,,,,,,,,,,,,,,
UGA,Africa Innovations Institude,31.1975267607797,3.5840602791963,"L01",VyrUWsmH5zA,2016-07-19T00:00:00Z,M3,Kechi,2,,,,,,,,,,,,,,,
UGA,Africa Innovations Institude,29.7871381860837,-1.24177656546097,"L04",mBXHuSst1y6,2016-04-17T00:00:00Z,M2,Mumusozi,2,,,,,,,,,,,,,,,
UGA,Africa Innovations Institude,32.1222569707067,0.203686999334623,"L03",mUQGMG1UT55,2015-08-10T00:00:00Z,M3,Sweet potatoes behind house,2,,,,,,,,,,,,,,,
UGA,Africa Innovations Institude,29.7871381860837,-1.24177656546097,"L04",xJ36NSni7X2,2016-04-24T00:00:00Z,M2,Mukagoma,2,,,,,,,,,,,,,,,
UGA,Africa Innovations Institude,31.7560832397785,1.87635436806258,"L06",i5k7QWkLJw8,2016-02-03T00:00:00Z,M1,Omusili Gwabinyobwa,2,,,,,,,,,,,,,,,
UGA,Africa Innovations Institude,32.1222569707067,0.203686999334623,"L03",vPv6VoT5Hx6,2015-09-11T00:00:00Z,M1,Etooke 1,2,,,,,,,,,,,,,,,
UGA,Africa Innovations Institude,32.1222569707067,0.203686999334623,"L03",LXeBkVStet6,2015-09-07T00:00:00Z,M5,Bush land garden,,,,,,,,,,,,,,,,
UGA,Africa Innovations Institude,31.1975267607797,3.5840602791963,"L01",YTTV9E8N5B7,2016-07-18T00:00:00Z,M4,Weke,1,7,,,,,,,t,,,,,,2,
UGA,Africa Innovations Institude,33.2567780274687,2.45257755461486,"L07",nf2b6XaXDy3,2016-01-20T00:00:00Z,M5,Poikwoyo,2,,,,,,,,,,,,,,,
UGA,Africa Innovations Institude,33.2567780274687,2.45257755461486,"L07",RscSHibFMZ,2016-01-30T00:00:00Z,M2,Bwe,2,,,,,,,,,,,,,,,
UGA,Africa Innovations Institude,34.3568865263743,1.03690346284041,"L02",1YCu7s1wQ37,2015-11-23T00:00:00Z,M2,Busikilwa,2,,,,,,,,,,,,,,,
UGA,Africa Innovations Institude,34.3568865263743,1.03690346284041,"L02",ypMu1Vkfqo9,2015-10-16T00:00:00Z,M1,Ibumbi,2,,,,,,,,,,,,,,,
UGA,Africa Innovations Institude,29.7871381860837,-1.24177656546097,"L04",n4TwADF35,2016-04-13T00:00:00Z,M4,Hakanyuma,1,8,,,,,,,,t,,,,,1,
UGA,Africa Innovations Institude,33.2567780274687,2.45257755461486,"L07",x3KJboY4Wn4,2016-02-03T00:00:00Z,M1,Potobata,1,1 2 7,t,t,,,,,t,,,,,,1,
UGA,Africa Innovations Institude,31.1975267607797,3.5840602791963,"L01",ome4ka94t7,2016-07-18T00:00:00Z,M3,Yumbe,2,,,,,,,,,,,,,,,
UGA,Africa Innovations Institude,31.1975267607797,3.5840602791963,"L01",vbnCBWJgn15,2016-07-18T00:00:00Z,M1,Oto,2,,,,,,,,,,,,,,,
UGA,Africa Innovations Institude,34.3568865263743,1.03690346284041,"L02",ZbpM6thc1b2,2015-11-22T00:00:00Z,M3,Wansi,2,,,,,,,,,,,,,,,
UGA,Africa Innovations Institude,29.7871381860837,-1.24177656546097,"L04",WmaX2iuVse5,2016-04-06T00:00:00Z,M5,Kyagahinda,2,,,,,,,,,,,,,,,
UGA,Africa Innovations Institude,33.2567780274687,2.45257755461486,"L07",E9xodbJqWb8,2016-02-08T00:00:00Z,M3,Polapena,2,,,,,,,,,,,,,,,
UGA,Africa Innovations Institude,29.7871381860837,-1.24177656546097,"L04",akR9WC1ESX,2016-04-15T00:00:00Z,M3,Mubigugu,2,,,,,,,,,,,,,,,
UGA,Africa Innovations Institude,31.7560832397785,1.87635436806258,"L06",Gr3yWAqnod7,2016-01-14T00:00:00Z,M3,Gwasalo,2,,,,,,,,,,,,,,,
UGA,Africa Innovations Institude,29.7871381860837,-1.24177656546097,"L04",52MH5CafZg9,2016-03-31T00:00:00Z,M3,Kamilo,1,2,,t,,,,,,,,,,,1,
UGA,Africa Innovations Institude,29.7871381860837,-1.24177656546097,"L04",iLvTEBAQTN6,2016-04-08T00:00:00Z,M1,Mukibaya,2,,,,,,,,,,,,,,,
UGA,Africa Innovations Institude,33.2567780274687,2.45257755461486,"L07",tsxUHiQSdd5,2016-02-08T00:00:00Z,M2,Polomodo,2,,,,,,,,,,,,,,,
UGA,Africa Innovations Institude,31.1975267607797,3.5840602791963,"L01",mSfzhnwYib5,2016-07-12T00:00:00Z,M3,Iti,2,,,,,,,,,,,,,,,
UGA,Africa Innovations Institude,31.7560832397785,1.87635436806258,"L06",Jm8YLfzpoy5,2016-01-17T00:00:00Z,M3,Poyo,2,,,,,,,,,,,,,,,
UGA,Africa Innovations Institude,32.1222569707067,0.203686999334623,"L03",VQjx1ubsk84,2015-09-08T00:00:00Z,M1,Kulusozi,2,,,,,,,,,,,,,,,
UGA,Africa Innovations Institude,33.2567780274687,2.45257755461486,"L07",7yhK3asbcg8,2016-01-20T00:00:00Z,M5,Potopena,1,1 7,t,,,,,,t,,,,,,1,
UGA,Africa Innovations Institude,31.1975267607797,3.5840602791963,"L01",gVnZfUnJ4V,2016-07-12T00:00:00Z,M3,Gilo,2,,,,,,,,,,,,,,,
UGA,Africa Innovations Institude,32.1222569707067,0.203686999334623,"L03",L3z2GfyVdH5,2015-08-10T00:00:00Z,M8,Etooke,2,,,,,,,,,,,,,,,
UGA,Africa Innovations Institude,31.7560832397785,1.87635436806258,"L06",4Ltk7eBsFy2,2016-01-12T00:00:00Z,M1,Musili Gwomuka,2,,,,,,,,,,,,,,,
UGA,Africa Innovations Institude,31.1975267607797,3.5840602791963,"L01",xVFJcnicr68,2016-07-18T00:00:00Z,M3,Wiki,2,,,,,,,,,,,,,,,
UGA,Africa Innovations Institude,31.1975267607797,3.5840602791963,"L01",TTKHU3eLS44,2016-07-15T00:00:00Z,M2,Ombe anvu,2,,,,,,,,,,,,,,,
UGA,Africa Innovations Institude,31.7560832397785,1.87635436806258,"L06",hFv6mHJEwd5,2016-01-28T00:00:00Z,M1,Kwaifo,2,,,,,,,,,,,,,,,
UGA,Africa Innovations Institude,33.2567780274687,2.45257755461486,"L07",6L8XQ2ivNNB,2016-02-01T00:00:00Z,M3,Potoibu,2,,,,,,,,,,,,,,,
UGA,Africa Innovations Institude,34.3568865263743,1.03690346284041,"L02",HWUQqfGSi37,2015-10-27T00:00:00Z,M4,Nabahana 1,2,,,,,,,,,,,,,,,
UGA,Africa Innovations Institude,29.7871381860837,-1.24177656546097,"L04",v29v4CgCb9A,2016-04-07T00:00:00Z,M4,Mukiharo,2,,,,,,,,,,,,,,,
UGA,Africa Innovations Institude,29.7871381860837,-1.24177656546097,"L04",WmaX2iuVse5,2016-04-06T00:00:00Z,M4,Gwabulindi,2,,,,,,,,,,,,,,,
UGA,Africa Innovations Institude,32.1222569707067,0.203686999334623,"L03",4mjZfGs3Aw,2015-09-08T00:00:00Z,M4,Home garden,2,,,,,,,,,,,,,,,
UGA,Africa Innovations Institude,33.2567780274687,2.45257755461486,"L07",zVWFb5eAbV7,2016-02-05T00:00:00Z,M2,Polmogo,2,,,,,,,,,,,,,,,
UGA,Africa Innovations Institude,33.2567780274687,2.45257755461486,"L07",x16vgM9iGq3,2016-02-07T00:00:00Z,M1,Polapena,2,,,,,,,,,,,,,,,
UGA,Africa Innovations Institude,29.7871381860837,-1.24177656546097,"L04",UKqsMYWu6S2,2016-04-06T00:00:00Z,M3,Hamatongo,1,7,,,,,,,t,,,,,,1,
UGA,Africa Innovations Institude,32.1222569707067,0.203686999334623,"L03",ve5Vid3J3j2,2015-08-16T00:00:00Z,M4,Ebari,2,,,,,,,,,,,,,,,
UGA,Africa Innovations Institude,29.7871381860837,-1.24177656546097,"L04",UYwovny68h,2016-04-27T00:00:00Z,M2,Wampimbi,2,,,,,,,,,,,,,,,
UGA,Africa Innovations Institude,31.7560832397785,1.87635436806258,"L06",kAKQZBMLkGA,2016-01-29T00:00:00Z,M4,Ebihimba,2,,,,,,,,,,,,,,,
UGA,Africa Innovations Institude,33.2567780274687,2.45257755461486,"L07",uMco3gkx1Z8,2016-02-08T00:00:00Z,M1,Poloyawo,2,,,,,,,,,,,,,,,
UGA,Africa Innovations Institude,31.7560832397785,1.87635436806258,"L06",6vZXvHtQdG2,2016-01-19T00:00:00Z,M1,Mayindi,2,,,,,,,,,,,,,,,
UGA,Africa Innovations Institude,32.1222569707067,0.203686999334623,"L03",r4YWWf5e5x3,2015-10-14T00:00:00Z,M1,Emanga,2,,,,,,,,,,,,,,,
UGA,Africa Innovations Institude,33.2567780274687,2.45257755461486,"L07",RscSHibFMZ,2016-01-30T00:00:00Z,M1,Alonyo,2,,,,,,,,,,,,,,,
UGA,Africa Innovations Institude,34.3568865263743,1.03690346284041,"L02",SDoi2yLPd6,2015-10-15T00:00:00Z,M2,Sheero,2,,,,,,,,,,,,,,,
UGA,Africa Innovations Institude,31.1975267607797,3.5840602791963,"L01",CR6uc2DJjF2,2016-07-23T00:00:00Z,M2,Loloroma 2,2,,,,,,,,,,,,,,,
UGA,Africa Innovations Institude,31.7560832397785,1.87635436806258,"L06",h2NJwtqVTd2,2016-01-10T00:00:00Z,M5,Kyorinibuni,1,7,,,,,,,t,,,,,,1,
UGA,Africa Innovations Institude,34.3568865263743,1.03690346284041,"L02",V5nBNdt5Wo9,2016-01-08T00:00:00Z,M2,Ebwabo,1,2,,t,,,,,,,,,,,1,
UGA,Africa Innovations Institude,31.1975267607797,3.5840602791963,"L01",8r9jJ38EDF2,2016-07-17T00:00:00Z,M2,Kibira Anvu 2,2,,,,,,,,,,,,,,,
UGA,Africa Innovations Institude,34.3568865263743,1.03690346284041,"L02",B77fdVMrcbB,2015-10-19T00:00:00Z,M3,Ewaka,2,,,,,,,,,,,,,,,
UGA,Africa Innovations Institude,34.3568865263743,1.03690346284041,"L02",ypMu1Vkfqo9,2015-10-16T00:00:00Z,M2,Buwali,2,,,,,,,,,,,,,,,
UGA,Africa Innovations Institude,29.7871381860837,-1.24177656546097,"L04",hnZo2CxSp92,2016-04-13T00:00:00Z,M3,Hamhabo 1,2,,,,,,,,,,,,,,,
UGA,Africa Innovations Institude,34.3568865263743,1.03690346284041,"L02",D3k4R1hEUdA,2016-01-06T00:00:00Z,M2,Mutila,2,,,,,,,,,,,,,,,
UGA,Africa Innovations Institude,31.1975267607797,3.5840602791963,"L01",U7Y9xmtZk89,2016-07-18T00:00:00Z,M3,Era,2,,,,,,,,,,,,,,,
UGA,Africa Innovations Institude,34.3568865263743,1.03690346284041,"L02",QT4VeJxXHv4,2015-11-20T00:00:00Z,M3,Nambale,2,,,,,,,,,,,,,,,
UGA,Africa Innovations Institude,34.3568865263743,1.03690346284041,"L02",8jLMpgU7qmA,2016-01-07T00:00:00Z,M2,Nashiro,2,,,,,,,,,,,,,,,
UGA,Africa Innovations Institude,31.7560832397785,1.87635436806258,"L06",fUwjdZnv1x2,2016-01-17T00:00:00Z,M1,Kisabo,2,,,,,,,,,,,,,,,
UGA,Africa Innovations Institude,34.3568865263743,1.03690346284041,"L02",w27bEeu1DR,2015-11-23T00:00:00Z,M1,Lusolo,2,,,,,,,,,,,,,,,
UGA,Africa Innovations Institude,32.1222569707067,0.203686999334623,"L03",oimuabaAoj4,2015-10-13T00:00:00Z,M6,Kibira garden,2,,,,,,,,,,,,,,,
UGA,Africa Innovations Institude,32.1222569707067,0.203686999334623,"L03",K28KewnXpk2,2015-08-17T00:00:00Z,M2,Garden near electric poles,2,,,,,,,,,,,,,,,
UGA,Africa Innovations Institude,29.7871381860837,-1.24177656546097,"L04",6knFhJg33R9,2016-03-31T00:00:00Z,M2,Muruhanga,1,8,,,,,,,,t,,,,,1,
UGA,Africa Innovations Institude,31.7560832397785,1.87635436806258,"L06",mpqcPSFDpCB,2016-02-03T00:00:00Z,M2,Jaka,2,,,,,,,,,,,,,,,
UGA,Africa Innovations Institude,29.7871381860837,-1.24177656546097,"L04",iLvTEBAQTN6,2016-04-08T00:00:00Z,M5,Mumusozi,1,1 2 7,t,t,,,,,t,,,,,,2,
UGA,Africa Innovations Institude,31.7560832397785,1.87635436806258,"L06",Gr3yWAqnod7,2016-01-14T00:00:00Z,M2,Kwaabori,2,,,,,,,,,,,,,,,
UGA,Africa Innovations Institude,31.1975267607797,3.5840602791963,"L01",EQUQxBxxA28,2016-07-25T00:00:00Z,M2,Mei,2,,,,,,,,,,,,,,,
UGA,Africa Innovations Institude,31.1975267607797,3.5840602791963,"L01",xVFJcnicr68,2016-07-18T00:00:00Z,M1,Komolo,2,,,,,,,,,,,,,,,
UGA,Africa Innovations Institude,29.7871381860837,-1.24177656546097,"L04",z9PS7Qjy5L2,2016-04-07T00:00:00Z,M2,Burungi,1,8,,,,,,,,t,,,,,1,
UGA,Africa Innovations Institude,29.7871381860837,-1.24177656546097,"L04",hnZo2CxSp92,2016-04-13T00:00:00Z,M4,Hamhabo 2,2,,,,,,,,,,,,,,,
UGA,Africa Innovations Institude,34.3568865263743,1.03690346284041,"L02",ea6XKQhZyd3,2015-10-26T00:00:00Z,M3,Nabutawo,2,,,,,,,,,,,,,,,
UGA,Africa Innovations Institude,29.7871381860837,-1.24177656546097,"L04",Kq42xQGSvu4,2016-04-14T00:00:00Z,M1,Ahaka,2,,,,,,,,,,,,,,,
UGA,Africa Innovations Institude,31.1975267607797,3.5840602791963,"L01",aANwrQbMsa3,2016-07-19T00:00:00Z,M2,Ngigo,2,,,,,,,,,,,,,,,
UGA,Africa Innovations Institude,29.7871381860837,-1.24177656546097,"L04",xJ36NSni7X2,2016-04-24T00:00:00Z,M7,Mukigoma,2,,,,,,,,,,,,,,,
UGA,Africa Innovations Institude,32.1222569707067,0.203686999334623,"L03",LAqtBPvPxy,2015-10-07T00:00:00Z,M2,Church garden 1,2,,,,,,,,,,,,,,,
UGA,Africa Innovations Institude,31.7560832397785,1.87635436806258,"L06",2Zy882qHx74,2016-01-27T00:00:00Z,M3,Kiapine,2,,,,,,,,,,,,,,,
UGA,Africa Innovations Institude,32.1222569707067,0.203686999334623,"L03",1DKzT4xkSq9,2015-09-11T00:00:00Z,M1,Home garden,2,,,,,,,,,,,,,,,
UGA,Africa Innovations Institude,29.7871381860837,-1.24177656546097,"L04",vkQ3CHAz8S2,2016-04-05T00:00:00Z,M2,Halugulu,2,,,,,,,,,,,,,,,
UGA,Africa Innovations Institude,31.1975267607797,3.5840602791963,"L01",YTTV9E8N5B7,2016-07-18T00:00:00Z,M3,Injo,2,,,,,,,,,,,,,,,
UGA,Africa Innovations Institude,31.7560832397785,1.87635436806258,"L06",pMDUa1EHvb,2016-01-15T00:00:00Z,M2,Kibureni,2,,,,,,,,,,,,,,,
UGA,Africa Innovations Institude,33.2567780274687,2.45257755461486,"L07",Uvc1cgf5XM9,2016-02-05T00:00:00Z,M4,Polomogo,2,,,,,,,,,,,,,,,
UGA,Africa Innovations Institude,33.2567780274687,2.45257755461486,"L07",jsuqiyHhZp3,2016-02-04T00:00:00Z,M1,Polchoki,2,,,,,,,,,,,,,,,
UGA,Africa Innovations Institude,31.1975267607797,3.5840602791963,"L01",tNWzZ2EiTjA,2016-07-25T00:00:00Z,M3,Sambya,2,,,,,,,,,,,,,,,
UGA,Africa Innovations Institude,31.7560832397785,1.87635436806258,"L06",QybMet9zZh8,2016-01-06T00:00:00Z,M5,Gweruguru,2,,,,,,,,,,,,,,,
UGA,Africa Innovations Institude,32.1222569707067,0.203686999334623,"L03",K28KewnXpk2,2015-09-04T00:00:00Z,M1,Home garden,2,,,,,,,,,,,,,,,
UGA,Africa Innovations Institude,31.1975267607797,3.5840602791963,"L01",fqBewDc4e89,2016-07-28T00:00:00Z,M3,Godo,2,,,,,,,,,,,,,,,
UGA,Africa Innovations Institude,34.3568865263743,1.03690346284041,"L02",B77fdVMrcbB,2015-10-19T00:00:00Z,M2,Shikango,2,,,,,,,,,,,,,,,
UGA,Africa Innovations Institude,31.7560832397785,1.87635436806258,"L06",i5k7QWkLJw8,2016-02-03T00:00:00Z,M3,Bihimba musili,2,,,,,,,,,,,,,,,
UGA,Africa Innovations Institude,31.1975267607797,3.5840602791963,"L01",kyXkjdQuZSA,2016-07-24T00:00:00Z,M2,Koka,2,,,,,,,,,,,,,,,
UGA,Africa Innovations Institude,31.1975267607797,3.5840602791963,"L01",gVnZfUnJ4V,2016-07-12T00:00:00Z,M2,Komolo,2,,,,,,,,,,,,,,,
UGA,Africa Innovations Institude,31.7560832397785,1.87635436806258,"L06",2Zy882qHx74,2016-01-27T00:00:00Z,M1,Pajaka,2,,,,,,,,,,,,,,,
UGA,Africa Innovations Institude,29.7871381860837,-1.24177656546097,"L04",xJ36NSni7X2,2016-04-24T00:00:00Z,M4,Gihinga,2,,,,,,,,,,,,,,,
UGA,Africa Innovations Institude,34.3568865263743,1.03690346284041,"L02",3csKwZMd8vA,2016-01-06T00:00:00Z,M1,Nakungu,1,51,,,,,,,,,,,t,Pigs,1,
UGA,Africa Innovations Institude,32.1222569707067,0.203686999334623,"L03",L3z2GfyVdH5,2015-08-10T00:00:00Z,M2,Lumonde,2,,,,,,,,,,,,,,,
UGA,Africa Innovations Institude,32.1222569707067,0.203686999334623,"L03",pfmDHWctSE3,2015-09-11T00:00:00Z,M2,Forest garden 1,2,,,,,,,,,,,,,,,
UGA,Africa Innovations Institude,29.7871381860837,-1.24177656546097,"L04",UYwovny68h,2016-04-27T00:00:00Z,M1,Rushungu,2,,,,,,,,,,,,,,,
UGA,Africa Innovations Institude,31.7560832397785,1.87635436806258,"L06",pMDUa1EHvb,2016-01-15T00:00:00Z,M3,Andra,1,7,,,,,,,t,,,,,,1,
UGA,Africa Innovations Institude,32.1222569707067,0.203686999334623,"L03",oimuabaAoj4,2015-10-13T00:00:00Z,M3,Forest garden 1,2,,,,,,,,,,,,,,,
UGA,Africa Innovations Institude,33.2567780274687,2.45257755461486,"L07",bT98NEoYxz6,2016-01-16T00:00:00Z,M3,Potogarcia,2,,,,,,,,,,,,,,,
UGA,Africa Innovations Institude,32.1222569707067,0.203686999334623,"L03",8wVusWBvZSA,2015-07-29T00:00:00Z,M3,Forest garden 1,2,,,,,,,,,,,,,,,
UGA,Africa Innovations Institude,32.1222569707067,0.203686999334623,"L03",mUQGMG1UT55,2015-08-10T00:00:00Z,M4,Beans near the forest,2,,,,,,,,,,,,,,,
UGA,Africa Innovations Institude,33.2567780274687,2.45257755461486,"L07",J4NQk5mWMXA,2016-02-07T00:00:00Z,M2,Deroketch,1,2,,t,,,,,,,,,,,1,
UGA,Africa Innovations Institude,29.7871381860837,-1.24177656546097,"L04",WmaX2iuVse5,2016-04-06T00:00:00Z,M1,Bishimbo,2,,,,,,,,,,,,,,,
UGA,Africa Innovations Institude,31.7560832397785,1.87635436806258,"L06",thYGMAV5F28,2016-01-13T00:00:00Z,M1,Gwakanyuma,2,,,,,,,,,,,,,,,
UGA,Africa Innovations Institude,31.1975267607797,3.5840602791963,"L01",fqBewDc4e89,2016-07-28T00:00:00Z,M1,Banda,2,,,,,,,,,,,,,,,
UGA,Africa Innovations Institude,32.1222569707067,0.203686999334623,"L03",oimuabaAoj4,2015-10-13T00:00:00Z,M1,Home garden,2,,,,,,,,,,,,,,,
UGA,Africa Innovations Institude,32.1222569707067,0.203686999334623,"L03",K28KewnXpk2,2015-09-04T00:00:00Z,M5,Forest garden 3,2,,,,,,,,,,,,,,,
UGA,Africa Innovations Institude,31.7560832397785,1.87635436806258,"L06",i5k7QWkLJw8,2016-02-03T00:00:00Z,M5,Gwamuhanda,2,,,,,,,,,,,,,,,
UGA,Africa Innovations Institude,29.7871381860837,-1.24177656546097,"L04",TdHhH26Qsi9,2016-03-22T00:00:00Z,M2,Kumuluka,2,,,,,,,,,,,,,,,
UGA,Africa Innovations Institude,31.7560832397785,1.87635436806258,"L06",hFv6mHJEwd5,2016-01-28T00:00:00Z,M2,Gwelugulu,2,,,,,,,,,,,,,,,
UGA,Africa Innovations Institude,33.2567780274687,2.45257755461486,"L07",PxqUsT3Kg39,2016-02-05T00:00:00Z,M4,Poloyawo,2,,,,,,,,,,,,,,,
UGA,Africa Innovations Institude,31.1975267607797,3.5840602791963,"L01",4YxLyEvHcr2,2016-07-26T00:00:00Z,M1,Balili,2,,,,,,,,,,,,,,,
UGA,Africa Innovations Institude,34.3568865263743,1.03690346284041,"L02",HWUQqfGSi37,2015-10-27T00:00:00Z,M5,Nabahana II,2,,,,,,,,,,,,,,,
UGA,Africa Innovations Institude,34.3568865263743,1.03690346284041,"L02",3csKwZMd8vA,2016-01-06T00:00:00Z,M2,Nabweko,2,,,,,,,,,,,,,,,
UGA,Africa Innovations Institude,31.1975267607797,3.5840602791963,"L01",TTKHU3eLS44,2016-07-15T00:00:00Z,M4,Koka anvu,2,,,,,,,,,,,,,,,
UGA,Africa Innovations Institude,29.7871381860837,-1.24177656546097,"L04",Mc7EjdDK3M3,2016-04-06T00:00:00Z,M2,Bugara II,1,8,,,,,,,,t,,,,,1,
UGA,Africa Innovations Institude,31.7560832397785,1.87635436806258,"L06",h2NJwtqVTd2,2016-01-10T00:00:00Z,M4,Avaca,2,,,,,,,,,,,,,,,
UGA,Africa Innovations Institude,34.3568865263743,1.03690346284041,"L02",hiJdT15von9,2015-11-20T00:00:00Z,M2,Home garden 2,2,,,,,,,,,,,,,,,
UGA,Africa Innovations Institude,34.3568865263743,1.03690346284041,"L02",Yz9QZdfbFV,2015-11-24T00:00:00Z,M2,Across the road garden,2,,,,,,,,,,,,,,,
UGA,Africa Innovations Institude,31.1975267607797,3.5840602791963,"L01",vsXLkjJ58x2,2016-07-27T00:00:00Z,M3,Kulukaku,2,,,,,,,,,,,,,,,
UGA,Africa Innovations Institude,31.7560832397785,1.87635436806258,"L06",jim2m9kx6y4,2015-12-26T00:00:00Z,M1,Home garden,2,,,,,,,,,,,,,,,
UGA,Africa Innovations Institude,33.2567780274687,2.45257755461486,"L07",x16vgM9iGq3,2016-02-07T00:00:00Z,M2,Polokal,2,,,,,,,,,,,,,,,
UGA,Africa Innovations Institude,31.1975267607797,3.5840602791963,"L01",VHVUj6zT8c6,2016-07-17T00:00:00Z,M3,Arah 2,2,,,,,,,,,,,,,,,
UGA,Africa Innovations Institude,32.1222569707067,0.203686999334623,"L03",r8r378XZhzA,2015-08-10T00:00:00Z,M4,Lusuku,2,,,,,,,,,,,,,,,
UGA,Africa Innovations Institude,29.7871381860837,-1.24177656546097,"L04",GPDYh6MvUT3,2016-04-01T00:00:00Z,M3,Kisagala,1,8,,,,,,,,t,,,,,2,
UGA,Africa Innovations Institude,33.2567780274687,2.45257755461486,"L07",x3KJboY4Wn4,2016-02-03T00:00:00Z,M3,Potoeme,1,1 2 7,t,t,,,,,t,,,,,,2,
UGA,Africa Innovations Institude,34.3568865263743,1.03690346284041,"L02",bUbW5XZNtd3,2015-10-27T00:00:00Z,M1,Waka,2,,,,,,,,,,,,,,,
UGA,Africa Innovations Institude,31.7560832397785,1.87635436806258,"L06",jim2m9kx6y4,2015-12-26T00:00:00Z,M3,Roadside garden,2,,,,,,,,,,,,,,,
UGA,Africa Innovations Institude,34.3568865263743,1.03690346284041,"L02",WMFdhZg7RN5,2015-10-23T00:00:00Z,M2,Eskinyi,2,,,,,,,,,,,,,,,
UGA,Africa Innovations Institude,29.7871381860837,-1.24177656546097,"L04",GPDYh6MvUT3,2016-04-01T00:00:00Z,M1,Rusebeya,1,8,,,,,,,,t,,,,,1,
UGA,Africa Innovations Institude,32.1222569707067,0.203686999334623,"L03",CLcgNTsm4y7,2015-10-08T00:00:00Z,M7,Kasoli garden,2,,,,,,,,,,,,,,,
UGA,Africa Innovations Institude,29.7871381860837,-1.24177656546097,"L04",LEzTDqKV6f3,2016-04-06T00:00:00Z,M2,Kurugo,1,7,,,,,,,t,,,,,,1,
UGA,Africa Innovations Institude,31.1975267607797,3.5840602791963,"L01",wEEPeGoe7x7,2016-07-31T00:00:00Z,M1,Ocheli,2,,,,,,,,,,,,,,,
UGA,Africa Innovations Institude,33.2567780274687,2.45257755461486,"L07",mjcdtjVVCA6,2016-02-06T00:00:00Z,M6,Polomabre,2,,,,,,,,,,,,,,,
UGA,Africa Innovations Institude,34.3568865263743,1.03690346284041,"L02",GwMi53segV4,2015-10-20T00:00:00Z,M2,Bunaliba,2,,,,,,,,,,,,,,,
UGA,Africa Innovations Institude,33.2567780274687,2.45257755461486,"L07",EQM92niTjw,2016-02-05T00:00:00Z,M3,Tetughu,2,,,,,,,,,,,,,,,
UGA,Africa Innovations Institude,33.2567780274687,2.45257755461486,"L07",mjcdtjVVCA6,2016-02-06T00:00:00Z,M2,Polyawo,2,,,,,,,,,,,,,,,
UGA,Africa Innovations Institude,31.7560832397785,1.87635436806258,"L06",kJPFgVkrzr8,2016-02-03T00:00:00Z,M2,Banda,2,,,,,,,,,,,,,,,
UGA,Africa Innovations Institude,34.3568865263743,1.03690346284041,"L02",2TsiWCE9wU3,2016-01-04T00:00:00Z,M2,Banamea,2,,,,,,,,,,,,,,,
UGA,Africa Innovations Institude,29.7871381860837,-1.24177656546097,"L04",UBoKCmEGFXB,2016-04-05T00:00:00Z,M2,Bishaki,2,,,,,,,,,,,,,,,
UGA,Africa Innovations Institude,29.7871381860837,-1.24177656546097,"L04",UBoKCmEGFXB,2016-04-05T00:00:00Z,M4,Bisiibo,2,,,,,,,,,,,,,,,
UGA,Africa Innovations Institude,31.7560832397785,1.87635436806258,"L06",NmseUo1CjBA,2015-12-26T00:00:00Z,M1,Embiyo,2,,,,,,,,,,,,,,,
UGA,Africa Innovations Institude,29.7871381860837,-1.24177656546097,"L04",iLvTEBAQTN6,2016-04-08T00:00:00Z,M6,Murukono,1,1 2 7,t,t,,,,,t,,,,,,2,
UGA,Africa Innovations Institude,31.7560832397785,1.87635436806258,"L06",Zsq7RscRsJA,2015-12-27T00:00:00Z,M1,Kalanga,2,,,,,,,,,,,,,,,
UGA,Africa Innovations Institude,32.1222569707067,0.203686999334623,"L03",43ozar7mLV6,2016-01-27T00:00:00Z,M2,Emanga1,2,,,,,,,,,,,,,,,
UGA,Africa Innovations Institude,31.7560832397785,1.87635436806258,"L06",WKmRQnKoHA8,2016-02-01T00:00:00Z,M4,Andra,2,,,,,,,,,,,,,,,
UGA,Africa Innovations Institude,31.7560832397785,1.87635436806258,"L06",kAKQZBMLkGA,2016-01-29T00:00:00Z,M3,Muka,2,,,,,,,,,,,,,,,
UGA,Africa Innovations Institude,31.7560832397785,1.87635436806258,"L06",f52oa28ri63,2016-01-09T00:00:00Z,M2,Kyana,2,,,,,,,,,,,,,,,
UGA,Africa Innovations Institude,32.1222569707067,0.203686999334623,"L03",k6Z9D2Z16q9,2015-10-10T00:00:00Z,M4,Kasoli,2,,,,,,,,,,,,,,,
UGA,Africa Innovations Institude,29.7871381860837,-1.24177656546097,"L04",LEzTDqKV6f3,2016-04-06T00:00:00Z,M3,Mabande,2,,,,,,,,,,,,,,,
UGA,Africa Innovations Institude,31.7560832397785,1.87635436806258,"L06",h2NJwtqVTd2,2016-01-10T00:00:00Z,M3,Oni,2,,,,,,,,,,,,,,,
UGA,Africa Innovations Institude,34.3568865263743,1.03690346284041,"L02",fYfZbzp5Nv8,2016-01-07T00:00:00Z,M2,Nabutasi,2,,,,,,,,,,,,,,,
UGA,Africa Innovations Institude,33.2567780274687,2.45257755461486,"L07",Uvc1cgf5XM9,2016-02-05T00:00:00Z,M2,Polonino,2,,,,,,,,,,,,,,,
UGA,Africa Innovations Institude,31.1975267607797,3.5840602791963,"L01",rR4rphkhyt6,2016-07-14T00:00:00Z,M2,Biito,2,,,,,,,,,,,,,,,
UGA,Africa Innovations Institude,29.7871381860837,-1.24177656546097,"L04",Kq42xQGSvu4,2016-04-14T00:00:00Z,M3,Muka,2,,,,,,,,,,,,,,,
UGA,Africa Innovations Institude,31.7560832397785,1.87635436806258,"L06",fUwjdZnv1x2,2016-01-17T00:00:00Z,M2,Pungula,2,,,,,,,,,,,,,,,
UGA,Africa Innovations Institude,32.1222569707067,0.203686999334623,"L03",8WWivGcFUz5,2015-07-30T00:00:00Z,M3,Kubikajo,2,,,,,,,,,,,,,,,
UGA,Africa Innovations Institude,34.3568865263743,1.03690346284041,"L02",Yz9QZdfbFV,2015-11-24T00:00:00Z,M1,Home garden,2,,,,,,,,,,,,,,,
UGA,Africa Innovations Institude,33.2567780274687,2.45257755461486,"L07",dxNCxyUf9J5,2016-01-14T00:00:00Z,M2,Potoyenapera,2,,,,,,,,,,,,,,,
UGA,Africa Innovations Institude,32.1222569707067,0.203686999334623,"L03",r8r378XZhzA,2015-08-10T00:00:00Z,M2,Engulu2,1,2,,t,,,,,,,,,,,1,
UGA,Africa Innovations Institude,29.7871381860837,-1.24177656546097,"L04",Kq42xQGSvu4,2016-04-14T00:00:00Z,M6,Heifekundo,2,,,,,,,,,,,,,,,
UGA,Africa Innovations Institude,33.2567780274687,2.45257755461486,"L07",nf2b6XaXDy3,2016-01-20T00:00:00Z,M2,Potoyao,1,1,t,,,,,,,,,,,,1,
UGA,Africa Innovations Institude,31.7560832397785,1.87635436806258,"L06",Gr3yWAqnod7,2016-01-14T00:00:00Z,M4,Gwamukera,2,,,,,,,,,,,,,,,
UGA,Africa Innovations Institude,31.7560832397785,1.87635436806258,"L06",4Ltk7eBsFy2,2016-01-12T00:00:00Z,M4,Ibaale Musili,2,,,,,,,,,,,,,,,
UGA,Africa Innovations Institude,33.2567780274687,2.45257755461486,"L07",EQM92niTjw,2016-02-05T00:00:00Z,M2,Polmogo,2,,,,,,,,,,,,,,,
UGA,Africa Innovations Institude,34.3568865263743,1.03690346284041,"L02",GwMi53segV4,2015-10-20T00:00:00Z,M3,Luteba,2,,,,,,,,,,,,,,,
UGA,Africa Innovations Institude,31.1975267607797,3.5840602791963,"L01",EQUQxBxxA28,2016-07-25T00:00:00Z,M3,Ejesi,2,,,,,,,,,,,,,,,
UGA,Africa Innovations Institude,31.7560832397785,1.87635436806258,"L06",QybMet9zZh8,2016-01-06T00:00:00Z,M6,Kyakribu,2,,,,,,,,,,,,,,,
UGA,Africa Innovations Institude,32.1222569707067,0.203686999334623,"L03",CLcgNTsm4y7,2015-10-08T00:00:00Z,M4,Forest garden 3,2,,,,,,,,,,,,,,,
UGA,Africa Innovations Institude,34.3568865263743,1.03690346284041,"L02",fYfZbzp5Nv8,2016-01-07T00:00:00Z,M1,Nashiomo,2,,,,,,,,,,,,,,,
UGA,Africa Innovations Institude,32.1222569707067,0.203686999334623,"L03",RnembMKrW72,2015-08-13T00:00:00Z,M1,Grave yard garden,2,,,,,,,,,,,,,,,
UGA,Africa Innovations Institude,29.7871381860837,-1.24177656546097,"L04",iLvTEBAQTN6,2016-04-08T00:00:00Z,M7,Mumucamo,2,,,,,,,,,,,,,,,
UGA,Africa Innovations Institude,29.7871381860837,-1.24177656546097,"L04",iLvTEBAQTN6,2016-04-08T00:00:00Z,M3,Mamatongo,1,1 2 7,t,t,,,,,t,,,,,,1,
UGA,Africa Innovations Institude,32.1222569707067,0.203686999334623,"L03",LAqtBPvPxy,2015-10-07T00:00:00Z,M5,Forest garden,2,,,,,,,,,,,,,,,
UGA,Africa Innovations Institude,31.7560832397785,1.87635436806258,"L06",mpqcPSFDpCB,2016-02-03T00:00:00Z,M3,Andra,2,,,,,,,,,,,,,,,
UGA,Africa Innovations Institude,29.7871381860837,-1.24177656546097,"L04",52MH5CafZg9,2016-03-31T00:00:00Z,M2,Kwamahano,1,2,,t,,,,,,,,,,,1,
UGA,Africa Innovations Institude,31.7560832397785,1.87635436806258,"L06",2Zy882qHx74,2016-01-27T00:00:00Z,M4,Palobolo,2,,,,,,,,,,,,,,,
UGA,Africa Innovations Institude,29.7871381860837,-1.24177656546097,"L04",UKqsMYWu6S2,2016-04-06T00:00:00Z,M5,Lugalama,2,,,,,,,,,,,,,,,
UGA,Africa Innovations Institude,33.2567780274687,2.45257755461486,"L07",6L8XQ2ivNNB,2016-02-01T00:00:00Z,M4,Potoigepachu,1,1 2 7,t,t,,,,,t,,,,,,2,
UGA,Africa Innovations Institude,32.1222569707067,0.203686999334623,"L03",K28KewnXpk2,2015-08-17T00:00:00Z,M3,Garden opposite home,2,,,,,,,,,,,,,,,
UGA,Africa Innovations Institude,31.7560832397785,1.87635436806258,"L06",Zsq7RscRsJA,2015-12-27T00:00:00Z,M3,Awage1,2,,,,,,,,,,,,,,,
UGA,Africa Innovations Institude,32.1222569707067,0.203686999334623,"L03",3eWkuw2PPtA,2015-10-09T00:00:00Z,M4,Waka,2,,,,,,,,,,,,,,,
UGA,Africa Innovations Institude,29.7871381860837,-1.24177656546097,"L04",UYwovny68h,2016-04-27T00:00:00Z,M5,Rushebeya2,1,8,,,,,,,,t,,,,,2,
UGA,Africa Innovations Institude,29.7871381860837,-1.24177656546097,"L04",vkQ3CHAz8S2,2016-04-05T00:00:00Z,M1,Efoyenju,2,,,,,,,,,,,,,,,
UGA,Africa Innovations Institude,32.1222569707067,0.203686999334623,"L03",VQjx1ubsk84,2015-09-08T00:00:00Z,M3,Matooke,2,,,,,,,,,,,,,,,
UGA,Africa Innovations Institude,31.1975267607797,3.5840602791963,"L01",Te4C6DJXQq6,2016-07-24T00:00:00Z,M4,Komolo,2,,,,,,,,,,,,,,,
UGA,Africa Innovations Institude,31.7560832397785,1.87635436806258,"L06",XBSg6BUGH3,2016-01-27T00:00:00Z,M1,Kisabo 1,2,,,,,,,,,,,,,,,
UGA,Africa Innovations Institude,31.7560832397785,1.87635436806258,"L06",wJPLc9G7D59,2016-02-03T00:00:00Z,M1,Ngwengwe,2,,,,,,,,,,,,,,,
UGA,Africa Innovations Institude,29.7871381860837,-1.24177656546097,"L04",n4TwADF35,2016-04-13T00:00:00Z,M1,Nihamba,2,,,,,,,,,,,,,,,
UGA,Africa Innovations Institude,33.2567780274687,2.45257755461486,"L07",E9xodbJqWb8,2016-02-08T00:00:00Z,M2,Ebogbog,2,,,,,,,,,,,,,,,
UGA,Africa Innovations Institude,33.2567780274687,2.45257755461486,"L07",uNqoVbaZpG3,2016-01-19T00:00:00Z,M4,Potoyao,2,,,,,,,,,,,,,,,
UGA,Africa Innovations Institude,33.2567780274687,2.45257755461486,"L07",jsuqiyHhZp3,2016-02-04T00:00:00Z,M2,Polana,1,7,,,,,,,t,,,,,,2,
UGA,Africa Innovations Institude,31.1975267607797,3.5840602791963,"L01",kyXkjdQuZSA,2016-07-24T00:00:00Z,M3,Agovu,2,,,,,,,,,,,,,,,
UGA,Africa Innovations Institude,34.3568865263743,1.03690346284041,"L02",B77fdVMrcbB,2015-10-19T00:00:00Z,M1,Naserebwe,2,,,,,,,,,,,,,,,
UGA,Africa Innovations Institude,31.1975267607797,3.5840602791963,"L01",3WbmqA7gbk2,2016-07-13T00:00:00Z,M2,Komolo,2,,,,,,,,,,,,,,,
UGA,Africa Innovations Institude,34.3568865263743,1.03690346284041,"L02",HWUQqfGSi37,2015-10-27T00:00:00Z,M6,Makozo,2,,,,,,,,,,,,,,,
UGA,Africa Innovations Institude,31.7560832397785,1.87635436806258,"L06",Xab6HD3Zh47,2016-01-15T00:00:00Z,M2,Oruda,2,,,,,,,,,,,,,,,
UGA,Africa Innovations Institude,31.1975267607797,3.5840602791963,"L01",YTTV9E8N5B7,2016-07-18T00:00:00Z,M2,Muchunga,2,,,,,,,,,,,,,,,
UGA,Africa Innovations Institude,31.1975267607797,3.5840602791963,"L01",3WbmqA7gbk2,2016-07-13T00:00:00Z,M3,Logodo,2,,,,,,,,,,,,,,,
UGA,Africa Innovations Institude,32.1222569707067,0.203686999334623,"L03",mUQGMG1UT55,2015-08-10T00:00:00Z,M5,Forest garden 2,1,2,,t,,,,,,,,,,,2,
UGA,Africa Innovations Institude,32.1222569707067,0.203686999334623,"L03",CLcgNTsm4y7,2015-10-08T00:00:00Z,M3,Forest garden 2,2,,,,,,,,,,,,,,,
UGA,Africa Innovations Institude,34.3568865263743,1.03690346284041,"L02",yydJpRV8pPB,2016-01-05T00:00:00Z,M3,Wansi,2,,,,,,,,,,,,,,,
UGA,Africa Innovations Institude,29.7871381860837,-1.24177656546097,"L04",akR9WC1ESX,2016-04-15T00:00:00Z,M6,Rusebeya,2,,,,,,,,,,,,,,,
UGA,Africa Innovations Institude,32.1222569707067,0.203686999334623,"L03",LAqtBPvPxy,2015-10-07T00:00:00Z,M6,Forest garden 2,2,,,,,,,,,,,,,,,
UGA,Africa Innovations Institude,33.2567780274687,2.45257755461486,"L07",EQM92niTjw,2016-02-05T00:00:00Z,M1,Polonino,2,,,,,,,,,,,,,,,
UGA,Africa Innovations Institude,32.1222569707067,0.203686999334623,"L03",vPv6VoT5Hx6,2015-09-11T00:00:00Z,M2,Lumonde,2,,,,,,,,,,,,,,,
UGA,Africa Innovations Institude,29.7871381860837,-1.24177656546097,"L04",GEpVmB1chZ,2016-04-08T00:00:00Z,M1,Kagano1,2,,,,,,,,,,,,,,,
UGA,Africa Innovations Institude,29.7871381860837,-1.24177656546097,"L04",UKqsMYWu6S2,2016-04-06T00:00:00Z,M4,Bamba,1,7,,,,,,,t,,,,,,1,
UGA,Africa Innovations Institude,33.2567780274687,2.45257755461486,"L07",qGGstvM2E46,2016-02-04T00:00:00Z,M2,Polooduru,2,,,,,,,,,,,,,,,
UGA,Africa Innovations Institude,29.7871381860837,-1.24177656546097,"L04",Kq42xQGSvu4,2016-04-14T00:00:00Z,M5,Hefoyomuka,2,,,,,,,,,,,,,,,
UGA,Africa Innovations Institude,31.7560832397785,1.87635436806258,"L06",pMDUa1EHvb,2016-01-15T00:00:00Z,M1,Onidyeri,1,7,,,,,,,t,,,,,,1,
UGA,Africa Innovations Institude,32.1222569707067,0.203686999334623,"L03",LXeBkVStet6,2015-09-07T00:00:00Z,M3,Bijanjalo garden,,,,,,,,,,,,,,,,
UGA,Africa Innovations Institude,32.1222569707067,0.203686999334623,"L03",8WWivGcFUz5,2015-07-30T00:00:00Z,M1,Emanga,2,,,,,,,,,,,,,,,
UGA,Africa Innovations Institude,34.3568865263743,1.03690346284041,"L02",2TsiWCE9wU3,2016-01-04T00:00:00Z,M1,Gushu,2,,,,,,,,,,,,,,,
UGA,Africa Innovations Institude,32.1222569707067,0.203686999334623,"L03",mUQGMG1UT55,2015-08-10T00:00:00Z,M6,Forest garden 3,2,,,,,,,,,,,,,,,
UGA,Africa Innovations Institude,32.1222569707067,0.203686999334623,"L03",oimuabaAoj4,2015-10-13T00:00:00Z,M4,Tree garden,2,,,,,,,,,,,,,,,
UGA,Africa Innovations Institude,29.7871381860837,-1.24177656546097,"L04",WmaX2iuVse5,2016-04-06T00:00:00Z,M3,Kibala,2,,,,,,,,,,,,,,,
UGA,Africa Innovations Institude,29.7871381860837,-1.24177656546097,"L04",Mc7EjdDK3M3,2016-04-06T00:00:00Z,M4,Katali,2,,,,,,,,,,,,,,,
UGA,Africa Innovations Institude,32.1222569707067,0.203686999334623,"L03",nG6geyTvwq7,2015-09-05T00:00:00Z,M5,Mukasoli,1,7,,,,,,,t,,,,,,2,
UGA,Africa Innovations Institude,32.1222569707067,0.203686999334623,"L03",ve5Vid3J3j2,2015-08-16T00:00:00Z,M1,Emanju,2,,,,,,,,,,,,,,,
UGA,Africa Innovations Institude,32.1222569707067,0.203686999334623,"L03",RnembMKrW72,2015-08-13T00:00:00Z,M2,Home garden,2,,,,,,,,,,,,,,,
UGA,Africa Innovations Institude,33.2567780274687,2.45257755461486,"L07",ZHkM7aJSPR8,2016-01-26T00:00:00Z,M2,Potoiteyao,2,,,,,,,,,,,,,,,
UGA,Africa Innovations Institude,29.7871381860837,-1.24177656546097,"L04",v29v4CgCb9A,2016-04-07T00:00:00Z,M2,Ahakarambi,2,,,,,,,,,,,,,,,
UGA,Africa Innovations Institude,31.1975267607797,3.5840602791963,"L01",U7Y9xmtZk89,2016-07-18T00:00:00Z,M1,Obugo,2,,,,,,,,,,,,,,,
UGA,Africa Innovations Institude,34.3568865263743,1.03690346284041,"L02",1Mcd53U8Qb4,2015-10-22T00:00:00Z,M1,Bumasumba,2,,,,,,,,,,,,,,,
UGA,Africa Innovations Institude,33.2567780274687,2.45257755461486,"L07",7yhK3asbcg8,2016-01-20T00:00:00Z,M1,Widur,1,1 7,t,,,,,,t,,,,,,1,
UGA,Africa Innovations Institude,32.1222569707067,0.203686999334623,"L03",ve5Vid3J3j2,2015-08-16T00:00:00Z,M3,Manimilo,2,,,,,,,,,,,,,,,
UGA,Africa Innovations Institude,31.1975267607797,3.5840602791963,"L01",TTKHU3eLS44,2016-07-15T00:00:00Z,M3,Tiika anvu,2,,,,,,,,,,,,,,,
UGA,Africa Innovations Institude,31.1975267607797,3.5840602791963,"L01",Lsy3YMkKGP2,2016-07-23T00:00:00Z,M3,Mazaki,2,,,,,,,,,,,,,,,
UGA,Africa Innovations Institude,31.1975267607797,3.5840602791963,"L01",8r9jJ38EDF2,2016-07-17T00:00:00Z,M3,Komolo,2,,,,,,,,,,,,,,,
UGA,Africa Innovations Institude,33.2567780274687,2.45257755461486,"L07",7yhK3asbcg8,2016-01-20T00:00:00Z,M3,Potoingetpachu,1,1 7,t,,,,,,t,,,,,,1,
UGA,Africa Innovations Institude,34.3568865263743,1.03690346284041,"L02",QT4VeJxXHv4,2015-11-20T00:00:00Z,M4,Nabikingi,2,,,,,,,,,,,,,,,
UGA,Africa Innovations Institude,32.1222569707067,0.203686999334623,"L03",LAqtBPvPxy,2015-10-07T00:00:00Z,M1,Home garden,2,,,,,,,,,,,,,,,
UGA,Africa Innovations Institude,32.1222569707067,0.203686999334623,"L03",VQjx1ubsk84,2015-09-08T00:00:00Z,M2,Emanga,2,,,,,,,,,,,,,,,
UGA,Africa Innovations Institude,32.1222569707067,0.203686999334623,"L03",nG6geyTvwq7,2015-09-05T00:00:00Z,M2,Mulusuku,2,,,,,,,,,,,,,,,
UGA,Africa Innovations Institude,29.7871381860837,-1.24177656546097,"L04",CW2n61MumoA,2016-04-03T00:00:00Z,M1,Nyamwishonga,1,4,,,,t,,,,,,,,,2,
UGA,Africa Innovations Institude,32.1222569707067,0.203686999334623,"L03",RnembMKrW72,2015-08-13T00:00:00Z,M3,Boundary garden,2,,,,,,,,,,,,,,,
UGA,Africa Innovations Institude,33.2567780274687,2.45257755461486,"L07",zVWFb5eAbV7,2016-02-05T00:00:00Z,M3,PolAribu,2,,,,,,,,,,,,,,,
UGA,Africa Innovations Institude,29.7871381860837,-1.24177656546097,"L04",n4TwADF35,2016-04-13T00:00:00Z,M2,Hamuhonga,1,8,,,,,,,,t,,,,,2,
UGA,Africa Innovations Institude,29.7871381860837,-1.24177656546097,"L04",Kq42xQGSvu4,2016-04-14T00:00:00Z,M2,Katerere,2,,,,,,,,,,,,,,,
UGA,Africa Innovations Institude,29.7871381860837,-1.24177656546097,"L04",n4TwADF35,2016-04-13T00:00:00Z,M5,Kyafolongo,2,,,,,,,,,,,,,,,
UGA,Africa Innovations Institude,34.3568865263743,1.03690346284041,"L02",GuUwLgiijo2,2015-10-16T00:00:00Z,M2,Naafa,2,,,,,,,,,,,,,,,
UGA,Africa Innovations Institude,29.7871381860837,-1.24177656546097,"L04",hnZo2CxSp92,2016-04-13T00:00:00Z,M5,Efoyenju,2,,,,,,,,,,,,,,,
UGA,Africa Innovations Institude,32.1222569707067,0.203686999334623,"L03",nG6geyTvwq7,2015-09-05T00:00:00Z,M3,Lumonde,2,,,,,,,,,,,,,,,
UGA,Africa Innovations Institude,33.2567780274687,2.45257755461486,"L07",kAym5mCCtcB,2016-01-16T00:00:00Z,M3,Potopena,2,,,,,,,,,,,,,,,
UGA,Africa Innovations Institude,29.7871381860837,-1.24177656546097,"L04",zCz7aSrczL2,2016-04-07T00:00:00Z,M4,Mukiyurungo,2,,,,,,,,,,,,,,,
UGA,Africa Innovations Institude,31.1975267607797,3.5840602791963,"L01",aANwrQbMsa3,2016-07-19T00:00:00Z,M3,Origo,2,,,,,,,,,,,,,,,
UGA,Africa Innovations Institude,31.7560832397785,1.87635436806258,"L06",GsYbe3Kp9a3,2015-12-30T00:00:00Z,M1,Park garden,2,,,,,,,,,,,,,,,
UGA,Africa Innovations Institude,33.2567780274687,2.45257755461486,"L07",uNqoVbaZpG3,2016-01-19T00:00:00Z,M1,Potolam,1,1 4 7,t,,,t,,,t,,,,,,1,
UGA,Africa Innovations Institude,29.7871381860837,-1.24177656546097,"L04",xJ36NSni7X2,2016-04-24T00:00:00Z,M1,Mukabande,2,,,,,,,,,,,,,,,
UGA,Africa Innovations Institude,31.7560832397785,1.87635436806258,"L06",YXV6xbSxws2,2016-01-28T00:00:00Z,M1,Waka,2,,,,,,,,,,,,,,,
UGA,Africa Innovations Institude,32.1222569707067,0.203686999334623,"L03",3eWkuw2PPtA,2015-10-09T00:00:00Z,M3,Etale,1,1 2 7 8,t,t,,,,,t,t,,,,,2,
UGA,Africa Innovations Institude,29.7871381860837,-1.24177656546097,"L04",xJ36NSni7X2,2016-04-24T00:00:00Z,M3,Mukona,2,,,,,,,,,,,,,,,
UGA,Africa Innovations Institude,32.1222569707067,0.203686999334623,"L03",LAqtBPvPxy,2015-10-07T00:00:00Z,M3,Church garden 2,2,,,,,,,,,,,,,,,
UGA,Africa Innovations Institude,31.7560832397785,1.87635436806258,"L06",6vZXvHtQdG2,2016-01-19T00:00:00Z,M2,Wanyabi,2,,,,,,,,,,,,,,,
UGA,Africa Innovations Institude,34.3568865263743,1.03690346284041,"L02",9P8HkL34az2,2015-10-22T00:00:00Z,M1,Namalota,2,,,,,,,,,,,,,,,
UGA,Africa Innovations Institude,31.1975267607797,3.5840602791963,"L01",hyWdWQ552X7,2016-07-26T00:00:00Z,M3,Kalutusi,2,,,,,,,,,,,,,,,
UGA,Africa Innovations Institude,33.2567780274687,2.45257755461486,"L07",bT98NEoYxz6,2016-01-16T00:00:00Z,M1,Potolam,2,,,,,,,,,,,,,,,
UGA,Africa Innovations Institude,29.7871381860837,-1.24177656546097,"L04",v29v4CgCb9A,2016-04-07T00:00:00Z,M1,Ahaka,2,,,,,,,,,,,,,,,
UGA,Africa Innovations Institude,29.7871381860837,-1.24177656546097,"L04",4MTsyUHiaX4,2016-04-14T00:00:00Z,M2,Kuluko,2,,,,,,,,,,,,,,,
UGA,Africa Innovations Institude,31.7560832397785,1.87635436806258,"L06",Jm8YLfzpoy5,2016-01-17T00:00:00Z,M2,Olam,2,,,,,,,,,,,,,,,
UGA,Africa Innovations Institude,33.2567780274687,2.45257755461486,"L07",E9xodbJqWb8,2016-02-08T00:00:00Z,M4,Polonino,2,,,,,,,,,,,,,,,
UGA,Africa Innovations Institude,32.1222569707067,0.203686999334623,"L03",LAqtBPvPxy,2015-10-07T00:00:00Z,M4,Church garden 3,2,,,,,,,,,,,,,,,
UGA,Africa Innovations Institude,29.7871381860837,-1.24177656546097,"L04",Mc7EjdDK3M3,2016-04-06T00:00:00Z,M1,Bugara 1,1,8,,,,,,,,t,,,,,1,
UGA,Africa Innovations Institude,31.1975267607797,3.5840602791963,"L01",vCMe7iY3tJ,2016-07-16T00:00:00Z,M3,Budo 3,2,,,,,,,,,,,,,,,
UGA,Africa Innovations Institude,32.1222569707067,0.203686999334623,"L03",s1YRqRa7dg5,2015-10-14T00:00:00Z,M1,Waaka,2,,,,,,,,,,,,,,,
UGA,Africa Innovations Institude,29.7871381860837,-1.24177656546097,"L04",mBXHuSst1y6,2016-04-17T00:00:00Z,M1,Mukabade,2,,,,,,,,,,,,,,,
UGA,Africa Innovations Institude,32.1222569707067,0.203686999334623,"L03",43ozar7mLV6,2016-01-27T00:00:00Z,M3,Emanga 2,2,,,,,,,,,,,,,,,
UGA,Africa Innovations Institude,32.1222569707067,0.203686999334623,"L03",3f7GFEXbaK,2015-09-07T00:00:00Z,M5,Omudo,2,,,,,,,,,,,,,,,
UGA,Africa Innovations Institude,29.7871381860837,-1.24177656546097,"L04",Mc7EjdDK3M3,2016-04-06T00:00:00Z,M3,Bugara III,2,,,,,,,,,,,,,,,
UGA,Africa Innovations Institude,34.3568865263743,1.03690346284041,"L02",GwMi53segV4,2015-10-20T00:00:00Z,M5,Bukongo,2,,,,,,,,,,,,,,,
UGA,Africa Innovations Institude,31.7560832397785,1.87635436806258,"L06",Gr3yWAqnod7,2016-01-14T00:00:00Z,M5,Etoke,2,,,,,,,,,,,,,,,
UGA,Africa Innovations Institude,29.7871381860837,-1.24177656546097,"L04",Kq42xQGSvu4,2016-04-14T00:00:00Z,M4,Byaminane,2,,,,,,,,,,,,,,,
UGA,Africa Innovations Institude,31.1975267607797,3.5840602791963,"L01",vsXLkjJ58x2,2016-07-27T00:00:00Z,M1,Lechili,2,,,,,,,,,,,,,,,
UGA,Africa Innovations Institude,33.2567780274687,2.45257755461486,"L07",FiycRUoeZh,2016-01-13T00:00:00Z,M2,Polomogo,1,2 7,,t,,,,,t,,,,,,2,
UGA,Africa Innovations Institude,31.7560832397785,1.87635436806258,"L06",YXV6xbSxws2,2016-01-28T00:00:00Z,M2,Kulugodo,2,,,,,,,,,,,,,,,
UGA,Africa Innovations Institude,32.1222569707067,0.203686999334623,"L03",L3z2GfyVdH5,2015-08-10T00:00:00Z,M5,Kasoli,2,,,,,,,,,,,,,,,
UGA,Africa Innovations Institude,29.7871381860837,-1.24177656546097,"L04",ZVVKrqxAx48,2016-04-18T00:00:00Z,M2,Kyamahila,2,,,,,,,,,,,,,,,
UGA,Africa Innovations Institude,31.1975267607797,3.5840602791963,"L01",YTTV9E8N5B7,2016-07-18T00:00:00Z,M1,Agovu,2,,,,,,,,,,,,,,,
UGA,Africa Innovations Institude,32.1222569707067,0.203686999334623,"L03",8wVusWBvZSA,2015-07-29T00:00:00Z,M1,Field at home,2,,,,,,,,,,,,,,,
UGA,Africa Innovations Institude,31.1975267607797,3.5840602791963,"L01",DUyLNfXcu24,2016-07-19T00:00:00Z,M2,Gologolo,2,,,,,,,,,,,,,,,
UGA,Africa Innovations Institude,31.1975267607797,3.5840602791963,"L01",U7Y9xmtZk89,2016-07-18T00:00:00Z,M2,Komoro,2,,,,,,,,,,,,,,,
UGA,Africa Innovations Institude,29.7871381860837,-1.24177656546097,"L04",Dw3Ud994KTB,2016-03-31T00:00:00Z,M3,Kuhakona,1,8,,,,,,,,t,,,,,1,
UGA,Africa Innovations Institude,29.7871381860837,-1.24177656546097,"L04",4wawPvHomv,2016-03-30T00:00:00Z,M1,Hakabyaza,2,,,,,,,,,,,,,,,
UGA,Africa Innovations Institude,33.2567780274687,2.45257755461486,"L07",9D4NrgAzDH4,2016-01-30T00:00:00Z,M3,Potonipachu,2,,,,,,,,,,,,,,,
UGA,Africa Innovations Institude,29.7871381860837,-1.24177656546097,"L04",akR9WC1ESX,2016-04-15T00:00:00Z,M1,Lusunga,2,,,,,,,,,,,,,,,
UGA,Africa Innovations Institude,33.2567780274687,2.45257755461486,"L07",Uvc1cgf5XM9,2016-02-05T00:00:00Z,M5,Polichoko,2,,,,,,,,,,,,,,,
UGA,Africa Innovations Institude,34.3568865263743,1.03690346284041,"L02",ea6XKQhZyd3,2015-10-26T00:00:00Z,M1,Nabikwaka,2,,,,,,,,,,,,,,,
UGA,Africa Innovations Institude,31.7560832397785,1.87635436806258,"L06",jspz3eC2TW3,2016-01-15T00:00:00Z,M2,Aku,2,,,,,,,,,,,,,,,
UGA,Africa Innovations Institude,31.7560832397785,1.87635436806258,"L06",GsYbe3Kp9a3,2015-12-30T00:00:00Z,M2,Mutanu,2,,,,,,,,,,,,,,,
UGA,Africa Innovations Institude,33.2567780274687,2.45257755461486,"L07",7yhK3asbcg8,2016-01-20T00:00:00Z,M4,Potonino,2,,,,,,,,,,,,,,,
UGA,Africa Innovations Institude,31.1975267607797,3.5840602791963,"L01",D3dra7efrt6,2016-07-18T00:00:00Z,M1,Agova,2,,,,,,,,,,,,,,,
UGA,Africa Innovations Institude,32.1222569707067,0.203686999334623,"L03",4mjZfGs3Aw,2015-09-08T00:00:00Z,M5,Garden across road,2,,,,,,,,,,,,,,,
UGA,Africa Innovations Institude,29.7871381860837,-1.24177656546097,"L04",4wawPvHomv,2016-03-30T00:00:00Z,M2,Muruhanga,2,,,,,,,,,,,,,,,
UGA,Africa Innovations Institude,33.2567780274687,2.45257755461486,"L07",mjcdtjVVCA6,2016-02-06T00:00:00Z,M3,Pollemun,2,,,,,,,,,,,,,,,
UGA,Africa Innovations Institude,29.7871381860837,-1.24177656546097,"L04",vwWMrLhFgq5,2016-04-13T00:00:00Z,M4,Kulugo,2,,,,,,,,,,,,,,,
UGA,Africa Innovations Institude,29.7871381860837,-1.24177656546097,"L04",Dw3Ud994KTB,2016-03-31T00:00:00Z,M2,Jandamina,1,8,,,,,,,,t,,,,,1,
UGA,Africa Innovations Institude,29.7871381860837,-1.24177656546097,"L04",v29v4CgCb9A,2016-04-07T00:00:00Z,M3,Gwamahira,2,,,,,,,,,,,,,,,
UGA,Africa Innovations Institude,32.1222569707067,0.203686999334623,"L03",pfmDHWctSE3,2015-09-11T00:00:00Z,M1,Home garden,2,,,,,,,,,,,,,,,
UGA,Africa Innovations Institude,29.7871381860837,-1.24177656546097,"L04",Dw3Ud994KTB,2016-03-31T00:00:00Z,M4,Jarugina,2,,,,,,,,,,,,,,,
UGA,Africa Innovations Institude,31.1975267607797,3.5840602791963,"L01",rR4rphkhyt6,2016-07-14T00:00:00Z,M3,Komolo 2,2,,,,,,,,,,,,,,,
UGA,Africa Innovations Institude,34.3568865263743,1.03690346284041,"L02",5xza3zKCC65,2015-11-21T00:00:00Z,M2,Lwana,2,,,,,,,,,,,,,,,
UGA,Africa Innovations Institude,33.2567780274687,2.45257755461486,"L07",cTxbn5tVsdA,2016-02-05T00:00:00Z,M1,Polnino,2,,,,,,,,,,,,,,,
UGA,Africa Innovations Institude,29.7871381860837,-1.24177656546097,"L04",iLvTEBAQTN6,2016-04-08T00:00:00Z,M2,Mukibaya 2,2,,,,,,,,,,,,,,,
UGA,Africa Innovations Institude,31.1975267607797,3.5840602791963,"L01",vCMe7iY3tJ,2016-07-16T00:00:00Z,M2,Budo 2,2,,,,,,,,,,,,,,,
UGA,Africa Innovations Institude,29.7871381860837,-1.24177656546097,"L04",vwWMrLhFgq5,2016-04-13T00:00:00Z,M1,Kibaya,2,,,,,,,,,,,,,,,
UGA,Africa Innovations Institude,33.2567780274687,2.45257755461486,"L07",cTxbn5tVsdA,2016-02-05T00:00:00Z,M4,Polmogo,1,2,,t,,,,,,,,,,,2,
UGA,Africa Innovations Institude,33.2567780274687,2.45257755461486,"L07",J4NQk5mWMXA,2016-02-07T00:00:00Z,M1,Teyawo,2,,,,,,,,,,,,,,,
UGA,Africa Innovations Institude,33.2567780274687,2.45257755461486,"L07",uNqoVbaZpG3,2016-01-19T00:00:00Z,M2,Potogacia,2,,,,,,,,,,,,,,,
UGA,Africa Innovations Institude,34.3568865263743,1.03690346284041,"L02",1Mcd53U8Qb4,2015-10-22T00:00:00Z,M4,Nakungu,2,,,,,,,,,,,,,,,
UGA,Africa Innovations Institude,31.1975267607797,3.5840602791963,"L01",Lsy3YMkKGP2,2016-07-23T00:00:00Z,M2,Alaku,2,,,,,,,,,,,,,,,
UGA,Africa Innovations Institude,34.3568865263743,1.03690346284041,"L02",ea6XKQhZyd3,2015-10-26T00:00:00Z,M5,Namalota,2,,,,,,,,,,,,,,,
UGA,Africa Innovations Institude,34.3568865263743,1.03690346284041,"L02",5xza3zKCC65,2015-11-21T00:00:00Z,M1,Home garden,2,,,,,,,,,,,,,,,
UGA,Africa Innovations Institude,33.2567780274687,2.45257755461486,"L07",mjcdtjVVCA6,2016-02-06T00:00:00Z,M4,Polheme,2,,,,,,,,,,,,,,,
UGA,Africa Innovations Institude,33.2567780274687,2.45257755461486,"L07",25LYWDpsci5,2016-02-08T00:00:00Z,M3,Poloquule,2,,,,,,,,,,,,,,,
UGA,Africa Innovations Institude,33.2567780274687,2.45257755461486,"L07",7Yy7Sqs8eRA,2016-02-02T00:00:00Z,M1,Poldelkech,2,,,,,,,,,,,,,,,
UGA,Africa Innovations Institude,29.7871381860837,-1.24177656546097,"L04",4wawPvHomv,2016-03-30T00:00:00Z,M3,Rwabagonya,2,,,,,,,,,,,,,,,
UGA,Africa Innovations Institude,34.3568865263743,1.03690346284041,"L02",ZbpM6thc1b2,2015-11-22T00:00:00Z,M1,Wangulu,2,,,,,,,,,,,,,,,
UGA,Africa Innovations Institude,31.7560832397785,1.87635436806258,"L06",kAKQZBMLkGA,2016-01-29T00:00:00Z,M1,Ebitakuri,2,,,,,,,,,,,,,,,
UGA,Africa Innovations Institude,33.2567780274687,2.45257755461486,"L07",nf2b6XaXDy3,2016-01-20T00:00:00Z,M4,Potobwolo,1,1,t,,,,,,,,,,,,2,
UGA,Africa Innovations Institude,31.7560832397785,1.87635436806258,"L06",YXV6xbSxws2,2016-01-28T00:00:00Z,M3,Muka,2,,,,,,,,,,,,,,,
UGA,Africa Innovations Institude,33.2567780274687,2.45257755461486,"L07",tsxUHiQSdd5,2016-02-08T00:00:00Z,M3,Yatpe,2,,,,,,,,,,,,,,,
UGA,Africa Innovations Institude,31.1975267607797,3.5840602791963,"L01",CR6uc2DJjF2,2016-07-23T00:00:00Z,M5,Yombe Anvu 2,2,,,,,,,,,,,,,,,
UGA,Africa Innovations Institude,32.1222569707067,0.203686999334623,"L03",s1YRqRa7dg5,2015-10-14T00:00:00Z,M3,Kasoli. garden,2,,,,,,,,,,,,,,,
UGA,Africa Innovations Institude,32.1222569707067,0.203686999334623,"L03",8WWivGcFUz5,2015-07-30T00:00:00Z,M4,Kubikajo wansi,2,,,,,,,,,,,,,,,
UGA,Africa Innovations Institude,34.3568865263743,1.03690346284041,"L02",1Mcd53U8Qb4,2015-10-22T00:00:00Z,M3,Bunandutu south,2,,,,,,,,,,,,,,,
UGA,Africa Innovations Institude,34.3568865263743,1.03690346284041,"L02",Q12jo3rceY8,2015-11-22T00:00:00Z,M2,Home garden,2,,,,,,,,,,,,,,,
UGA,Africa Innovations Institude,34.3568865263743,1.03690346284041,"L02",GwMi53segV4,2015-10-20T00:00:00Z,M4,Bunazumwa,2,,,,,,,,,,,,,,,
UGA,Africa Innovations Institude,32.1222569707067,0.203686999334623,"L03",mUQGMG1UT55,2015-08-10T00:00:00Z,M2,Cassava garden near mango tree,2,,,,,,,,,,,,,,,
UGA,Africa Innovations Institude,31.7560832397785,1.87635436806258,"L06",5a2WfRTPWS2,2016-01-13T00:00:00Z,M2,Kiswa,2,,,,,,,,,,,,,,,
UGA,Africa Innovations Institude,31.1975267607797,3.5840602791963,"L01",mSfzhnwYib5,2016-07-12T00:00:00Z,M2,Oduga,2,,,,,,,,,,,,,,,
UGA,Africa Innovations Institude,29.7871381860837,-1.24177656546097,"L04",zCz7aSrczL2,2016-04-07T00:00:00Z,M3,Kyagahinda,2,,,,,,,,,,,,,,,
UGA,Africa Innovations Institude,34.3568865263743,1.03690346284041,"L02",QT4VeJxXHv4,2015-11-20T00:00:00Z,M1,Ebumbi,2,,,,,,,,,,,,,,,
UGA,Africa Innovations Institude,34.3568865263743,1.03690346284041,"L02",QJMME7KeMn,2015-11-21T00:00:00Z,M1,Naboti I,2,,,,,,,,,,,,,,,
UGA,Africa Innovations Institude,34.3568865263743,1.03690346284041,"L02",HWUQqfGSi37,2015-10-27T00:00:00Z,M2,Shikonko,2,,,,,,,,,,,,,,,
UGA,Africa Innovations Institude,33.2567780274687,2.45257755461486,"L07",kAym5mCCtcB,2016-01-16T00:00:00Z,M5,Porichok,2,,,,,,,,,,,,,,,
UGA,Africa Innovations Institude,29.7871381860837,-1.24177656546097,"L04",vkQ3CHAz8S2,2016-04-05T00:00:00Z,M3,Eronbo,2,,,,,,,,,,,,,,,
UGA,Africa Innovations Institude,31.7560832397785,1.87635436806258,"L06",2Zy882qHx74,2016-01-27T00:00:00Z,M2,Yoludio,2,,,,,,,,,,,,,,,
UGA,Africa Innovations Institude,32.1222569707067,0.203686999334623,"L03",pfmDHWctSE3,2015-09-11T00:00:00Z,M3,Forest garden 2,2,,,,,,,,,,,,,,,
UGA,Africa Innovations Institude,34.3568865263743,1.03690346284041,"L02",hiJdT15von9,2015-11-20T00:00:00Z,M1,Home garden 1,2,,,,,,,,,,,,,,,
UGA,Africa Innovations Institude,32.1222569707067,0.203686999334623,"L03",L3z2GfyVdH5,2015-08-10T00:00:00Z,M7,Etooke,2,,,,,,,,,,,,,,,
UGA,Africa Innovations Institude,29.7871381860837,-1.24177656546097,"L04",UKqsMYWu6S2,2016-04-06T00:00:00Z,M1,Hakagano,1,7,,,,,,,t,,,,,,1,
UGA,Africa Innovations Institude,31.1975267607797,3.5840602791963,"L01",mSfzhnwYib5,2016-07-12T00:00:00Z,M1,Yombe,2,,,,,,,,,,,,,,,
UGA,Africa Innovations Institude,29.7871381860837,-1.24177656546097,"L04",TdHhH26Qsi9,2016-03-22T00:00:00Z,M1,Kibaya,2,,,,,,,,,,,,,,,
UGA,Africa Innovations Institude,33.2567780274687,2.45257755461486,"L07",MbKjtLZGbn3,2016-01-29T00:00:00Z,M2,Potoigudu 1,2,,,,,,,,,,,,,,,
UGA,Africa Innovations Institude,32.1222569707067,0.203686999334623,"L03",L3z2GfyVdH5,2015-08-10T00:00:00Z,M4,Bumonde,2,,,,,,,,,,,,,,,
UGA,Africa Innovations Institude,33.2567780274687,2.45257755461486,"L07",QP58gEJbLF8,2016-02-05T00:00:00Z,M3,Poloheme,2,,,,,,,,,,,,,,,
UGA,Africa Innovations Institude,31.7560832397785,1.87635436806258,"L06",6vZXvHtQdG2,2016-01-19T00:00:00Z,M3,Muwongo,2,,,,,,,,,,,,,,,
UGA,Africa Innovations Institude,33.2567780274687,2.45257755461486,"L07",Uvc1cgf5XM9,2016-02-05T00:00:00Z,M1,Poloranga,2,,,,,,,,,,,,,,,
UGA,Africa Innovations Institude,33.2567780274687,2.45257755461486,"L07",cTxbn5tVsdA,2016-02-05T00:00:00Z,M3,Polowelaqot,2,,,,,,,,,,,,,,,
UGA,Africa Innovations Institude,34.3568865263743,1.03690346284041,"L02",GwMi53segV4,2015-10-20T00:00:00Z,M1,Libale,2,,,,,,,,,,,,,,,
UGA,Africa Innovations Institude,33.2567780274687,2.45257755461486,"L07",x3KJboY4Wn4,2016-02-03T00:00:00Z,M2,Potoyao,1,1 2 7,t,t,,,,,t,,,,,,1,
UGA,Africa Innovations Institude,31.7560832397785,1.87635436806258,"L06",thYGMAV5F28,2016-01-13T00:00:00Z,M2,Gugulukile muhanda,2,,,,,,,,,,,,,,,
UGA,Africa Innovations Institude,33.2567780274687,2.45257755461486,"L07",PxqUsT3Kg39,2016-02-05T00:00:00Z,M3,Poloebara,1,2 7,,t,,,,,t,,,,,,2,
UGA,Africa Innovations Institude,32.1222569707067,0.203686999334623,"L03",5BM4RJvhSqA,2015-08-10T00:00:00Z,M1,Home garden,2,,,,,,,,,,,,,,,
UGA,Africa Innovations Institude,32.1222569707067,0.203686999334623,"L03",r4YWWf5e5x3,2015-10-14T00:00:00Z,M2,Waka,2,,,,,,,,,,,,,,,
UGA,Africa Innovations Institude,31.7560832397785,1.87635436806258,"L06",FnGwGBNbLj6,2016-02-01T00:00:00Z,M3,Kamapondi,2,,,,,,,,,,,,,,,
UGA,Africa Innovations Institude,29.7871381860837,-1.24177656546097,"L04",UBoKCmEGFXB,2016-04-05T00:00:00Z,M1,Hamuhambo,2,,,,,,,,,,,,,,,
UGA,Africa Innovations Institude,33.2567780274687,2.45257755461486,"L07",kAym5mCCtcB,2016-01-16T00:00:00Z,M1,Potomogo,2,,,,,,,,,,,,,,,
UGA,Africa Innovations Institude,29.7871381860837,-1.24177656546097,"L04",hnZo2CxSp92,2016-04-13T00:00:00Z,M1,Kwabuhama,2,,,,,,,,,,,,,,,
UGA,Africa Innovations Institude,33.2567780274687,2.45257755461486,"L07",25LYWDpsci5,2016-02-08T00:00:00Z,M1,Poloyawo,2,,,,,,,,,,,,,,,
UGA,Africa Innovations Institude,33.2567780274687,2.45257755461486,"L07",x16vgM9iGq3,2016-02-07T00:00:00Z,M4,Polomogo,2,,,,,,,,,,,,,,,
UGA,Africa Innovations Institude,34.3568865263743,1.03690346284041,"L02",9P8HkL34az2,2015-10-22T00:00:00Z,M2,Ebumbi,2,,,,,,,,,,,,,,,
UGA,Africa Innovations Institude,29.7871381860837,-1.24177656546097,"L04",GPDYh6MvUT3,2016-04-01T00:00:00Z,M2,Kukagano,1,8,,,,,,,,t,,,,,2,
UGA,Africa Innovations Institude,29.7871381860837,-1.24177656546097,"L04",Dw3Ud994KTB,2016-03-31T00:00:00Z,M1,Jaminane,1,8,,,,,,,,t,,,,,1,
UGA,Africa Innovations Institude,32.1222569707067,0.203686999334623,"L03",fvoTDbKYuW5,2015-10-07T00:00:00Z,M2,Kibira 1,2,,,,,,,,,,,,,,,
UGA,Africa Innovations Institude,33.2567780274687,2.45257755461486,"L07",9D4NrgAzDH4,2016-01-30T00:00:00Z,M2,Potonanga,2,,,,,,,,,,,,,,,
UGA,Africa Innovations Institude,31.7560832397785,1.87635436806258,"L06",Jm8YLfzpoy5,2016-01-17T00:00:00Z,M1,Owakang,2,,,,,,,,,,,,,,,
UGA,Africa Innovations Institude,31.1975267607797,3.5840602791963,"L01",CR6uc2DJjF2,2016-07-23T00:00:00Z,M1,Loloroma,2,,,,,,,,,,,,,,,
UGA,Africa Innovations Institude,34.3568865263743,1.03690346284041,"L02",QJMME7KeMn,2015-11-21T00:00:00Z,M2,Naboti II,2,,,,,,,,,,,,,,,
UGA,Africa Innovations Institude,31.7560832397785,1.87635436806258,"L06",i5k7QWkLJw8,2016-02-03T00:00:00Z,M2,Muchele musili,2,,,,,,,,,,,,,,,
UGA,Africa Innovations Institude,31.7560832397785,1.87635436806258,"L06",43RqATksCs8,2016-01-12T00:00:00Z,M1,Musilikyomuka,2,,,,,,,,,,,,,,,
UGA,Africa Innovations Institude,32.1222569707067,0.203686999334623,"L03",CLcgNTsm4y7,2015-10-08T00:00:00Z,M2,Forest garden 1,2,,,,,,,,,,,,,,,
UGA,Africa Innovations Institude,32.1222569707067,0.203686999334623,"L03",K28KewnXpk2,2015-09-04T00:00:00Z,M2,Musamba,2,,,,,,,,,,,,,,,
UGA,Africa Innovations Institude,31.7560832397785,1.87635436806258,"L06",Gr3yWAqnod7,2016-01-14T00:00:00Z,M1,Muka,2,,,,,,,,,,,,,,,
UGA,Africa Innovations Institude,32.1222569707067,0.203686999334623,"L03",vPv6VoT5Hx6,2015-09-11T00:00:00Z,M3,Etooke  2,2,,,,,,,,,,,,,,,
UGA,Africa Innovations Institude,34.3568865263743,1.03690346284041,"L02",ZbpM6thc1b2,2015-11-22T00:00:00Z,M2,Waka,2,,,,,,,,,,,,,,,
UGA,Africa Innovations Institude,29.7871381860837,-1.24177656546097,"L04",ZVVKrqxAx48,2016-04-18T00:00:00Z,M1,Mukihalo,2,,,,,,,,,,,,,,,
UGA,Africa Innovations Institude,31.7560832397785,1.87635436806258,"L06",hFv6mHJEwd5,2016-01-28T00:00:00Z,M3,Gwebitoke,2,,,,,,,,,,,,,,,
UGA,Africa Innovations Institude,31.1975267607797,3.5840602791963,"L01",tNWzZ2EiTjA,2016-07-25T00:00:00Z,M1,Marigo,2,,,,,,,,,,,,,,,
UGA,Africa Innovations Institude,33.2567780274687,2.45257755461486,"L07",jsuqiyHhZp3,2016-02-04T00:00:00Z,M3,Polohem,2,,,,,,,,,,,,,,,
UGA,Africa Innovations Institude,31.7560832397785,1.87635436806258,"L06",43RqATksCs8,2016-01-12T00:00:00Z,M5,Muhongo,2,,,,,,,,,,,,,,,
UGA,Africa Innovations Institude,33.2567780274687,2.45257755461486,"L07",uMco3gkx1Z8,2016-02-08T00:00:00Z,M3,Polobiny,2,,,,,,,,,,,,,,,
UGA,Africa Innovations Institude,29.7871381860837,-1.24177656546097,"L04",v29v4CgCb9A,2016-04-07T00:00:00Z,M6,Mulutale,2,,,,,,,,,,,,,,,
UGA,Africa Innovations Institude,31.7560832397785,1.87635436806258,"L06",5a2WfRTPWS2,2016-01-13T00:00:00Z,M4,Bitoche,2,,,,,,,,,,,,,,,
UGA,Africa Innovations Institude,32.1222569707067,0.203686999334623,"L03",h5hVCQ5GHc2,2015-09-02T00:00:00Z,M1,Home garden,2,,,,,,,,,,,,,,,
UGA,Africa Innovations Institude,31.1975267607797,3.5840602791963,"L01",F6gmnrrGL93,2016-07-18T00:00:00Z,M1,Marago,2,,,,,,,,,,,,,,,
UGA,Africa Innovations Institude,29.7871381860837,-1.24177656546097,"L04",6knFhJg33R9,2016-03-31T00:00:00Z,M3,Hamiti,1,8,,,,,,,,t,,,,,1,
UGA,Africa Innovations Institude,32.1222569707067,0.203686999334623,"L03",4mjZfGs3Aw,2015-09-08T00:00:00Z,M1,Roadside garden 1,2,,,,,,,,,,,,,,,
UGA,Africa Innovations Institude,29.7871381860837,-1.24177656546097,"L04",LEzTDqKV6f3,2016-04-06T00:00:00Z,M1,Matongo,1,7,,,,,,,t,,,,,,1,
UGA,Africa Innovations Institude,32.1222569707067,0.203686999334623,"L03",h5hVCQ5GHc2,2015-09-02T00:00:00Z,M2,Garden near power line 1,2,,,,,,,,,,,,,,,
UGA,Africa Innovations Institude,34.3568865263743,1.03690346284041,"L02",ea6XKQhZyd3,2015-10-26T00:00:00Z,M2,Shitibo,2,,,,,,,,,,,,,,,
UGA,Africa Innovations Institude,29.7871381860837,-1.24177656546097,"L04",vwWMrLhFgq5,2016-04-13T00:00:00Z,M3,Mulambi,2,,,,,,,,,,,,,,,
UGA,Africa Innovations Institude,31.1975267607797,3.5840602791963,"L01",DUyLNfXcu24,2016-07-19T00:00:00Z,M3,Gumbili,2,,,,,,,,,,,,,,,
UGA,Africa Innovations Institude,31.7560832397785,1.87635436806258,"L06",Xab6HD3Zh47,2016-01-15T00:00:00Z,M3,Andra,2,,,,,,,,,,,,,,,
UGA,Africa Innovations Institude,32.1222569707067,0.203686999334623,"L03",r4YWWf5e5x3,2015-10-14T00:00:00Z,M3,Eyanya,2,,,,,,,,,,,,,,,
UGA,Africa Innovations Institude,31.1975267607797,3.5840602791963,"L01",vsXLkjJ58x2,2016-07-27T00:00:00Z,M2,Ochopa,2,,,,,,,,,,,,,,,
UGA,Africa Innovations Institude,32.1222569707067,0.203686999334623,"L03",r8r378XZhzA,2015-08-10T00:00:00Z,M3,Kazogola,2,,,,,,,,,,,,,,,
UGA,Africa Innovations Institude,29.7871381860837,-1.24177656546097,"L04",akR9WC1ESX,2016-04-15T00:00:00Z,M5,Kwanpinpi,1,2,,t,,,,,,,,,,,2,
UGA,Africa Innovations Institude,33.2567780274687,2.45257755461486,"L07",MbKjtLZGbn3,2016-01-29T00:00:00Z,M3,Potoigudu 2,2,,,,,,,,,,,,,,,
UGA,Africa Innovations Institude,29.7871381860837,-1.24177656546097,"L04",GEpVmB1chZ,2016-04-08T00:00:00Z,M2,Kagano2,2,,,,,,,,,,,,,,,
UGA,Africa Innovations Institude,29.7871381860837,-1.24177656546097,"L04",zCz7aSrczL2,2016-04-07T00:00:00Z,M1,Ruhanga,2,,,,,,,,,,,,,,,
UGA,Africa Innovations Institude,31.7560832397785,1.87635436806258,"L06",YXV6xbSxws2,2016-01-28T00:00:00Z,M4,Emanju,2,,,,,,,,,,,,,,,
UGA,Africa Innovations Institude,32.1222569707067,0.203686999334623,"L03",L3z2GfyVdH5,2015-08-10T00:00:00Z,M1,Kawo,2,,,,,,,,,,,,,,,
UGA,Africa Innovations Institude,32.1222569707067,0.203686999334623,"L03",k6Z9D2Z16q9,2015-10-10T00:00:00Z,M3,Lumonde,2,,,,,,,,,,,,,,,
UGA,Africa Innovations Institude,31.7560832397785,1.87635436806258,"L06",QybMet9zZh8,2016-01-06T00:00:00Z,M2,Kalolo,2,,,,,,,,,,,,,,,
UGA,Africa Innovations Institude,32.1222569707067,0.203686999334623,"L03",k3gYMiFrqdB,2015-08-03T00:00:00Z,M2,Lusuku,2,,,,,,,,,,,,,,,
UGA,Africa Innovations Institude,31.7560832397785,1.87635436806258,"L06",NmseUo1CjBA,2015-12-26T00:00:00Z,M3,Kiburani,2,,,,,,,,,,,,,,,
UGA,Africa Innovations Institude,31.7560832397785,1.87635436806258,"L06",43RqATksCs8,2016-01-12T00:00:00Z,M2,Kwahizuba,2,,,,,,,,,,,,,,,
UGA,Africa Innovations Institude,29.7871381860837,-1.24177656546097,"L04",CW2n61MumoA,2016-04-03T00:00:00Z,M4,Mukiharo,2,,,,,,,,,,,,,,,
UGA,Africa Innovations Institude,34.3568865263743,1.03690346284041,"L02",p7HQJGp7P14,2016-01-07T00:00:00Z,M2,Nakungu,1,2,,t,,,,,,,,,,,1,
UGA,Africa Innovations Institude,29.7871381860837,-1.24177656546097,"L04",vwWMrLhFgq5,2016-04-13T00:00:00Z,M2,Mubande,2,,,,,,,,,,,,,,,
UGA,Africa Innovations Institude,34.3568865263743,1.03690346284041,"L02",8jLMpgU7qmA,2016-01-07T00:00:00Z,M1,Waka,2,,,,,,,,,,,,,,,
UGA,Africa Innovations Institude,34.3568865263743,1.03690346284041,"L02",B77fdVMrcbB,2015-10-19T00:00:00Z,M4,Kuluzi,2,,,,,,,,,,,,,,,
UGA,Africa Innovations Institude,31.1975267607797,3.5840602791963,"L01",SqGfB47Y5q3,2016-07-31T00:00:00Z,M3,Kochi 2,2,,,,,,,,,,,,,,,
UGA,Africa Innovations Institude,31.7560832397785,1.87635436806258,"L06",QybMet9zZh8,2016-01-06T00:00:00Z,M4,Gwamugera,2,,,,,,,,,,,,,,,
UGA,Africa Innovations Institude,32.1222569707067,0.203686999334623,"L03",3f7GFEXbaK,2015-09-07T00:00:00Z,M2,Mulumonde,2,,,,,,,,,,,,,,,
UGA,Africa Innovations Institude,34.3568865263743,1.03690346284041,"L02",HWUQqfGSi37,2015-10-27T00:00:00Z,M3,Nafa,2,,,,,,,,,,,,,,,
UGA,Africa Innovations Institude,33.2567780274687,2.45257755461486,"L07",Uvc1cgf5XM9,2016-02-05T00:00:00Z,M3,Poloamodo,2,,,,,,,,,,,,,,,
UGA,Africa Innovations Institude,31.1975267607797,3.5840602791963,"L01",wEEPeGoe7x7,2016-07-31T00:00:00Z,M3,Agovu,2,,,,,,,,,,,,,,,
UGA,Africa Innovations Institude,32.1222569707067,0.203686999334623,"L03",k3gYMiFrqdB,2015-08-03T00:00:00Z,M1,Wangulu,2,,,,,,,,,,,,,,,
UGA,Africa Innovations Institude,33.2567780274687,2.45257755461486,"L07",bT98NEoYxz6,2016-01-16T00:00:00Z,M4,Potoitoet,2,,,,,,,,,,,,,,,
UGA,Africa Innovations Institude,32.1222569707067,0.203686999334623,"L03",oimuabaAoj4,2015-10-13T00:00:00Z,M5,Tree garden 2,1,2,,t,,,,,,,,,,,2,
UGA,Africa Innovations Institude,31.7560832397785,1.87635436806258,"L06",f52oa28ri63,2016-01-09T00:00:00Z,M1,Byeyi,2,,,,,,,,,,,,,,,
UGA,Africa Innovations Institude,31.1975267607797,3.5840602791963,"L01",8r9jJ38EDF2,2016-07-17T00:00:00Z,M1,Kibidi Anvu 1,2,,,,,,,,,,,,,,,
UGA,Africa Innovations Institude,33.2567780274687,2.45257755461486,"L07",uMco3gkx1Z8,2016-02-08T00:00:00Z,M2,Pologudo,2,,,,,,,,,,,,,,,
UGA,Africa Innovations Institude,34.3568865263743,1.03690346284041,"L02",p7HQJGp7P14,2016-01-07T00:00:00Z,M1,Nabafu,2,,,,,,,,,,,,,,,
UGA,Africa Innovations Institude,32.1222569707067,0.203686999334623,"L03",8wVusWBvZSA,2015-07-29T00:00:00Z,M2,Cassava $ Coffee garden,2,,,,,,,,,,,,,,,
UGA,Africa Innovations Institude,33.2567780274687,2.45257755461486,"L07",7yhK3asbcg8,2016-01-20T00:00:00Z,M2,Potonipachu,2,,,,,,,,,,,,,,,
UGA,Africa Innovations Institude,32.1222569707067,0.203686999334623,"L03",3f7GFEXbaK,2015-09-07T00:00:00Z,M3,Muwogo,2,,,,,,,,,,,,,,,
UGA,Africa Innovations Institude,29.7871381860837,-1.24177656546097,"L04",UYwovny68h,2016-04-27T00:00:00Z,M4,Rushebeya1,2,,,,,,,,,,,,,,,
UGA,Africa Innovations Institude,29.7871381860837,-1.24177656546097,"L04",zCz7aSrczL2,2016-04-07T00:00:00Z,M2,Gwabulindi,2,,,,,,,,,,,,,,,
UGA,Africa Innovations Institude,31.1975267607797,3.5840602791963,"L01",vCMe7iY3tJ,2016-07-16T00:00:00Z,M1,Budo 1,2,,,,,,,,,,,,,,,
UGA,Africa Innovations Institude,31.7560832397785,1.87635436806258,"L06",h2NJwtqVTd2,2016-01-10T00:00:00Z,M2,Larugo,2,,,,,,,,,,,,,,,
UGA,Africa Innovations Institude,31.1975267607797,3.5840602791963,"L01",EQUQxBxxA28,2016-07-25T00:00:00Z,M1,Esili,2,,,,,,,,,,,,,,,
UGA,Africa Innovations Institude,33.2567780274687,2.45257755461486,"L07",7Yy7Sqs8eRA,2016-02-02T00:00:00Z,M3,Forestgarden,2,,,,,,,,,,,,,,,
UGA,Africa Innovations Institude,32.1222569707067,0.203686999334623,"L03",L3z2GfyVdH5,2015-08-10T00:00:00Z,M6,Muwogo,2,,,,,,,,,,,,,,,
UGA,Africa Innovations Institude,29.7871381860837,-1.24177656546097,"L04",hnZo2CxSp92,2016-04-13T00:00:00Z,M2,Bwalutwa,2,,,,,,,,,,,,,,,
UGA,Africa Innovations Institude,33.2567780274687,2.45257755461486,"L07",FiycRUoeZh,2016-01-13T00:00:00Z,M1,Polhema,1,2 7,,t,,,,,t,,,,,,1,
UGA,Africa Innovations Institude,29.7871381860837,-1.24177656546097,"L04",Mc7EjdDK3M3,2016-04-06T00:00:00Z,M5,Byarigina,2,,,,,,,,,,,,,,,
UGA,Africa Innovations Institude,33.2567780274687,2.45257755461486,"L07",nf2b6XaXDy3,2016-01-20T00:00:00Z,M1,Potocasinati,2,,,,,,,,,,,,,,,
UGA,Africa Innovations Institude,31.7560832397785,1.87635436806258,"L06",4Ltk7eBsFy2,2016-01-12T00:00:00Z,M3,Gwaizuba,2,,,,,,,,,,,,,,,
UGA,Africa Innovations Institude,32.1222569707067,0.203686999334623,"L03",s1YRqRa7dg5,2015-10-14T00:00:00Z,M5,Forest bananas,2,,,,,,,,,,,,,,,
UGA,Africa Innovations Institude,31.7560832397785,1.87635436806258,"L06",NmseUo1CjBA,2015-12-26T00:00:00Z,M2,Nyamagongo,1,7,,,,,,,t,,,,,,1,
UGA,Africa Innovations Institude,31.1975267607797,3.5840602791963,"L01",wEEPeGoe7x7,2016-07-31T00:00:00Z,M2,Kulu,2,,,,,,,,,,,,,,,
UGA,Africa Innovations Institude,32.1222569707067,0.203686999334623,"L03",5BM4RJvhSqA,2015-08-10T00:00:00Z,M2,Forest garden 1,1,1,t,,,,,,,,,,,,1,
UGA,Africa Innovations Institude,31.1975267607797,3.5840602791963,"L01",ome4ka94t7,2016-07-18T00:00:00Z,M2,Etti,2,,,,,,,,,,,,,,,
UGA,Africa Innovations Institude,33.2567780274687,2.45257755461486,"L07",MbKjtLZGbn3,2016-01-29T00:00:00Z,M4,Potoikulu,1,1 2 5 6 7,t,t,,,t,t,t,,,,,,1,
UGA,Africa Innovations Institude,31.7560832397785,1.87635436806258,"L06",L8vM1Pqk5B6,2016-02-03T00:00:00Z,M3,Muwogo,2,,,,,,,,,,,,,,,
UGA,Africa Innovations Institude,31.7560832397785,1.87635436806258,"L06",Xab6HD3Zh47,2016-01-15T00:00:00Z,M1,Ogu,2,,,,,,,,,,,,,,,
UGA,Africa Innovations Institude,33.2567780274687,2.45257755461486,"L07",7Yy7Sqs8eRA,2016-02-02T00:00:00Z,M2,Polmogo,2,,,,,,,,,,,,,,,
UGA,Africa Innovations Institude,29.7871381860837,-1.24177656546097,"L04",GEpVmB1chZ,2016-04-08T00:00:00Z,M3,Mashire,2,,,,,,,,,,,,,,,
UGA,Africa Innovations Institude,33.2567780274687,2.45257755461486,"L07",MbKjtLZGbn3,2016-01-29T00:00:00Z,M1,Potolam,1,1 2 5 6 7,t,t,,,t,t,t,,,,,,1,
UGA,Africa Innovations Institude,31.7560832397785,1.87635436806258,"L06",WKmRQnKoHA8,2016-02-01T00:00:00Z,M2,Ola,2,,,,,,,,,,,,,,,
UGA,Africa Innovations Institude,29.7871381860837,-1.24177656546097,"L04",z9PS7Qjy5L2,2016-04-07T00:00:00Z,M4,Kurufunzo,1,8,,,,,,,,t,,,,,1,
UGA,Africa Innovations Institude,31.7560832397785,1.87635436806258,"L06",FnGwGBNbLj6,2016-02-01T00:00:00Z,M4,Sitobo,2,,,,,,,,,,,,,,,
UGA,Africa Innovations Institude,31.7560832397785,1.87635436806258,"L06",mpqcPSFDpCB,2016-02-03T00:00:00Z,M1,Aku,2,,,,,,,,,,,,,,,
UGA,Africa Innovations Institude,34.3568865263743,1.03690346284041,"L02",SDoi2yLPd6,2015-10-15T00:00:00Z,M1,Waka,2,,,,,,,,,,,,,,,
UGA,Africa Innovations Institude,33.2567780274687,2.45257755461486,"L07",mjcdtjVVCA6,2016-02-06T00:00:00Z,M5,Pololam,2,,,,,,,,,,,,,,,
UGA,Africa Innovations Institude,31.7560832397785,1.87635436806258,"L06",f52oa28ri63,2016-01-09T00:00:00Z,M3,Bidinyete,2,,,,,,,,,,,,,,,
UGA,Africa Innovations Institude,31.7560832397785,1.87635436806258,"L06",fUwjdZnv1x2,2016-01-17T00:00:00Z,M3,Payagi,2,,,,,,,,,,,,,,,
UGA,Africa Innovations Institude,31.7560832397785,1.87635436806258,"L06",FnGwGBNbLj6,2016-02-01T00:00:00Z,M2,Nasimya,1,1,t,,,,,,,,,,,,1,
UGA,Africa Innovations Institude,29.7871381860837,-1.24177656546097,"L04",v29v4CgCb9A,2016-04-07T00:00:00Z,M5,Ahakanyuma,2,,,,,,,,,,,,,,,
UGA,Africa Innovations Institude,32.1222569707067,0.203686999334623,"L03",4mjZfGs3Aw,2015-09-08T00:00:00Z,M3,Garden near shops,2,,,,,,,,,,,,,,,
UGA,Africa Innovations Institude,33.2567780274687,2.45257755461486,"L07",nf2b6XaXDy3,2016-01-20T00:00:00Z,M3,Pototit,2,,,,,,,,,,,,,,,
UGA,Africa Innovations Institude,32.1222569707067,0.203686999334623,"L03",s1YRqRa7dg5,2015-10-14T00:00:00Z,M2,Pine garden,2,,,,,,,,,,,,,,,
UGA,Africa Innovations Institude,32.1222569707067,0.203686999334623,"L03",CLcgNTsm4y7,2015-10-08T00:00:00Z,M6,Matooke valley garden,2,,,,,,,,,,,,,,,
UGA,Africa Innovations Institude,29.7871381860837,-1.24177656546097,"L04",z9PS7Qjy5L2,2016-04-07T00:00:00Z,M5,Nyamiyaga,1,8,,,,,,,,t,,,,,1,
UGA,Africa Innovations Institude,34.3568865263743,1.03690346284041,"L02",yydJpRV8pPB,2016-01-05T00:00:00Z,M2,Ango 2,2,,,,,,,,,,,,,,,
UGA,Africa Innovations Institude,31.7560832397785,1.87635436806258,"L06",L8vM1Pqk5B6,2016-02-03T00:00:00Z,M1,Mayindi,1,2,,t,,,,,,,,,,,1,
UGA,Africa Innovations Institude,31.1975267607797,3.5840602791963,"L01",4YxLyEvHcr2,2016-07-26T00:00:00Z,M2,Wokchi,2,,,,,,,,,,,,,,,
UGA,Africa Innovations Institude,32.1222569707067,0.203686999334623,"L03",LXeBkVStet6,2015-09-07T00:00:00Z,M4,Mwanyi garden,,,,,,,,,,,,,,,,
UGA,Africa Innovations Institude,31.7560832397785,1.87635436806258,"L06",jspz3eC2TW3,2016-01-15T00:00:00Z,M1,Andrada,2,,,,,,,,,,,,,,,
UGA,Africa Innovations Institude,31.7560832397785,1.87635436806258,"L06",WKmRQnKoHA8,2016-02-01T00:00:00Z,M1,Pagisa,2,,,,,,,,,,,,,,,
UGA,Africa Innovations Institude,32.1222569707067,0.203686999334623,"L03",1DKzT4xkSq9,2015-09-11T00:00:00Z,M2,Forest garden,2,,,,,,,,,,,,,,,
UGA,Africa Innovations Institude,31.1975267607797,3.5840602791963,"L01",vbnCBWJgn15,2016-07-18T00:00:00Z,M2,Komolo 1,2,,,,,,,,,,,,,,,
UGA,Africa Innovations Institude,29.7871381860837,-1.24177656546097,"L04",UBoKCmEGFXB,2016-04-05T00:00:00Z,M3,Mukikuba,2,,,,,,,,,,,,,,,
UGA,Africa Innovations Institude,33.2567780274687,2.45257755461486,"L07",ZHkM7aJSPR8,2016-01-26T00:00:00Z,M1,Potoingeot,2,,,,,,,,,,,,,,,
UGA,Africa Innovations Institude,31.7560832397785,1.87635436806258,"L06",FnGwGBNbLj6,2016-02-01T00:00:00Z,M1,Lucihu,2,,,,,,,,,,,,,,,
UGA,Africa Innovations Institude,31.1975267607797,3.5840602791963,"L01",xVFJcnicr68,2016-07-18T00:00:00Z,M2,Yombe,2,,,,,,,,,,,,,,,
UGA,Africa Innovations Institude,34.3568865263743,1.03690346284041,"L02",uZWP16YfzT5,2016-01-05T00:00:00Z,M2,Wansi,2,,,,,,,,,,,,,,,
UGA,Africa Innovations Institude,32.1222569707067,0.203686999334623,"L03",k6Z9D2Z16q9,2015-10-10T00:00:00Z,M2,Wansi,2,,,,,,,,,,,,,,,
UGA,Africa Innovations Institude,32.1222569707067,0.203686999334623,"L03",4mjZfGs3Aw,2015-09-08T00:00:00Z,M2,Roadside garden 2,2,,,,,,,,,,,,,,,
UGA,Africa Innovations Institude,33.2567780274687,2.45257755461486,"L07",qGGstvM2E46,2016-02-04T00:00:00Z,M3,Polobara,1,2 7,,t,,,,,t,,,,,,2,
UGA,Africa Innovations Institude,29.7871381860837,-1.24177656546097,"L04",iLvTEBAQTN6,2016-04-08T00:00:00Z,M4,Murutarama,2,,,,,,,,,,,,,,,
UGA,Africa Innovations Institude,33.2567780274687,2.45257755461486,"L07",9D4NrgAzDH4,2016-01-30T00:00:00Z,M1,Potoyao,1,2,,t,,,,,,,,,,,2,
UGA,Africa Innovations Institude,33.2567780274687,2.45257755461486,"L07",dxNCxyUf9J5,2016-01-14T00:00:00Z,M1,Potaawol,2,,,,,,,,,,,,,,,
UGA,Africa Innovations Institude,31.1975267607797,3.5840602791963,"L01",VHVUj6zT8c6,2016-07-17T00:00:00Z,M1,Arah 1,2,,,,,,,,,,,,,,,
UGA,Africa Innovations Institude,31.7560832397785,1.87635436806258,"L06",kJPFgVkrzr8,2016-02-03T00:00:00Z,M1,Kaka,2,,,,,,,,,,,,,,,
UGA,Africa Innovations Institude,34.3568865263743,1.03690346284041,"L02",ea6XKQhZyd3,2015-10-26T00:00:00Z,M4,Bumako,2,,,,,,,,,,,,,,,
UGA,Africa Innovations Institude,33.2567780274687,2.45257755461486,"L07",kAym5mCCtcB,2016-01-16T00:00:00Z,M2,Potonino,2,,,,,,,,,,,,,,,
UGA,Africa Innovations Institude,29.7871381860837,-1.24177656546097,"L04",z9PS7Qjy5L2,2016-04-07T00:00:00Z,M1,Kurugo,1,8,,,,,,,,t,,,,,1,
UGA,Africa Innovations Institude,31.7560832397785,1.87635436806258,"L06",WKmRQnKoHA8,2016-02-01T00:00:00Z,M3,Nyaku,2,,,,,,,,,,,,,,,
UGA,Africa Innovations Institude,31.1975267607797,3.5840602791963,"L01",tNWzZ2EiTjA,2016-07-25T00:00:00Z,M2,Lubuni,2,,,,,,,,,,,,,,,
UGA,Africa Innovations Institude,31.1975267607797,3.5840602791963,"L01",rR4rphkhyt6,2016-07-14T00:00:00Z,M4,Iti,2,,,,,,,,,,,,,,,
UGA,Africa Innovations Institude,33.2567780274687,2.45257755461486,"L07",25LYWDpsci5,2016-02-08T00:00:00Z,M2,Polowelo,2,,,,,,,,,,,,,,,
