Field ID,Field name,Country,Partner Organization,longitude,latitude,Landscape #,Household ID,Data entry date,ag2a_vs_2b1,ag2a_vs_2b1_other,ag2a_vs_2b2_1,ag2a_vs_2c,ag2a_vs_2c_other,ag2a_vs_2d1,ag2a_04,ag2a_07,ag2a_08,ag2a_08_other,gps_coords,ag3a_02_1,ag3a_02_2,ag3a_02_2_1,ag2a_09,ag2a_vs_08a,ag2a_vs_8b,ag2a_vs_8c
M4,SORGHUM 2,RWA,Wildlife Conservation Society,30.678255588268,-1.93426664412886,"L03",5s4t5icCN2,2016-07-16T00:00:00Z,1,,13,4,,,7,2,1,,,2.5,,,,,,
M2,BEANS,RWA,Wildlife Conservation Society,29.3847853801739,-1.80927231441535,"L04",6VtbLtrb1D3,2016-01-25T00:00:00Z,1,,11,1,,23,0,1,,,XsbNpE5cri6,0.02,,,0.529,,,
M3,TEA,RWA,Wildlife Conservation Society,29.4347584689003,-2.57578970240643,"L01",GBGa6M3rbd3,2016-11-18T00:00:00Z,1,,55,1,,55,0,1,,,QWW4gaefZu9,0.05,,,0.377,,,
M4,PYRETHRUM,RWA,Wildlife Conservation Society,29.55086017135,-1.48050348714566,"L02",z7c7QHaTTe7,2016-05-27T00:00:00Z,1,,52,1,,52,0,1,,,qSQ8vpcb967,0.08,,,0.2175,M4-L02-008-02,,
M1,BEANS,RWA,Wildlife Conservation Society,30.678255588268,-1.93426664412886,"L03",Tt5k1X1aefA,2016-07-15T00:00:00Z,1,,11,1,,31,0,1,,,iRTX2g5Xy6,0.0,,,0.1999,M1-L03-003-01,,
M2,BEANS,RWA,Wildlife Conservation Society,30.678255588268,-1.93426664412886,"L03",kwtgXoW7Ei8,2016-07-20T00:00:00Z,1,,31,1,,23,0,1,,,BAZfFPTrMD9,0.01,,,0.3114,M2-L03-004-01,,
M2,IRISH,RWA,Wildlife Conservation Society,29.55086017135,-1.48050348714566,"L02",iGeYWScB9G8,2016-04-26T00:00:00Z,1,,23,1,,23,0,1,,,TKDkFBhbdb2,0.16,,,0.0575,M2-L02-004-03,,
M3,BEANS,RWA,Wildlife Conservation Society,29.4347584689003,-2.57578970240643,"L01",2AzeKX3Xdj9,2015-12-11T00:00:00Z,1,,31,1,,31,0,1,,,hEZ9BZVQ4CA,0.005,,,0.0483,,,
M3,COFFEE,RWA,Wildlife Conservation Society,29.7928701957997,-1.97725720942347,"L06",NpVRwZSF9A9,2016-05-16T00:00:00Z,1,,54,1,,54,0,1,,,ba8evryenG5,0.02,,,0.1678,M3-L06-010-03,,
M2,I.POTATO,RWA,Wildlife Conservation Society,29.55086017135,-1.48050348714566,"L02",TSZ8yp6UEy4,2016-04-19T00:00:00Z,1,,35,1,,11,0,2,1,,,1.0,,,,,,
M1,BEANS,RWA,Wildlife Conservation Society,29.3847853801739,-1.80927231441535,"L04",gtdvY5R76A5,2016-01-27T00:00:00Z,1,,11,1,,31,0,1,,,XgRbKCrE2B3,0.003,,,0.0347,,,
M1,BANANA,RWA,Wildlife Conservation Society,29.7928701957997,-1.97725720942347,"L06",BrVjLcZwqr3,2015-10-12T00:00:00Z,1,,71b,1,,71b,0,1,,,UZVMXbmYfv5,0.002,,,0.6581,M1-L06-005-01,,
M2,SORGHUM,RWA,Wildlife Conservation Society,30.0187746264512,-2.28718495548197,"L07",NqznyHy6N16,2016-08-10T00:00:00Z,1,,13,1,,31,0,1,,,phjNjhPWVB8,0.02,0.0,1,0.1692,M2-L07-008-04,,
M2,PADDY,RWA,Wildlife Conservation Society,30.0187746264512,-2.28718495548197,"L07",C56aeDFWPa7,2016-08-18T00:00:00Z,1,,12,1,,12,0,2,1,,,1.5,30.0,1,,,,
M2,BEANS,RWA,Wildlife Conservation Society,29.55086017135,-1.48050348714566,"L02",Ce8hTSBH8m9,2016-01-20T00:00:00Z,1,,31,1,,11,0,2,1,,,2.0,,,,M2-L04-005-03,,
M2,S/POTATOES,RWA,Wildlife Conservation Society,29.7928701957997,-1.97725720942347,"L06",R5nJaf2Sop9,2015-10-07T00:00:00Z,1,,22,1,,31,0,2,1,,,2.0,,,,,,
M3,TEA,RWA,Wildlife Conservation Society,29.4347584689003,-2.57578970240643,"L01",Ag8CWapFXT9,2015-12-05T00:00:00Z,1,,55,1,,55,0,1,,,V6iDUTTqJt8,0.1,,,0.5034,M3-L01-007-03,,
M1,IRISH,RWA,Wildlife Conservation Society,29.55086017135,-1.48050348714566,"L02",y5bMEWTbk12,2016-05-21T00:00:00Z,1,,23,1,,23,0,1,,,VYP3pDsHqD7,0.0,,,0.1812,M1-L02-010-01,,
M2,BEANS,RWA,Wildlife Conservation Society,29.7928701957997,-1.97725720942347,"L06",e3YsHqYkYK6,2015-10-08T00:00:00Z,1,,31,1,,31,0,2,1,,,1.0,,,,,,
M1,BANANA,RWA,Wildlife Conservation Society,29.7928701957997,-1.97725720942347,"L06",pYrS9Lnoio5,2015-10-06T00:00:00Z,1,,71b,1,,71b,0,1,,,7NUYooWo9Q2,0.002,,,0.5725,M1-L06-003-03,,
M3,IRISH P.,RWA,Wildlife Conservation Society,29.55086017135,-1.48050348714566,"L02",mhGSC5qMs53,2016-03-02T00:00:00Z,1,,31,1,,23,0,1,,,1qAims7DRP7,0.2,,,0.462,M3-L02-009-04,,
M1,MAIZE,RWA,Wildlife Conservation Society,30.678255588268,-1.93426664412886,"L03",1aHi48GS6A5,2016-07-01T00:00:00Z,1,,11,1,,23,0,1,,,PFBMZEa5UKA,0.02,,,0.1858,M1-L03-008-03,,
M1,NUTS,RWA,Wildlife Conservation Society,30.0187746264512,-2.28718495548197,"L07",ob6Go1epkY4,2016-08-22T00:00:00Z,1,,43,1,,13,0,1,,,JHEiMxLyAv7,0.015,0.0,1,0.2724,M1-L07-009-02,,
M2,BEANS,RWA,Wildlife Conservation Society,30.678255588268,-1.93426664412886,"L03",eSXVTUZDKD3,2016-07-21T00:00:00Z,1,,23,1,,31,0,1,,,CQjeos84KJ3,0.45,,,0.1848,M2-L03-004-02,,
M1,BANANA,RWA,Wildlife Conservation Society,29.7928701957997,-1.97725720942347,"L06",jQRmJu3n453,2015-10-02T00:00:00Z,1,,71a,1,,31,0,1,,,moayMsoLeo7,0.005,,,0.2293,M1-L06-007-02,,
M4,BANANA,RWA,Wildlife Conservation Society,29.7928701957997,-1.97725720942347,"L06",3hzQ4hJNWpA,2016-05-03T00:00:00Z,,,,other,IDEM,,0,2,other,RAIN,,0.3,,,,,,
M3,MAIZE,RWA,Wildlife Conservation Society,29.7928701957997,-1.97725720942347,"L06",Lka6n6s87G,2016-11-02T00:00:00Z,1,,31,1,,11,0,1,,,opJR61FEEP4,0.1,,,0.0913,,,
M2,MAIZE,RWA,Wildlife Conservation Society,29.55086017135,-1.48050348714566,"L02",mhGSC5qMs53,2016-03-02T00:00:00Z,1,,11,1,,31,0,1,,,5LKNseJm5G8,0.04,,,0.3417,M2-L02-009-04,,
M1,BANANA,RWA,Wildlife Conservation Society,29.7928701957997,-1.97725720942347,"L06",XZQvXo5qT34,2015-10-10T00:00:00Z,1,,71b,1,,71b,0,1,,,wFYfMEkAE9B,0.005,,,0.2529,M1-L06-002-03,,
M1,S/POTATOES,RWA,Wildlife Conservation Society,29.4347584689003,-2.57578970240643,"L01",wPk7iGeM1n2,2015-12-16T00:00:00Z,1,,22,1,,16,0,1,,,A5M5G6SiJB7,0.1,,,0.558,M1-L01-008-04,,
M3,MAIZE,RWA,Wildlife Conservation Society,29.3847853801739,-1.80927231441535,"L04",5AjH6QaGU24,2016-02-15T00:00:00Z,1,,31,1,,11,0,1,,,71nguvSqyy6,0.3376,,,0.3376,M3-L04-002-02,,
M1,BEANS,RWA,Wildlife Conservation Society,30.678255588268,-1.93426664412886,"L03",rYhbEL7oXj9,2016-07-26T00:00:00Z,1,,31,4,,,0,1,,,NYkZdwXDT73,0.0,,,0.7364,M1-L03-001-03,,
M1,MAIZE,RWA,Wildlife Conservation Society,30.678255588268,-1.93426664412886,"L03",J2FX8wXV8S9,2016-07-26T00:00:00Z,1,,31,1,,11,1,1,,,pfRbK8BH6V4,0.07,,,0.8546,M1-L03-001-04,,
M2,Maize 2,RWA,Wildlife Conservation Society,29.3847853801739,-1.80927231441535,"L04",wr5wPxGTis,2016-02-10T00:00:00Z,1,,31,1,,11,0,1,,,jymkLUFK2f,2.0,,,0.8647,M2-L04-001-01,,
M1,MAIZE,RWA,Wildlife Conservation Society,29.3847853801739,-1.80927231441535,"L04",iRtxUHTRGi2,2016-01-22T00:00:00Z,1,,31,1,,11,0,1,,,C6eTHcBBNk7,0.01,,,0.3524,M1-L04-003-01,,
M1,Maize 1,RWA,Wildlife Conservation Society,29.3847853801739,-1.80927231441535,"L04",wr5wPxGTis,2016-02-10T00:00:00Z,1,,31,1,,11,2,1,,,j1LrKPZxFzA,2.0,,,0.8647,M1-L04-001-01,,
M3,COFFEE,RWA,Wildlife Conservation Society,29.7928701957997,-1.97725720942347,"L06",YVG8nKF7bC4,2015-12-05T00:00:00Z,1,,54,1,,54,0,1,,,s1p2ghHV5K7,0.1,,,0.236,,,
M1,MAIZE,RWA,Wildlife Conservation Society,29.4347584689003,-2.57578970240643,"L01",e2RyT8u9Vs5,2015-12-03T00:00:00Z,1,,23,1,,11,0,1,,,hxPYh9xosq6,0.005,,,0.2658,,,
M3,CASSAVA 1,RWA,Wildlife Conservation Society,29.7928701957997,-1.97725720942347,"L06",yaHQ7ni6ar4,2016-10-13T00:00:00Z,1,,21,1,,21,0,2,1,,,2.0,,,,,,
M1,MAIZE,RWA,Wildlife Conservation Society,29.3847853801739,-1.80927231441535,"L04",YR25C1AKLBA,2016-05-15T00:00:00Z,1,,23,1,,11,0,1,,,Nh6efR7ubF3,0.005,,,0.0777,M1-L04-007-02,,
M4,MAIZE,RWA,Wildlife Conservation Society,29.7928701957997,-1.97725720942347,"L06",R9DTr4peJNA,2015-11-04T00:00:00Z,1,,89,1,,11,0,1,,,3G4jJhbieDB,0.2,,,0.0572,M4-L06-004-01,,
M5,CASSAVA,RWA,Wildlife Conservation Society,29.7928701957997,-1.97725720942347,"L06",QLDaeeq1A6A,2015-11-06T00:00:00Z,1,,21,1,,21,0,2,1,,,5.0,,,,,,
M2,PYRETHRUM,RWA,Wildlife Conservation Society,29.55086017135,-1.48050348714566,"L02",zxz5fHgxQr4,2016-05-26T00:00:00Z,1,,23,1,,23,0,1,,,zcMPrXScvB7,0.03,,,0.2864,M2-L02-008-01,,
M1,MAIZE,RWA,Wildlife Conservation Society,30.678255588268,-1.93426664412886,"L03",eSXVTUZDKD3,2016-07-21T00:00:00Z,1,,31,1,,71a,1,1,,,REHZDvBNQ46,0.4,,,0.8633,M1-L03-004-02,,
M1,BEANS,RWA,Wildlife Conservation Society,30.678255588268,-1.93426664412886,"L03",vvZZdLufJK3,2016-07-19T00:00:00Z,1,,47,1,,31,0,1,,,k7UD7PANmV9,0.0,,,0.1596,M1-L03-002-04,,
M1,S/POTATO,RWA,Wildlife Conservation Society,29.4347584689003,-2.57578970240643,"L01",m6KCw7ZxQ47,2015-10-22T00:00:00Z,1,,23,1,,11,0,1,,,edzmMXR5G47,0.003,,,0.364,M1-L01-005-03,,
M3,PEAS,RWA,Wildlife Conservation Society,29.55086017135,-1.48050348714566,"L02",nkB43h7a3u6,2016-04-22T00:00:00Z,1,,23,1,,11,0,1,,,aVMkFARdo58,0.05,,,0.458,M3-L02-003-03,,
M5,YAMS,RWA,Wildlife Conservation Society,29.7928701957997,-1.97725720942347,"L06",3hzQ4hJNWpA,2016-05-03T00:00:00Z,,,,other,IDEM TO FIELD 1,,,2,other,RAIN,,0.4,,,,,,
M3,BANANA,RWA,Wildlife Conservation Society,29.7928701957997,-1.97725720942347,"L06",5DkfDPaXxW6,2015-11-13T00:00:00Z,1,,71a,1,,71a,0,1,,,w1Lf7Vnx55B,0.03,,,0.1186,M3-L06-008-02,,
M3,BANANA,RWA,Wildlife Conservation Society,29.7928701957997,-1.97725720942347,"L06",JYjBoTCdte4,2015-10-14T00:00:00Z,1,,71b,1,,71b,0,2,1,,,3.5,,,,,,
M1,BEANS,RWA,Wildlife Conservation Society,30.0187746264512,-2.28718495548197,"L07",yyXhtLq72C2,2016-08-18T00:00:00Z,1,,31,1,,13,0,1,,,gWWz6fY3QU2,0.003,0.0,1,1.2794,M1-L07-005-02,,
M3,IRISH P.,RWA,Wildlife Conservation Society,29.4347584689003,-2.57578970240643,"L01",wy7axJB9t4A,2016-01-14T00:00:00Z,1,,23,1,,23,0,1,,,aReStz2KpBA,0.2,,,0.478,M3-L01-010-01,,
M5,COFFEEB,RWA,Wildlife Conservation Society,29.7928701957997,-1.97725720942347,"L06",H4YdiXt5cz3,2015-11-05T00:00:00Z,1,,54,1,,54,0,1,,,krw54KNKyX4,0.008,,,0.0272,M5-L06-001-03,,
M2,IRISH PATATO,RWA,Wildlife Conservation Society,29.4347584689003,-2.57578970240643,"L01",Nq4M7PWJPS,2015-12-04T00:00:00Z,1,,23,1,,22,18,1,,,ZF4bpkSRvbA,0.015,,,0.084,M2-L01-007-02,,
M1,BEANS,RWA,Wildlife Conservation Society,30.0187746264512,-2.28718495548197,"L07",8rMnuSjsKfA,2016-08-23T00:00:00Z,1,,31,1,,11,0,1,,,zLCH8xypkiA,0.0,0.0,1,0.1225,M1-L07-002-01,,
M1,BEANS,RWA,Wildlife Conservation Society,29.3847853801739,-1.80927231441535,"L04",bdXeZG9z586,2016-02-13T00:00:00Z,1,,31,1,,11,0,1,,,48dbXYhckS8,0.02,,,0.1886,M1-L04-002-01,,
M1,BANANA,RWA,Wildlife Conservation Society,29.7928701957997,-1.97725720942347,"L06",AvkkCXoYrg8,2016-10-16T00:00:00Z,1,,31,1,,31,0,1,,,dHoZ2upGEGA,0.005,,,0.2604,,,
M1,IRISH,RWA,Wildlife Conservation Society,30.678255588268,-1.93426664412886,"L03",DRwp2xk3gPB,2016-07-22T00:00:00Z,1,,23,1,,22,0,1,,,EexY3rJCJ37,0.0,,,0.0774,M1-L03-006-01,,
M2,Cassava,RWA,Wildlife Conservation Society,29.7928701957997,-1.97725720942347,"L06",to8Gc5JzaT7,2015-10-08T00:00:00Z,1,,21,1,,21,0,2,1,,,1.5,,,,,,
M1,BANANA,RWA,Wildlife Conservation Society,29.7928701957997,-1.97725720942347,"L06",nny1kAHD1A6,2015-10-08T00:00:00Z,1,,71b,1,,71b,1,1,,,etATWirNFR,0.01,,,1.2644,M1-L06-006-02,,
M2,BEANS,RWA,Wildlife Conservation Society,29.4347584689003,-2.57578970240643,"L01",RCuAWjMUBmA,2016-11-21T00:00:00Z,1,,31,1,,31,0,1,,,rr3ufaoP3c7,0.005,,,0.0458,,,
M2,BEANS2,RWA,Wildlife Conservation Society,29.3847853801739,-1.80927231441535,"L04",jHTSofjuPJ7,2016-01-18T00:00:00Z,1,,11,1,,31,0,1,,,s3ZXjdcDw53,0.5,,,0.1116,,,
M1,BEANS,RWA,Wildlife Conservation Society,29.3847853801739,-1.80927231441535,"L04",nUikVE2njA5,2016-02-02T00:00:00Z,1,,31,1,,11,0,1,,,R6jGX1oajh4,0.0,,,0.0197,M1-L04-008-04,,
M3,IRISH2,RWA,Wildlife Conservation Society,29.55086017135,-1.48050348714566,"L02",iGeYWScB9G8,2016-04-26T00:00:00Z,1,,23,1,,11,0,2,1,,,8.0,,,,,,
M3,S/POTATOES,RWA,Wildlife Conservation Society,29.4347584689003,-2.57578970240643,"L01",QUACw1VqWL2,2015-11-17T00:00:00Z,1,,22,1,,22,0,1,,,cSJJzDQ2kY8,0.04,,,0.0248,M3-L01-004-02,,
M1,MAIZE,RWA,Wildlife Conservation Society,29.3847853801739,-1.80927231441535,"L04",xRKbT2uWYL4,2016-02-04T00:00:00Z,1,,31,1,,11,2,1,,,JiFw6HYfmW2,0.0,,,3.1199,M1-L04-006-03,,
M1,I.POTATOE,RWA,Wildlife Conservation Society,29.55086017135,-1.48050348714566,"L02",nkB43h7a3u6,2016-04-22T00:00:00Z,1,,11,1,,23,0,1,,,jFoiSJp9RE3,0.005,,,0.2817,M1-L02-003-03,,
M2,BEANS,RWA,Wildlife Conservation Society,30.678255588268,-1.93426664412886,"L03",UVBzkFMeZz9,2016-07-25T00:00:00Z,1,,31,1,,23,0,1,,,a69ykvkng54,0.05,,,0.3684,M2-L03-001-02,,
M1,BANANA,RWA,Wildlife Conservation Society,29.7928701957997,-1.97725720942347,"L06",3hzQ4hJNWpA,2016-05-03T00:00:00Z,,,,other,"THE HH SHIFTED EARLIER IN MAY 2015 SO DURING BOTH THE LONG RAIN AND SHORT SEASONS, THEY WERE NOT HERE",,0,1,,,mmgLkyu9VLB,0.005,,,1.1157,,,
M3,SORGHUM,RWA,Wildlife Conservation Society,30.678255588268,-1.93426664412886,"L03",s754vJkGDg2,2016-07-15T00:00:00Z,1,,23,1,,31,0,1,,,4jUAiMMVSt3,0.02,,,0.8213,M3-L03-003-02,,
M2,IRISHPA,RWA,Wildlife Conservation Society,29.4347584689003,-2.57578970240643,"L01",smz4XRTY7G6,2015-12-09T00:00:00Z,1,,31,1,,23,0,1,,,SBdVJbyTaC7,0.05,,,0.1164,,,
M1,BEANS,RWA,Wildlife Conservation Society,29.7928701957997,-1.97725720942347,"L06",5DkfDPaXxW6,2015-11-13T00:00:00Z,1,,21,1,,21,0,1,,,FYdbiMkCFQ2,0.005,,,0.167,M1-L06-008-02,,
M1,MAIZE,RWA,Wildlife Conservation Society,30.678255588268,-1.93426664412886,"L03",DybB4C7m1V6,2016-07-22T00:00:00Z,1,,11,1,,11,0,1,,,ZEcw88yjqc7,0.12,,,0.7917,M1-L03-006-02,,
M2,BEANS,RWA,Wildlife Conservation Society,29.3847853801739,-1.80927231441535,"L04",iRtxUHTRGi2,2016-01-22T00:00:00Z,4,,,1,,23,0,1,,,gk6ZrjbUA8A,0.02,,,0.2452,M2-L04-003-01,,
M1,BEANS,RWA,Wildlife Conservation Society,30.678255588268,-1.93426664412886,"L03",EXzXQD4FSm3,2016-07-27T00:00:00Z,1,,13,1,,31,0,1,,,9Na2i3tXtDA,0.0,,,0.1832,M1-L03-009-01,,
M2,CASSAVA,RWA,Wildlife Conservation Society,29.7928701957997,-1.97725720942347,"L06",XZQvXo5qT34,2015-10-10T00:00:00Z,1,,21,1,,21,0,1,,,KkAqB2pyhL8,0.03,,,0.1353,M2-L06-002-03,,
M3,MAIZE2,RWA,Wildlife Conservation Society,29.4347584689003,-2.57578970240643,"L01",mDLfcyhvBu,2016-01-12T00:00:00Z,1,,16,1,,31,0,1,,,atMWTeD7mG3,0.01,,,0.059,,,
M4,BANANA,RWA,Wildlife Conservation Society,30.678255588268,-1.93426664412886,"L03",bsDhjVrvZ8B,2016-07-12T00:00:00Z,1,,71a,1,,71a,0,1,,,iipPYUgd4Z6,0.5,,,0.6382,M4-L03-005-01,,
M2,IRISH,RWA,Wildlife Conservation Society,29.3847853801739,-1.80927231441535,"L04",fzVneyP9Mg7,2016-01-27T00:00:00Z,3,,,1,,31,0,1,,,awB8wUXDDV4,0.02,,,0.0758,,,
M1,BEANS,RWA,Wildlife Conservation Society,29.55086017135,-1.48050348714566,"L02",zxz5fHgxQr4,2016-05-26T00:00:00Z,1,,23,1,,23,0,1,,,sttpfq6LX47,0.005,,,0.2928,M1-L02-008-01,,
M2,BEANS,RWA,Wildlife Conservation Society,30.0187746264512,-2.28718495548197,"L07",TYoYR9fk5v3,2016-08-17T00:00:00Z,1,,31,1,,31,0,1,,,y9jfHJ737u,0.04,0.0,1,0.3327,M2-L07-006-01,,
M3,CASSAVA,RWA,Wildlife Conservation Society,30.678255588268,-1.93426664412886,"L03",tmtcp1ke5eB,2016-07-16T00:00:00Z,1,,21,1,,21,0,2,1,,,0.8,,,,,,
M1,PEAS,RWA,Wildlife Conservation Society,29.55086017135,-1.48050348714566,"L02",MxhdeDaZTa9,2016-04-29T00:00:00Z,1,,23,1,,11,0,1,,,VnonWMuQ3a8,0.1,,,0.48,M1-L02-007-02,,
M2,BEANS,RWA,Wildlife Conservation Society,30.0187746264512,-2.28718495548197,"L07",9yvw1XWDNpA,2016-08-13T00:00:00Z,1,,31,1,,13,0,1,,,bhWR9cDUN24,0.23,2.0,1,0.2126,M2-L07-004-02,,
M2,YAMS,RWA,Wildlife Conservation Society,29.7928701957997,-1.97725720942347,"L06",nny1kAHD1A6,2015-10-08T00:00:00Z,1,,24,1,,11,0,2,1,,,0.8,,,,,,
M1,MAIZE,RWA,Wildlife Conservation Society,29.55086017135,-1.48050348714566,"L02",am7bPMj2uA,2016-04-29T00:00:00Z,1,,81,1,,81,0,1,,,pkqT9ecmJB6,0.005,,,0.0758,M1-L02-007-01,,
M2,MAIZE,RWA,Wildlife Conservation Society,30.678255588268,-1.93426664412886,"L03",YfvDPbb5H85,2016-07-28T00:00:00Z,1,,11,1,,23,0,1,,,BSmeXCn92ZA,0.04,,,0.5759,M2-L03-009-03,,
M1,BEANS,RWA,Wildlife Conservation Society,30.0187746264512,-2.28718495548197,"L07",WVpeXYVGNq8,2016-08-15T00:00:00Z,1,,31,1,,31,0,1,,,79sUt6qtHk6,0.003,0.0,1,0.6743,M1-L07-004-04,,
M1,BANANA,RWA,Wildlife Conservation Society,30.678255588268,-1.93426664412886,"L03",x7bE3Pdy8h5,2016-07-23T00:00:00Z,1,,31,1,,31,0,1,,,s2dRGB5FZS3,0.0,,,0.0689,M1-L03-006-04,,
M1,PYRETHRUM,RWA,Wildlife Conservation Society,29.55086017135,-1.48050348714566,"L02",7HuaMEgyTz4,2016-05-28T00:00:00Z,1,,52,1,,52,0,1,,,ZudAtd6Vrt2,0.05,,,0.3901,M1-L02-008-03,,
M2,MAIZE,RWA,Wildlife Conservation Society,30.0187746264512,-2.28718495548197,"L07",vC1xGx4WFW,2016-08-12T00:00:00Z,1,,11,1,,13,0,1,,,dgSFkNarbBA,0.003,0.0,1,3.4547,M2-L07-003-03,,
M3,FALLOW,RWA,Wildlife Conservation Society,29.3847853801739,-1.80927231441535,"L04",6VtbLtrb1D3,2016-01-25T00:00:00Z,1,,22,1,,23,0,1,,,1w953u74RcB,0.15,,,0.1472,,,
M2,BANANA,RWA,Wildlife Conservation Society,30.0187746264512,-2.28718495548197,"L07",tU6yMt3dHA3,2016-08-09T00:00:00Z,1,,71b,1,,71b,0,1,,,PyYb59Yi7W8,0.05,0.0,1,0.4078,M2-L07-008-01,,
M1,PYRETHRUM,RWA,Wildlife Conservation Society,29.55086017135,-1.48050348714566,"L02",Az5BDLdFCQB,2016-05-25T00:00:00Z,1,,52,1,,52,1,1,,,v2Br5etFJF8,0.1,,,0.8275,M1-L02-010-04,,
M2,BEANS,RWA,Wildlife Conservation Society,30.678255588268,-1.93426664412886,"L03",B8yvkFk2DJ5,2016-07-21T00:00:00Z,1,,23,1,,47,0,1,,,gY3FcXdYYRB,0.0,,,0.1034,M2-L03-004-03,,
M1,MAIZE 1,RWA,Wildlife Conservation Society,29.4347584689003,-2.57578970240643,"L01",wy7axJB9t4A,2016-01-14T00:00:00Z,1,,31,1,,11,0,1,,,EbjJGsiALw2,0.005,,,0.0715,M2-L01-010-01,,
M1,MAIZE,RWA,Wildlife Conservation Society,30.0187746264512,-2.28718495548197,"L07",NqznyHy6N16,2016-08-10T00:00:00Z,1,,11,1,,13,0,1,,,ZWzU29KbmL9,0.005,0.0,1,0.3708,M1-L07-008-04,,
M2,BEANS,RWA,Wildlife Conservation Society,30.678255588268,-1.93426664412886,"L03",rP7DxqhNrW3,2016-07-19T00:00:00Z,1,,31,1,,31,0,2,1,,,0.8,,,,,,
M5,COFFEE2,RWA,Wildlife Conservation Society,29.7928701957997,-1.97725720942347,"L06",YVG8nKF7bC4,2015-12-05T00:00:00Z,1,,54,1,,54,0,1,,,peW31sNfYb6,0.12,,,0.0418,,,
M2,GROUNDNUTS,RWA,Wildlife Conservation Society,29.7928701957997,-1.97725720942347,"L06",dVN9QRTY6b4,2015-11-12T00:00:00Z,1,,43,1,,31,0,2,1,,,1.0,,,,,,
M3,BEANS2,RWA,Wildlife Conservation Society,29.3847853801739,-1.80927231441535,"L04",bdXeZG9z586,2016-02-13T00:00:00Z,1,,31,1,,11,0,1,,,1EjzvjVnNb,0.005,,1,0.2754,M3-L04-002-01,,
M2,MAIZE,RWA,Wildlife Conservation Society,29.3847853801739,-1.80927231441535,"L04",bdXeZG9z586,2016-02-13T00:00:00Z,1,,31,1,,11,0,1,,,mzVLLEXS5AA,0.0,,,0.2076,M2-L04-002-01,,
M1,MAIZE 1,RWA,Wildlife Conservation Society,29.3847853801739,-1.80927231441535,"L04",hXCHXcG2W46,2016-02-01T00:00:00Z,1,,86,1,,11,0,1,,,6ztbRvuPn8B,0.007,,,0.0778,,,
M1,BEANS,RWA,Wildlife Conservation Society,30.0187746264512,-2.28718495548197,"L07",3aT11RTk4H8,2016-08-20T00:00:00Z,1,,31,1,,31,0,1,,,buJ8MNvvuh7,0.0,0.0,1,0.5495,M1-L07-009-01,,
M2,MAIZE 2,RWA,Wildlife Conservation Society,29.4347584689003,-2.57578970240643,"L01",MsBreaQuEcA,2016-01-15T00:00:00Z,1,,23,1,,11,0,1,,,y4FCn6fAq75,0.04,,,0.0711,M2-L01-010-92,,
M1,BEANS,RWA,Wildlife Conservation Society,29.3847853801739,-1.80927231441535,"L04",M8qxpz4tTs2,2016-01-28T00:00:00Z,1,,11,1,,31,0,1,,,DbdFSBbBis6,0.003,,,0.0877,,,
M1,MAIZE,RWA,Wildlife Conservation Society,30.0187746264512,-2.28718495548197,"L07",zywmeprmCJ6,2016-08-24T00:00:00Z,1,,11,1,,31,0,1,,,wkk3SoRrxa,0.005,0.0,1,0.2631,M1-L07-002-03,,
M1,MAIZE,RWA,Wildlife Conservation Society,30.0187746264512,-2.28718495548197,"L07",nkZFomM6JN2,2016-08-11T00:00:00Z,1,,11,1,,21,0,1,,,47AiCU4Cd28,0.1,2.0,1,0.1555,M1-L07-003-01,,
M5,TEA,RWA,Wildlife Conservation Society,29.3847853801739,-1.80927231441535,"L04",bdXeZG9z586,2016-02-13T00:00:00Z,1,,55,1,,55,1,1,,,F21gydsgjDB,0.05,,,0.8008,M5-L04-002-01,,
M1,MAIZE,RWA,Wildlife Conservation Society,29.55086017135,-1.48050348714566,"L02",LZ29vrnear2,2016-04-23T00:00:00Z,1,,23,1,,11,0,1,,,uDuD3bRGQQB,0.0,,,0.1281,M1-L02-003-04,,
M3,MAIZE 3,RWA,Wildlife Conservation Society,29.3847853801739,-1.80927231441535,"L04",hXCHXcG2W46,2016-02-01T00:00:00Z,1,,31,1,,11,0,1,,,MqgAPwoB7H9,0.8,,,0.10299,,,
M2,BEANS2,RWA,Wildlife Conservation Society,30.0187746264512,-2.28718495548197,"L07",C3b2zHKsNU3,2016-08-24T00:00:00Z,1,,31,1,,43,0,1,,,hmbPWDhmh74,0.04,0.0,1,0.1845,M2-L07-001-01,,
M2,MAIZE2,RWA,Wildlife Conservation Society,29.7928701957997,-1.97725720942347,"L06",YVG8nKF7bC4,2015-12-05T00:00:00Z,1,,31,1,,11,0,1,,,6Hjd2NQa3H9,3.0,,,0.0523,,,
M1,IRISH,RWA,Wildlife Conservation Society,29.55086017135,-1.48050348714566,"L02",xAHNqyKKrL4,2016-05-24T00:00:00Z,1,,23,1,,23,0,1,,,UyCQdSgm1JA,0.0,,,0.2859,M1-L02-010-03,,
M1,MAIZE,RWA,Wildlife Conservation Society,29.3847853801739,-1.80927231441535,"L04",jDuNCdZs246,2016-02-09T00:00:00Z,1,,31,1,,23,0,1,,,2ihUfWBAQp3,0.005,,,0.1742,M1 L04 007 01,,
M1,MAIZE,RWA,Wildlife Conservation Society,30.0187746264512,-2.28718495548197,"L07",C56aeDFWPa7,2016-08-18T00:00:00Z,1,,11,1,,11,0,1,,,hV3a1njcBr5,0.005,0.0,1,1.1795,M1-L07-005-03,,
M1,MAIZE,RWA,Wildlife Conservation Society,29.3847853801739,-1.80927231441535,"L04",6VtbLtrb1D3,2016-01-25T00:00:00Z,1,,31,1,,11,0,1,,,MXsZDoddHP8,0.007,,,0.1279,,,
M3,IRISH3,RWA,Wildlife Conservation Society,29.55086017135,-1.48050348714566,"L02",xAHNqyKKrL4,2016-05-24T00:00:00Z,1,,23,1,,23,0,2,1,,,4.0,,,,,,
M4,FRUIT,RWA,Wildlife Conservation Society,29.55086017135,-1.48050348714566,"L02",voQqwNL5SR4,2016-03-03T00:00:00Z,1,,81,1,,81,0,1,,,WkCmvwAtssA,0.01,,,0.148,M4-L02-001-01,,
M1,BEANS,RWA,Wildlife Conservation Society,29.3847853801739,-1.80927231441535,"L04",jHTSofjuPJ7,2016-01-18T00:00:00Z,1,,11,1,,31,0,1,,,nafDvQ8uzm7,0.01,,,0.1791,,,
M1,I/POTATOE,RWA,Wildlife Conservation Society,29.4347584689003,-2.57578970240643,"L01",9upFZJLCfM2,2016-01-12T00:00:00Z,1,,16,1,,22,0,1,,,Gp3Njzecxi3,0.035,,,0.1605,M1-L01-006-02,,
M1,MAIZE,RWA,Wildlife Conservation Society,30.0187746264512,-2.28718495548197,"L07",TYoYR9fk5v3,2016-08-17T00:00:00Z,1,,31,1,,31,0,1,,,7ncfw4fkmr5,0.0,0.0,1,0.397,M1-L07-006-01,,
M1,IRISH POTATO,RWA,Wildlife Conservation Society,29.4347584689003,-2.57578970240643,"L01",fSLig1NkSU7,2016-11-16T00:00:00Z,1,,23,1,,11,0,1,,,Sbf7fut7JBB,0.005,,,0.7125,,,
M2,MAIZE 2,RWA,Wildlife Conservation Society,29.4347584689003,-2.57578970240643,"L01",wy7axJB9t4A,2016-01-14T00:00:00Z,1,,23,1,,23,0,1,,,EGTx3RW33r7,0.006,,,0.478,M3-L01-010-01,,
M2,BEANS,RWA,Wildlife Conservation Society,30.678255588268,-1.93426664412886,"L03",5s4t5icCN2,2016-07-16T00:00:00Z,1,,31,4,,,5,1,,,6negDjJmAa4,0.025,,,3.4328,M2-L03-003-03,,
M1,MAIZE,RWA,Wildlife Conservation Society,30.678255588268,-1.93426664412886,"L03",Vh74sMy7UM8,2016-07-18T00:00:00Z,1,,31,4,,,7,1,,,ZBTmPBbCEs2,0.3,,,7.2019,M1-L03-002-01,,
M2,MAIZE,RWA,Wildlife Conservation Society,29.7928701957997,-1.97725720942347,"L06",fiLpRcMBzoA,2015-11-14T00:00:00Z,1,,31,1,,11,0,1,,,fcgScyFmuR3,0.2,,,0.026,M2-L06-008-03,,
M2,BEANS,RWA,Wildlife Conservation Society,29.3847853801739,-1.80927231441535,"L04",yCPYya5PZfA,2016-02-12T00:00:00Z,1,,31,1,,11,0,1,,,RymSA6BoLD,0.15,,,0.4369,M2-L04-001-04,,
M2,CASSAVA,RWA,Wildlife Conservation Society,30.678255588268,-1.93426664412886,"L03",rYhbEL7oXj9,2016-07-26T00:00:00Z,1,,21,1,,31,0,2,1,,,0.8,,,,,,
M2,I/POTATOES,RWA,Wildlife Conservation Society,29.7928701957997,-1.97725720942347,"L06",kxErk1sYmQB,2015-11-10T00:00:00Z,1,,24,1,,31,0,1,,,BgKzxphN82B,0.025,,,0.1443,M2-L06-010-02,,
M2,IRISH,RWA,Wildlife Conservation Society,29.3847853801739,-1.80927231441535,"L04",5AjH6QaGU24,2016-02-15T00:00:00Z,1,,23,1,,31,0,1,,,KZ5NZDL2sK4,0.0,,,0.1066,M2-L04-002-02,,
M3,BEANS2,RWA,Wildlife Conservation Society,30.0187746264512,-2.28718495548197,"L07",mE3oDzqBqu4,2016-08-11T00:00:00Z,1,,31,1,,13,0,2,1,,,4.0,30.0,1,,,,
M1,MAIZE,RWA,Wildlife Conservation Society,29.4347584689003,-2.57578970240643,"L01",mDLfcyhvBu,2016-01-12T00:00:00Z,1,,35,1,,11,0,1,,,iNQ3mmvRrX4,0.02,,,0.1819,,,
M2,TOMATOES,RWA,Wildlife Conservation Society,29.55086017135,-1.48050348714566,"L02",t8pSXYMtCP,2016-03-01T00:00:00Z,2,,,1,,87,0,1,,,H57BUVVVds3,0.0,,,0.3669,M2-L02-009-03,,
M1,SORGHUM,RWA,Wildlife Conservation Society,30.678255588268,-1.93426664412886,"L03",YfvDPbb5H85,2016-07-28T00:00:00Z,1,,23,1,,11,0,1,,,7GMqZ7KxH82,0.02,,,0.5817,M1-L03-009-03,,
M1,BEANS,RWA,Wildlife Conservation Society,30.678255588268,-1.93426664412886,"L03",oSahYBywkW2,2016-07-25T00:00:00Z,1,,31,4,,,0,1,,,vS1dtyH7Ha3,0.1,,,0.4599,M1-L03-001-01,,
M1,BEANS,RWA,Wildlife Conservation Society,29.3847853801739,-1.80927231441535,"L04",jT3NCQFGuW8,2016-02-08T00:00:00Z,1,,31,1,,11,7,1,,,5pFzLccGmL5,0.003,,,0.5449,M1-L04-007-01,,
M2,BEANS,RWA,Wildlife Conservation Society,30.0187746264512,-2.28718495548197,"L07",mE3oDzqBqu4,2016-08-11T00:00:00Z,1,,31,1,,31,0,1,,,H9sYggwoWh8,0.0,0.0,1,0.1431,M2-L07-003-02,,
M3,PYRETHRUM,RWA,Wildlife Conservation Society,29.55086017135,-1.48050348714566,"L02",Mq9anduKdR9,2016-05-17T00:00:00Z,1,,52,1,,52,0,1,,,hFk9UHdQsf2,0.025,,,0.4829,M3-L02-007-04,,
M1,BANANA,RWA,Wildlife Conservation Society,29.7928701957997,-1.97725720942347,"L06",PGN47oqwcT6,2015-10-10T00:00:00Z,1,,71c,1,,71c,0,1,,,YrQzuKeYBc7,0.005,,,0.0694,,,
M2,SWEET POTATOES,RWA,Wildlife Conservation Society,29.4347584689003,-2.57578970240643,"L01",XXFzjtd2A8,2016-10-15T00:00:00Z,1,,22,1,,22,0,1,,,MMjc4bdAqx2,0.025,,,0.1851,,,
M3,SOYA,RWA,Wildlife Conservation Society,29.7928701957997,-1.97725720942347,"L06",jQRmJu3n453,2015-10-02T00:00:00Z,1,,71a,1,,71a,0,2,1,,,1.0,,,,,,
M3,FRUIT,RWA,Wildlife Conservation Society,29.4347584689003,-2.57578970240643,"L01",Nq4M7PWJPS,2015-12-04T00:00:00Z,1,,22,1,,22,5,1,,,JqHV9iFgLS,0.007,,,0.2095,M3-L01-007-02,,
M1,MAIZE,RWA,Wildlife Conservation Society,29.4347584689003,-2.57578970240643,"L01",QUACw1VqWL2,2015-11-17T00:00:00Z,1,,16,1,,11,0,1,,,YS5nACYPehB,0.005,,,0.2815,M1-L01-004-02,,
M2,CASSAVA,RWA,Wildlife Conservation Society,29.4347584689003,-2.57578970240643,"L01",gvW2UAieds2,2016-01-06T00:00:00Z,1,,35,1,,21,0,2,1,,,2.0,,,,,,
M3,PEAS,RWA,Wildlife Conservation Society,29.4347584689003,-2.57578970240643,"L01",m6KCw7ZxQ47,2015-10-22T00:00:00Z,1,,32,1,,32,0,2,1,,,3.0,,,,M2-L01-005-03,,
M2,SWEET POTATO,RWA,Wildlife Conservation Society,29.3847853801739,-1.80927231441535,"L04",iV8EbG17vX2,2016-05-15T00:00:00Z,1,,22,1,,22,0,1,,,k3u6bH8dVsA,0.012,,,0.0285,,,
M3,IRISH POTATO,RWA,Wildlife Conservation Society,29.4347584689003,-2.57578970240643,"L01",aDnodjimek6,2016-12-09T00:00:00Z,4,,,1,,23,0,2,1,,,0.8,,,,,,
M1,MAIZE,RWA,Wildlife Conservation Society,30.0187746264512,-2.28718495548197,"L07",9yvw1XWDNpA,2016-08-13T00:00:00Z,1,,11,1,,13,0,1,,,ZSs7DwFjcH7,0.2,2.0,1,0.2197,M1-L07-004-02,,
M1,BANANA,RWA,Wildlife Conservation Society,30.678255588268,-1.93426664412886,"L03",29hZgxCQpf4,2016-07-12T00:00:00Z,1,,71b,1,,71b,0,1,,,bWywDbb6bS,0.03,,,0.5942,M1-L03-005-02,,
M1,IRISH,RWA,Wildlife Conservation Society,29.55086017135,-1.48050348714566,"L02",d77n4FzyP99,2016-04-26T00:00:00Z,1,,52,1,,52,0,1,,,47WXqvDGSAB,0.2,,,0.5305,M1-L02-004-02,,
M2,BEANS,RWA,Wildlife Conservation Society,29.55086017135,-1.48050348714566,"L02",nkB43h7a3u6,2016-04-22T00:00:00Z,1,,23,1,,11,0,1,,,CKVHpbDBkr2,0.005,,,0.4553,M2-L02-003-03,,
M4,COFFEE,RWA,Wildlife Conservation Society,29.7928701957997,-1.97725720942347,"L06",kxErk1sYmQB,2015-11-10T00:00:00Z,1,,54,1,,54,0,1,,,9eqWVEutYZ3,0.15,,,0.0682,M4-L06-010-02,,
M2,BEANS,RWA,Wildlife Conservation Society,30.678255588268,-1.93426664412886,"L03",1aHi48GS6A5,2016-07-01T00:00:00Z,1,,31,1,,31,0,2,1,,,1.2,,,,,,
M2,CASSAVA,RWA,Wildlife Conservation Society,30.678255588268,-1.93426664412886,"L03",2tfKupRSSR9,2016-07-14T00:00:00Z,1,,21,1,,21,0,1,,,ZuwzkYWmpD9,0.05,,,0.1935,M2-L03-005-04,,
M4,BANANA,RWA,Wildlife Conservation Society,29.7928701957997,-1.97725720942347,"L06",YVG8nKF7bC4,2015-12-05T00:00:00Z,1,,71b,1,,71b,0,1,,,CetuAjYJibA,0.1,,,0.2261,,,
M3,I.POTATO,RWA,Wildlife Conservation Society,29.55086017135,-1.48050348714566,"L02",Urb5aXE3gA2,2016-05-16T00:00:00Z,1,,52,1,,52,0,1,,,MZfpAeQAEJ9,0.1,,,0.3621,M3-L02-007-03,,
M2,MAIZE,RWA,Wildlife Conservation Society,29.4347584689003,-2.57578970240643,"L01",9upFZJLCfM2,2016-01-12T00:00:00Z,1,,16,1,,11,0,1,,,ermWawjUye7,0.015,,,0.1359,M2-L01-006-02,,
M2,CASSAVA,RWA,Wildlife Conservation Society,29.7928701957997,-1.97725720942347,"L06",jQRmJu3n453,2015-10-02T00:00:00Z,1,,21,1,,31,0,1,,,qnRBsDG8Ts,0.1,,,0.082,M2-L06-007-02,,
M1,BEANS,RWA,Wildlife Conservation Society,30.678255588268,-1.93426664412886,"L03",rQmTKtJ2h92,2016-07-23T00:00:00Z,1,,31,1,,71a,0,1,,,7rwAgGDVAs6,0.0,,,0.1155,M1-L03-006-03,,
M3,MAIZE,RWA,Wildlife Conservation Society,29.7928701957997,-1.97725720942347,"L06",AvkkCXoYrg8,2016-10-16T00:00:00Z,1,,31,1,,11,0,1,,,cAdjyy67NS3,2.0,,,0.0885,,,
M1,MAIZE,RWA,Wildlife Conservation Society,29.3847853801739,-1.80927231441535,"L04",yCPYya5PZfA,2016-02-12T00:00:00Z,1,,31,1,,11,0,1,,,1EfxnKEymt9,0.06,,,0.1001,M1-L04-001-04,,
M2,IRISH,RWA,Wildlife Conservation Society,30.678255588268,-1.93426664412886,"L03",Tt5k1X1aefA,2016-07-15T00:00:00Z,1,,23,1,,31,0,1,,,zp4fr2UyPv3,0.0,,,0.3781,M2-L03-003-01,,
M2,BEANS2,RWA,Wildlife Conservation Society,30.0187746264512,-2.28718495548197,"L07",8rMnuSjsKfA,2016-08-23T00:00:00Z,1,,31,1,,31,0,2,1,,,2.0,40.0,1,,,,
M2,PYRETHRUM,RWA,Wildlife Conservation Society,29.55086017135,-1.48050348714566,"L02",MxhdeDaZTa9,2016-04-29T00:00:00Z,1,,52,1,,52,0,1,,,irPwYBADzCB,1.0,,,0.7912,M2-L02-007-02,,
M2,PYRETRHUM,RWA,Wildlife Conservation Society,29.55086017135,-1.48050348714566,"L02",am7bPMj2uA,2016-04-29T00:00:00Z,1,,52,1,,52,1,1,,,Rs7KJ2S7oYB,0.2,,,1.8003,M2-L02-007-01,,
M2,BEANS,RWA,Wildlife Conservation Society,30.678255588268,-1.93426664412886,"L03",tmtcp1ke5eB,2016-07-16T00:00:00Z,1,,31,1,,23,0,1,,,LEgxyafmsT4,0.05,,,0.4754,M2-L03-003-04,,
M1,MAIZE,RWA,Wildlife Conservation Society,29.3847853801739,-1.80927231441535,"L04",YDokUMGBos2,2016-02-05T00:00:00Z,1,,31,1,,11,0,1,,,SNtM8U698D,0.0,,,0.0588,M1-L04-006-04,,
M1,YAMS,RWA,Wildlife Conservation Society,29.3847853801739,-1.80927231441535,"L04",xcxoHDFasQA,2016-01-28T00:00:00Z,1,,23,1,,31,0,1,,,AN4VauyrDF7,0.005,,,0.1721,,,
M3,BANANA,RWA,Wildlife Conservation Society,30.0187746264512,-2.28718495548197,"L07",ob6Go1epkY4,2016-08-22T00:00:00Z,1,,71b,1,,71b,0,1,,,owWY2LwRzN4,0.005,0.0,1,0.2206,M3-L07-009-02,,
M1,BEANS,RWA,Wildlife Conservation Society,30.678255588268,-1.93426664412886,"L03",SS7UVs5jxa4,2016-07-28T00:00:00Z,1,,31,4,,,2,1,,,2v6q7HYCk25,0.08,,,2.0266,M1-L03-008-01,,
M1,BEANS,RWA,Wildlife Conservation Society,30.678255588268,-1.93426664412886,"L03",V6SdSqrYbJ7,2016-07-29T00:00:00Z,1,,11,1,,31,0,1,,,sJcR1Q88yEA,0.0,,,0.1272,M1-L03-008-02,,
M2,MAIZE,RWA,Wildlife Conservation Society,29.7928701957997,-1.97725720942347,"L06",JYjBoTCdte4,2015-10-14T00:00:00Z,1,,31,1,,11,0,1,,,gcwtBE8VRh5,0.02,,,0.1224,M2-L06-009-02,,
M7,,RWA,Wildlife Conservation Society,29.7928701957997,-1.97725720942347,"L06",3hzQ4hJNWpA,2016-05-03T00:00:00Z,,,,,,,,,,,,,,,,,,
M3,IRISH,RWA,Wildlife Conservation Society,29.55086017135,-1.48050348714566,"L02",Az5BDLdFCQB,2016-05-25T00:00:00Z,1,,23,1,,23,0,2,1,,,2.0,,,,,,
M2,BEANS,RWA,Wildlife Conservation Society,29.4347584689003,-2.57578970240643,"L01",QUACw1VqWL2,2015-11-17T00:00:00Z,1,,71b,1,,31,0,1,,,kxcndyNKQ13,0.005,,,0.333,M2-L01-004-02,,
M2,YAMS,RWA,Wildlife Conservation Society,29.7928701957997,-1.97725720942347,"L06",NpBRQomLNX3,2015-11-09T00:00:00Z,1,,24,1,,24,0,1,,,xzNRHuteuS9,0.03,,,0.2103,M2-L06-010-01,,
M2,MAIZE,RWA,Wildlife Conservation Society,30.0187746264512,-2.28718495548197,"L07",tuxCwfbZQN9,2016-08-16T00:00:00Z,1,,11,1,,11,0,2,1,,,1.5,30.0,1,,,,
M3,CASSAVA,RWA,Wildlife Conservation Society,29.7928701957997,-1.97725720942347,"L06",BrVjLcZwqr3,2015-10-12T00:00:00Z,1,,21,1,,21,0,2,2,,,0.1,,,,,,
M2,IRISH,RWA,Wildlife Conservation Society,30.678255588268,-1.93426664412886,"L03",Vh74sMy7UM8,2016-07-18T00:00:00Z,1,,23,1,,11,0,1,,,smn6joawwZ4,0.0,,,0.1115,M1-L03-002-01,,
M1,SWEET POTATOES,RWA,Wildlife Conservation Society,29.4347584689003,-2.57578970240643,"L01",CxdDadFVXS7,2016-10-21T00:00:00Z,1,,23,1,,11,0,1,,,wg5wYrviSK2,0.006,,,0.0894,,,
M2,FRUIT,RWA,Wildlife Conservation Society,29.55086017135,-1.48050348714566,"L02",d77n4FzyP99,2016-04-26T00:00:00Z,1,,23,1,,11,0,1,,,Mf1AbNJCH68,0.0,,,0.0295,M2-L02-004-02,,
M1,MAIZE,RWA,Wildlife Conservation Society,29.4347584689003,-2.57578970240643,"L01",aDnodjimek6,2016-12-09T00:00:00Z,1,,31,1,,11,0,1,,,gLmoLUZfYY9,0.005,,,0.1376,,,
M1,MAIZE,RWA,Wildlife Conservation Society,29.3847853801739,-1.80927231441535,"L04",io6UuTdM1Q3,2016-01-20T00:00:00Z,1,,11,1,,11,0,1,,,kJWHovXjFY6,0.005,,,0.1629,,,
M3,BEANS,RWA,Wildlife Conservation Society,29.4347584689003,-2.57578970240643,"L01",CxdDadFVXS7,2016-10-21T00:00:00Z,1,,16,1,,11,0,1,,,QQCqrnzgao4,0.015,,,0.0614,,,
M3,WHEAT,RWA,Wildlife Conservation Society,29.55086017135,-1.48050348714566,"L02",WuExMq5R6A9,2016-05-19T00:00:00Z,1,,16,4,,,0,2,1,,,1.0,,,,,,
M1,MAIZE,RWA,Wildlife Conservation Society,29.4347584689003,-2.57578970240643,"L01",4uYtGb6q1h5,2016-11-19T00:00:00Z,1,,35,1,,11,0,1,,,i1m1okUSD8B,0.005,,,0.0855,,,
M1,IRISH,RWA,Wildlife Conservation Society,29.55086017135,-1.48050348714566,"L02",z7c7QHaTTe7,2016-05-27T00:00:00Z,1,,16,1,,23,0,1,,,QpTXZLcCXg2,0.0,,,0.194,M1-L02-008-02,,
M2,BEANS2,RWA,Wildlife Conservation Society,30.678255588268,-1.93426664412886,"L03",EXzXQD4FSm3,2016-07-27T00:00:00Z,1,,31,1,,31,1,1,,,Nqj5ksdpXcA,0.02,,,0.6972,M2-L03-009-01,,
M1,MAIZE,RWA,Wildlife Conservation Society,29.3847853801739,-1.80927231441535,"L04",nUikVE2njA5,2016-02-17T00:00:00Z,1,,11,1,,11,0,1,,,WvqhCEC5Cg5,0.0,,,0.833,M1 L04 008 04,,
M1,BEANS,RWA,Wildlife Conservation Society,29.3847853801739,-1.80927231441535,"L04",tzDJcn6PLMB,2016-01-30T00:00:00Z,1,,11,4,,,0,1,,,2uTNAjunvV3,0.005,,,0.2104,,,
M2,IPOTATO,RWA,Wildlife Conservation Society,29.55086017135,-1.48050348714566,"L02",U4AbXpgwpoA,2016-04-25T00:00:00Z,1,,52,1,,52,0,2,2,,,0.1,,,,,,
M4,SWEET PATATO,RWA,Wildlife Conservation Society,29.4347584689003,-2.57578970240643,"L01",Nq4M7PWJPS,2015-12-04T00:00:00Z,1,,22,1,,83,8,1,,,cRRvw5q6AF8,0.014,,,0.0813,M4-L01-007-02,,
M3,PEAS,RWA,Wildlife Conservation Society,29.4347584689003,-2.57578970240643,"L01",cZWWUyRwuTA,2016-01-16T00:00:00Z,1,,16,1,,22,0,1,,,t4W5DUtLBTB,0.01,,,0.056,M3-L01-010-03,,
M4,S/PATAROES,RWA,Wildlife Conservation Society,29.3847853801739,-1.80927231441535,"L04",bdXeZG9z586,2016-02-13T00:00:00Z,4,,,4,,,0,1,,,7aVkxwUdBP5,0.04,,,0.03366,M4-L04-002-01,,
M2,MAIZE,RWA,Wildlife Conservation Society,29.4347584689003,-2.57578970240643,"L01",wPk7iGeM1n2,2015-12-16T00:00:00Z,1,,31,1,,11,0,1,,,Vi9DXHcef77,0.01,,,0.2732,M2-L01-008-04,,
M2,CASSAVA,RWA,Wildlife Conservation Society,29.7928701957997,-1.97725720942347,"L06",HbRbhAKMLv3,2015-10-09T00:00:00Z,1,,21,1,,21,0,1,,,ihTXbic44zA,0.1,,,0.3981,M2-L06-002-01,,
M1,IRISH,RWA,Wildlife Conservation Society,29.55086017135,-1.48050348714566,"L02",sqHntKPZfk6,2016-05-20T00:00:00Z,1,,23,1,,23,0,1,,,eiVTXcbbTB2,0.0,,,0.0428,M1-L02-006-03,,
M2,CASSAVA,RWA,Wildlife Conservation Society,29.7928701957997,-1.97725720942347,"L06",vdieyWj8obA,2015-11-07T00:00:00Z,1,,21,1,,21,0,1,,,7yTLgqXF5h6,0.03,,,0.0484,M2-L06-001-02,,
M2,IRISH2,RWA,Wildlife Conservation Society,29.55086017135,-1.48050348714566,"L02",sqHntKPZfk6,2016-05-20T00:00:00Z,1,,23,1,,52,0,1,,,tjBaDcrkoGA,0.1,,,0.7223,M2-L02-006-03,,
M2,MAIZE,RWA,Wildlife Conservation Society,29.4347584689003,-2.57578970240643,"L01",m6KCw7ZxQ47,2015-10-22T00:00:00Z,1,,23,1,,23,0,1,,,hahMKmkbMB3,0.015,,,0.2391,M2-L01-005-03,,
M2,FALLOW,RWA,Wildlife Conservation Society,29.3847853801739,-1.80927231441535,"L04",tzDJcn6PLMB,2016-01-30T00:00:00Z,1,,11,1,,31,1,1,,,oatF54f4kL2,0.08,,,0.3665,,,
M1,BEANS,RWA,Wildlife Conservation Society,30.0187746264512,-2.28718495548197,"L07",Wj18gYU55E5,2016-08-12T00:00:00Z,1,,31,1,,31,0,1,,,qopAmi1Pze8,0.005,0.0,1,0.1463,M1-L07-003-04,,
M1,BANANA,RWA,Wildlife Conservation Society,30.678255588268,-1.93426664412886,"L03",rP7DxqhNrW3,2016-07-19T00:00:00Z,1,,11,1,,31,0,1,,,WxdARE5Anm7,0.005,,,1.7996,M1-L03-002-02,,
M3,BEANS3,RWA,Wildlife Conservation Society,29.3847853801739,-1.80927231441535,"L04",M8qxpz4tTs2,2016-01-28T00:00:00Z,4,,,1,,31,0,2,1,,,4.0,,,,,,
M2,COFFEE,RWA,Wildlife Conservation Society,29.7928701957997,-1.97725720942347,"L06",Lka6n6s87G,2016-11-02T00:00:00Z,1,,54,1,,54,0,1,,,2CZKyJfcDMA,0.05,,,0.0633,,,
M2,NUTS,RWA,Wildlife Conservation Society,30.0187746264512,-2.28718495548197,"L07",1tDK7dEA7q4,2016-08-22T00:00:00Z,1,,43,1,,31,0,1,,,EXM86EbMCQ,0.02,0.0,1,0.3742,M2-L07-009-03,,
M2,BANANA,RWA,Wildlife Conservation Society,30.0187746264512,-2.28718495548197,"L07",nkZFomM6JN2,2016-08-11T00:00:00Z,1,,71a,1,,71a,0,1,,,V7L7i5L99J2,0.02,0.0,1,0.2151,M2-L07-003-01,,
M1,BEANS,RWA,Wildlife Conservation Society,29.55086017135,-1.48050348714566,"L02",AoyYjSvsgJA,2016-03-01T00:00:00Z,1,,11,1,,31,0,1,,,UJyL6hVhNT4,0.0,,,0.3753,M1-L02-009-02,,
M6,MAIZE,RWA,Wildlife Conservation Society,29.7928701957997,-1.97725720942347,"L06",3hzQ4hJNWpA,2016-05-03T00:00:00Z,,,,other,IDEM TO FIELD 1,,0,1,,,Yj97AK7Zqj4,0.5,,,,,,
M1,BEANS,RWA,Wildlife Conservation Society,29.7928701957997,-1.97725720942347,"L06",yaHQ7ni6ar4,2016-10-13T00:00:00Z,1,,31,1,,31,0,1,,,FtuNACDQNz6,0.005,,,0.3395,,,
M3,CASSAVA,RWA,Wildlife Conservation Society,30.678255588268,-1.93426664412886,"L03",Tt5k1X1aefA,2016-07-15T00:00:00Z,1,,21,1,,21,0,2,1,,,4.0,,,,,,
M3,S/POTATOES 2,RWA,Wildlife Conservation Society,29.4347584689003,-2.57578970240643,"L01",wPk7iGeM1n2,2015-12-16T00:00:00Z,1,,22,1,,23,0,1,,,pMcNHgoMSEA,0.05,,,0.0988,,,
M1,IRISH,RWA,Wildlife Conservation Society,30.678255588268,-1.93426664412886,"L03",5s4t5icCN2,2016-07-16T00:00:00Z,1,,23,4,,,1,1,,,Jzjgbn6jEe4,0.02,,,0.8849,M1-L03-003-03,,
M1,FRUIT,RWA,Wildlife Conservation Society,29.55086017135,-1.48050348714566,"L02",6zdLptApzZ2,2016-05-23T00:00:00Z,1,,23,1,,23,0,1,,,tPJByC8oEfA,0.0,,,0.6732,M1-L02-010-02,,
M2,I.POTATO,RWA,Wildlife Conservation Society,29.55086017135,-1.48050348714566,"L02",Mq9anduKdR9,2016-05-17T00:00:00Z,1,,81,1,,81,0,1,,,sKJmGwEfds2,0.015,,,0.0836,M2-L02-007-04,,
M1,MAIZE,RWA,Wildlife Conservation Society,29.4347584689003,-2.57578970240643,"L01",XXFzjtd2A8,2016-10-15T00:00:00Z,1,,23,1,,11,0,1,,,bNWexnSoPv4,0.008,,,0.043,,,
M1,BEANS,RWA,Wildlife Conservation Society,30.0187746264512,-2.28718495548197,"L07",tuxCwfbZQN9,2016-08-16T00:00:00Z,1,,31,1,,31,0,1,,,AZrB9gPzNN4,0.0,0.0,1,0.4585,M1-L07-006-02,,
M1,MAIZE,RWA,Wildlife Conservation Society,29.55086017135,-1.48050348714566,"L02",FtidgPbhow5,2016-04-20T00:00:00Z,1,,23,1,,11,0,1,,,WJvqiRu8VC9,0.005,,,0.0842,M1-L02-003-02,,
M3,CASSAVA,RWA,Wildlife Conservation Society,29.7928701957997,-1.97725720942347,"L06",PGN47oqwcT6,2015-10-10T00:00:00Z,1,,21,1,,21,0,1,,,nQH5vLNxsK7,0.2,,,0.1228,,,
M1,MAIZE,RWA,Wildlife Conservation Society,30.0187746264512,-2.28718495548197,"L07",8LgQmjxaed7,2016-08-20T00:00:00Z,1,,11,1,,31,0,1,,,XaTNFcUkuf6,0.03,0.0,1,0.2551,M1-L07-007-03,,
M2,BEANS,RWA,Wildlife Conservation Society,29.3847853801739,-1.80927231441535,"L04",EJpjhf8ixG7,2016-02-13T00:00:00Z,1,,31,1,,11,70,1,,,czXhHT5gjC3,0.0,,,0.3396,M2-L04-002-04,,
M2,SWEET P,RWA,Wildlife Conservation Society,29.3847853801739,-1.80927231441535,"L04",AVbrhtAbDP5,2016-02-16T00:00:00Z,1,,22,1,,86,0,1,,,LjiLeEEeq34,0.2,,,0.1519,M2-L04-002-03,,
M1,MAIZE,RWA,Wildlife Conservation Society,30.0187746264512,-2.28718495548197,"L07",Kg7uwpdD4P5,2016-08-13T00:00:00Z,1,,11,1,,11,0,1,,,mQdgbauDGS6,0.2,3.0,1,0.2745,M1-L07-004-01,,
M3,BEANS3,RWA,Wildlife Conservation Society,30.0187746264512,-2.28718495548197,"L07",C3b2zHKsNU3,2016-08-24T00:00:00Z,1,,31,1,,11,0,1,,,PcTyhNRnM5,0.0,0.0,1,0.4018,M3-L07-001-01,,
M3,IR POTATOES,RWA,Wildlife Conservation Society,29.4347584689003,-2.57578970240643,"L01",VM1oxfq9wgB,2015-12-14T00:00:00Z,1,,16,1,,22,0,1,,,wrKRqQi7GNB,0.025,,,0.2494,M3-L01-008-02,,
M2,PYRETHRUM,RWA,Wildlife Conservation Society,29.55086017135,-1.48050348714566,"L02",WuExMq5R6A9,2016-05-19T00:00:00Z,1,,23,1,,23,0,1,,,UF9EqScJ8j2,0.005,,,0.138,M2-L02-006-02,,
M2,SORGHUM,RWA,Wildlife Conservation Society,30.0187746264512,-2.28718495548197,"L07",j3meptUjcsA,2016-08-19T00:00:00Z,1,,13,1,,31,0,1,,,z2kfEZSx2x7,0.003,0.0,1,0.157,M2-L07-007-02,,
M2,BEANS,RWA,Wildlife Conservation Society,30.678255588268,-1.93426664412886,"L03",DRwp2xk3gPB,2016-07-22T00:00:00Z,1,,31,1,,23,1,1,,,7KXjjTLCB59,0.2,,,0.8671,M2-L03-006-01,,
M1,MAIZE,RWA,Wildlife Conservation Society,29.4347584689003,-2.57578970240643,"L01",TEgeq116YW6,2015-12-10T00:00:00Z,1,,23,1,,11,0,1,,,dBMK3sBYgL9,0.01,,,0.4096,,,
M1,BEANS,RWA,Wildlife Conservation Society,30.0187746264512,-2.28718495548197,"L07",cQsxahQ8sm8,2016-08-25T00:00:00Z,1,,31,1,,31,0,1,,,8XVw5fB4ne4,0.003,0.0,1,0.149,M1-L07-001-03,,
M3,PADDY,RWA,Wildlife Conservation Society,30.0187746264512,-2.28718495548197,"L07",Wj18gYU55E5,2016-08-12T00:00:00Z,1,,12,1,,12,0,1,,,KFhhebN2wMA,0.1,1.0,1,0.5553,M3-L07-003-04,,
M5,BEANS3,RWA,Wildlife Conservation Society,29.3847853801739,-1.80927231441535,"L04",6VtbLtrb1D3,2016-01-25T00:00:00Z,1,,11,1,,23,0,2,1,,,1.0,,,,,,
M4,SWEET POTATOE,RWA,Wildlife Conservation Society,29.4347584689003,-2.57578970240643,"L01",2AzeKX3Xdj9,2015-12-11T00:00:00Z,1,,31,1,,22,0,2,1,,,1.0,,,,,,
M1,MAIZE,RWA,Wildlife Conservation Society,29.3847853801739,-1.80927231441535,"L04",6vh1fcZWV2A,2016-02-03T00:00:00Z,1,,31,1,,11,1,1,,,AjgZTWJc4xA,0.0,,,1.788,M1-L04-006-02,,
M2,BEANS,RWA,Wildlife Conservation Society,30.0187746264512,-2.28718495548197,"L07",ob6Go1epkY4,2016-08-22T00:00:00Z,1,,31,1,,11,0,1,,,gchwnE5dA18,0.01,0.0,1,0.2258,M2-L07-009-02,,
M2,PEAS,RWA,Wildlife Conservation Society,29.4347584689003,-2.57578970240643,"L01",GBGa6M3rbd3,2016-11-18T00:00:00Z,1,,35,1,,11,0,1,,,FgNkUudsyU5,0.015,,,0.1881,,,
M1,I.POTATO,RWA,Wildlife Conservation Society,30.678255588268,-1.93426664412886,"L03",s754vJkGDg2,2016-07-15T00:00:00Z,1,,13,1,,31,0,1,,,8XnKwswudA5,0.05,,,0.2826,M1-L03-003-02,,
M1,BEANS,RWA,Wildlife Conservation Society,29.7928701957997,-1.97725720942347,"L06",NpBRQomLNX3,2015-11-09T00:00:00Z,1,,31,1,,31,0,1,,,t32UhXnh7T3,0.005,,,0.2679,M1-L06-010-01,,
M3,COFFEE B,RWA,Wildlife Conservation Society,29.7928701957997,-1.97725720942347,"L06",QLDaeeq1A6A,2015-11-06T00:00:00Z,1,,54,1,,54,0,1,,,5q5bcMvvNz4,0.2,,,0.0414,M3-L06-001-01,,
M2,IRISH POTATO,RWA,Wildlife Conservation Society,29.3847853801739,-1.80927231441535,"L04",jDuNCdZs246,2016-02-09T00:00:00Z,1,,23,1,,11,0,1,,,guzkRgfH5A6,0.07,,,0.2604,M2 L04 007 02,,
M2,IRISH POTATO,RWA,Wildlife Conservation Society,29.4347584689003,-2.57578970240643,"L01",TWGYiMEN9K3,2016-12-02T00:00:00Z,1,,22,1,,23,0,1,,,YaZWxsTwMk2,0.1,,,0.0316,,,
M3,CASSAVA,RWA,Wildlife Conservation Society,30.678255588268,-1.93426664412886,"L03",1m6QKguDbp4,2016-07-14T00:00:00Z,1,,21,1,,21,0,2,1,,,1.0,,,,,,
M2,S/POTATOE,RWA,Wildlife Conservation Society,29.4347584689003,-2.57578970240643,"L01",nMVazETomT7,2015-12-09T00:00:00Z,1,,22,1,,22,,1,,,GvE64hBeTR9,0.5,,,0.2398,,,
M1,MAIZE,RWA,Wildlife Conservation Society,29.4347584689003,-2.57578970240643,"L01",2AzeKX3Xdj9,2015-12-11T00:00:00Z,4,,,1,,11,0,1,,,1ywLAtpxJHB,0.2,,,0.2329,,,
M6,GROUNDNUT,RWA,Wildlife Conservation Society,29.7928701957997,-1.97725720942347,"L06",5DkfDPaXxW6,2015-11-13T00:00:00Z,1,,43,1,,31,0,1,,,kHSPNuP7v14,0.07,,,0.0747,M6-L06-008-02,,
M1,BEANS,RWA,Wildlife Conservation Society,29.7928701957997,-1.97725720942347,"L06",fiLpRcMBzoA,2015-11-14T00:00:00Z,1,,31,1,,31,0,1,,,CTjHM5aPjz3,0.005,,,0.082,M1-L06-008-03,,
M3,MAIZE,RWA,Wildlife Conservation Society,29.55086017135,-1.48050348714566,"L02",voQqwNL5SR4,2016-03-03T00:00:00Z,1,,11,1,,23,0,1,,,6p1dET2DC48,0.35,,,0.1007,M3-L02-001-01,,
M1,BANANA,RWA,Wildlife Conservation Society,29.7928701957997,-1.97725720942347,"L06",HbRbhAKMLv3,2015-10-09T00:00:00Z,1,,71b,1,,71b,0,1,,,4heQDep94U5,0.005,,,0.7757,M1-L06-002-01,,
M2,SOYA,RWA,Wildlife Conservation Society,30.0187746264512,-2.28718495548197,"L07",Wj18gYU55E5,2016-08-12T00:00:00Z,1,,47,1,,41,0,1,,,sYwWuuEnoV7,0.02,0.0,1,0.099,M2-L07-003-04,,
M3,BEANS2,RWA,Wildlife Conservation Society,30.0187746264512,-2.28718495548197,"L07",Kg7uwpdD4P5,2016-08-13T00:00:00Z,1,,31,1,,11,0,1,,,W3kizh1oPw9,0.0,0.0,1,0.1933,M3-L07-004-01,,
M3,CASSAVA,RWA,Wildlife Conservation Society,30.0187746264512,-2.28718495548197,"L07",TYoYR9fk5v3,2016-08-17T00:00:00Z,1,,21,1,,21,0,1,,,48Ybnvi9n2A,0.04,0.0,1,0.7337,M3-L07-006-01,,
M1,IRISHP1,RWA,Wildlife Conservation Society,29.55086017135,-1.48050348714566,"L02",voQqwNL5SR4,2016-03-03T00:00:00Z,1,,23,1,,23,0,1,,,MeehH3Us8E7,0.0,,,0.3723,M1-L02-001-0 1,,
M2,MAIZE,RWA,Wildlife Conservation Society,29.3847853801739,-1.80927231441535,"L04",jT3NCQFGuW8,2016-02-08T00:00:00Z,1,,23,1,,11,2,1,,,7tRMG7Wjqs2,0.1,,,0.2271,M2-L04-007-01,,
M2,SWEET POTATOE,RWA,Wildlife Conservation Society,29.4347584689003,-2.57578970240643,"L01",TEgeq116YW6,2015-12-10T00:00:00Z,1,,35,1,,11,0,1,,,H1yR8T9GN98,0.015,,,0.1081,,,
M2,I.POTATO,RWA,Wildlife Conservation Society,29.55086017135,-1.48050348714566,"L02",7HuaMEgyTz4,2016-05-28T00:00:00Z,1,,23,1,,23,0,1,,,afWfp9CrLD,0.1,,,0.292,M2-L02-008-03,,
M3,WHEAT,RWA,Wildlife Conservation Society,29.4347584689003,-2.57578970240643,"L01",TEgeq116YW6,2015-12-10T00:00:00Z,1,,16,1,,31,0,1,,,6zgeF4L7iwA,0.05,,,0.095,,,
M1,MAIZE,RWA,Wildlife Conservation Society,29.3847853801739,-1.80927231441535,"L04",EJpjhf8ixG7,2016-02-13T00:00:00Z,1,,31,1,,11,15,1,,,5AypgMu93N8,0.0,,,15.0,M1-L04-002-04,,
M1,BANANA,RWA,Wildlife Conservation Society,29.7928701957997,-1.97725720942347,"L06",R5nJaf2Sop9,2015-10-07T00:00:00Z,1,,71b,1,,71b,0,1,,,iue9WRinDb6,0.0,,,0.2718,M1-L06-006-01,,
M1,MAIZE,RWA,Wildlife Conservation Society,29.3847853801739,-1.80927231441535,"L04",GJymWVjaQVB,2016-02-03T00:00:00Z,1,,31,1,,11,0,1,,,YXtEXoDhFu2,0.0,,,0.4903,M1-L04-006-01,,
M5,BEANS 4,RWA,Wildlife Conservation Society,29.3847853801739,-1.80927231441535,"L04",seXpFZmj3a,2016-01-23T00:00:00Z,1,,11,1,,31,3,1,,,MPcXvMoCmJ5,0.7,,,0.0771,M4-L04-003-02,,
M2,BEANS,RWA,Wildlife Conservation Society,29.4347584689003,-2.57578970240643,"L01",cZWWUyRwuTA,2016-01-16T00:00:00Z,1,,22,1,,22,0,1,,,5ZsXjvohx84,0.01,,,0.207,M2-L01-010-93,,
M2,BEANS,RWA,Wildlife Conservation Society,29.3847853801739,-1.80927231441535,"L04",nUikVE2njA5,2016-02-17T00:00:00Z,1,,31,1,,31,0,1,,,BVMTGBQyGjA,0.0,,,0.2963,M2 L04 008 04,,
M1,I.POTATO,RWA,Wildlife Conservation Society,30.678255588268,-1.93426664412886,"L03",tmtcp1ke5eB,2016-07-16T00:00:00Z,1,,31,4,,,0,1,,,XLzemcRu9f9,0.005,,,0.4097,M1-L03-003-04,,
M3,SORGHUM,RWA,Wildlife Conservation Society,30.678255588268,-1.93426664412886,"L03",2tfKupRSSR9,2016-07-14T00:00:00Z,1,,31,4,,,0,1,,,zLSHefo9dL,0.2,,,0.2999,M3-L03-005-04,,
M1,BEANS,RWA,Wildlife Conservation Society,29.7928701957997,-1.97725720942347,"L06",vdieyWj8obA,2015-11-07T00:00:00Z,1,,31,1,,31,0,1,,,DYVafaHQzb3,0.5,,,0.5101,M1-L06-001-02,,
M2,BEANS,RWA,Wildlife Conservation Society,29.4347584689003,-2.57578970240643,"L01",VM1oxfq9wgB,2015-12-14T00:00:00Z,1,,21,1,,31,0,1,,,pNLL1VhVts8,0.01,,,0.1169,M2-L01-008-02,,
M2,BEANS,RWA,Wildlife Conservation Society,29.3847853801739,-1.80927231441535,"L04",io6UuTdM1Q3,2016-01-20T00:00:00Z,1,,22,1,,11,0,2,1,,,2.0,,,,,,
M3,IRISH3,RWA,Wildlife Conservation Society,29.55086017135,-1.48050348714566,"L02",z7c7QHaTTe7,2016-05-27T00:00:00Z,1,,23,1,,23,0,1,,,JdpBaHsvb59,0.11,,,0.1919,M3-L02-008-02,,
M3,CASSAVA,RWA,Wildlife Conservation Society,29.7928701957997,-1.97725720942347,"L06",3hzQ4hJNWpA,2016-05-03T00:00:00Z,,,,other,IDEM,,0,2,other,RAIN,,0.15,,,,,,
M1,BANANA,RWA,Wildlife Conservation Society,29.7928701957997,-1.97725720942347,"L06",PGN47oqwcT6,2016-10-10T00:00:00Z,1,,71c,1,,71c,0,1,,,YrQzuKeYBc7,0.005,,,0.0694,,,
M4,COFFEE,RWA,Wildlife Conservation Society,29.7928701957997,-1.97725720942347,"L06",NpBRQomLNX3,2015-11-09T00:00:00Z,1,,54,1,,54,0,1,,,oHtnRCpcgh7,0.1,,,0.1085,M4-L06-010-01,,
M1,BEANS,RWA,Wildlife Conservation Society,30.0187746264512,-2.28718495548197,"L07",C3b2zHKsNU3,2016-08-24T00:00:00Z,1,,31,1,,13,0,1,,,iUDmGVFLig2,0.06,0.0,1,0.1719,M1-L07-001-01,,
M2,MAIZE,RWA,Wildlife Conservation Society,29.3847853801739,-1.80927231441535,"L04",cuVuG6WmhC5,2016-02-11T00:00:00Z,1,,31,1,,11,0,1,,,ErmTdwtJvs3,0.0,,,0.0544,M2-L04-001-03,,
M3,MAIZE,RWA,Wildlife Conservation Society,29.4347584689003,-2.57578970240643,"L01",smz4XRTY7G6,2015-12-09T00:00:00Z,4,,,1,,11,0,2,1,,,1.0,,,,,,
M1,MAIZE,RWA,Wildlife Conservation Society,29.3847853801739,-1.80927231441535,"L04",seXpFZmj3a,2016-01-23T00:00:00Z,1,,31,1,,11,0,1,,,dAxMhxwGYX8,0.01,,,0.1749,M1-L04-003-02,,
M4,BEANS 2,RWA,Wildlife Conservation Society,29.7928701957997,-1.97725720942347,"L06",NpVRwZSF9A9,2016-05-16T00:00:00Z,1,,31,1,,31,0,1,,,bTtmptz5wT7,0.03,,,0.0751,M4-L06-010-03,,
M1,BANANA,RWA,Wildlife Conservation Society,29.7928701957997,-1.97725720942347,"L06",CGeuGzTDPV5,2015-10-01T00:00:00Z,1,,11,1,,11,0,1,,,SbgkPPfcnD7,0.005,,,0.0967,M1-L06-007-01,,
M1,MAIZE 1,RWA,Wildlife Conservation Society,29.4347584689003,-2.57578970240643,"L01",cZWWUyRwuTA,2016-01-16T00:00:00Z,1,,16,1,,31,0,1,,,NpDotVeAEd2,0.015,,,0.5439,M1-L01-010-03,,
M1,BEANS,RWA,Wildlife Conservation Society,30.678255588268,-1.93426664412886,"L03",ydvLLQUM1wA,2016-07-19T00:00:00Z,1,,31,4,,,0,1,,,vC57D6C5tt5,0.2,,,0.1799,M1-L03-002-03,,
M1,MAIZE,RWA,Wildlife Conservation Society,29.3847853801739,-1.80927231441535,"L04",AVbrhtAbDP5,2016-02-16T00:00:00Z,1,,31,1,,11,0,1,,,hzGz3eDekY9,0.005,,,0.3285,M1-L04-002-03,,
M1,BEANS,RWA,Wildlife Conservation Society,29.3847853801739,-1.80927231441535,"L04",cuVuG6WmhC5,2016-02-11T00:00:00Z,1,,31,1,,11,0,1,,,Mh6AEKXp8m4,0.1,,,0.283,M1-L04-001-03,,
M3,YAMS,RWA,Wildlife Conservation Society,29.7928701957997,-1.97725720942347,"L06",R9DTr4peJNA,2015-11-04T00:00:00Z,1,,24,1,,21,0,1,,,ZwtnUr3594,0.15,,,0.0866,M3-L06-004-01,,
M1,BEANS,RWA,Wildlife Conservation Society,29.3847853801739,-1.80927231441535,"L04",fzVneyP9Mg7,2016-01-27T00:00:00Z,1,,31,1,,31,0,1,,,rogrW15FAz9,0.005,,,0.0635,,,
M1,MAIZE,RWA,Wildlife Conservation Society,29.4347584689003,-2.57578970240643,"L01",Ag8CWapFXT9,2015-12-05T00:00:00Z,1,,22,1,,11,0,1,,,UAMwg3p6s48,0.005,,,0.4682,M1-L01-007-03,,
M3,MAIZE II,RWA,Wildlife Conservation Society,29.4347584689003,-2.57578970240643,"L01",9upFZJLCfM2,2016-01-12T00:00:00Z,1,,31,1,,11,0,1,,,wJG5MgKJkN5,0.005,,,0.1538,M3-L01-006-02,,
M1,BANANA,RWA,Wildlife Conservation Society,29.7928701957997,-1.97725720942347,"L06",kKLu4qgLM62,2015-10-03T00:00:00Z,1,,71a,1,,71a,0,1,,,CXp52fP1N96,0.005,,,0.0706,M1-L06-007-03,,
M5,CASSAVA,RWA,Wildlife Conservation Society,29.7928701957997,-1.97725720942347,"L06",kxErk1sYmQB,2015-11-10T00:00:00Z,1,,21,1,,21,0,1,,,rpiD6uMfn59,0.035,,,0.0595,M5-L06-010-02,,
M1,BEANS,RWA,Wildlife Conservation Society,29.4347584689003,-2.57578970240643,"L01",8DoKMFq9rv7,2015-12-14T00:00:00Z,1,,16,1,,31,0,1,,,V3umEbfpVb2,0.005,,,0.1047,,,
M1,MAIZE,RWA,Wildlife Conservation Society,29.55086017135,-1.48050348714566,"L02",XrphaE61Jh6,2016-03-04T00:00:00Z,1,,11,1,,11,0,1,,,axCvkckHhu4,0.85,,,0.154,M1-L02-001-02,,
M5,PYRETHRUM2,RWA,Wildlife Conservation Society,29.55086017135,-1.48050348714566,"L02",z7c7QHaTTe7,2016-05-27T00:00:00Z,1,,52,1,,52,0,1,,,iLa1uSVBGY7,0.06,,,0.1793,M5-L02-008-02,,
M1,MAIZE,RWA,Wildlife Conservation Society,30.0187746264512,-2.28718495548197,"L07",sohyYFGAMr9,2016-08-17T00:00:00Z,1,,31,1,,11,0,1,,,ytczoizufm6,0.1,2.0,1,0.2705,M1-L07-005-01,,
M3,BEANS,RWA,Wildlife Conservation Society,30.0187746264512,-2.28718495548197,"L07",nkZFomM6JN2,2016-08-11T00:00:00Z,1,,31,1,,22,0,1,,,iTa1jgDmPE9,0.0,0.0,1,0.2147,M3-L07-003-01,,
M1,BEANS,RWA,Wildlife Conservation Society,29.55086017135,-1.48050348714566,"L02",mhGSC5qMs53,2016-03-02T00:00:00Z,1,,31,1,,11,0,1,,,9YkSk8zsZn,0.0,,,0.2112,M1-L02-009-04,,
M3,SWEET POTATOE,RWA,Wildlife Conservation Society,29.3847853801739,-1.80927231441535,"L04",fzVneyP9Mg7,2016-01-27T00:00:00Z,1,,11,1,,35,0,2,1,,,1.5,,,,,,
M2,MAIZE 2,RWA,Wildlife Conservation Society,29.3847853801739,-1.80927231441535,"L04",rkEPTagLmF8,2016-02-10T00:00:00Z,1,,31,1,,11,2,1,,,4AZttQzn1o9,2.0,,,0.1887,M2-L04-001-02,,
M1,I.POTATO,RWA,Wildlife Conservation Society,30.678255588268,-1.93426664412886,"L03",TY6c2BvPeq8,2016-07-27T00:00:00Z,1,,31,1,,31,0,1,,,LUcSa1tuja4,0.02,,,0.3206,M1-L03-009-02,,
M3,Beans,RWA,Wildlife Conservation Society,29.7928701957997,-1.97725720942347,"L06",to8Gc5JzaT7,2015-10-08T00:00:00Z,1,,31,1,,31,0,1,,,cVpVWGL6NJ9,0.3,,,0.0619,Beans,,
M2,PYRETHRUM,RWA,Wildlife Conservation Society,29.55086017135,-1.48050348714566,"L02",Urb5aXE3gA2,2016-05-16T00:00:00Z,1,,23,1,,31,0,1,,,TWzPCwuLd3,0.08,,,0.2282,M2-L02-007-03,,
M1,WHEAT,RWA,Wildlife Conservation Society,29.55086017135,-1.48050348714566,"L02",VDYfVRu3Q44,2016-05-18T00:00:00Z,1,,52,1,,52,0,1,,,e1X7k55uzT4,0.005,,,0.1333,M1-L02-006-01,,
M4,TEA,RWA,Wildlife Conservation Society,29.4347584689003,-2.57578970240643,"L01",QUACw1VqWL2,2015-11-17T00:00:00Z,1,,55,1,,55,2,1,,,7rcBcFdt15A,0.05,,,0.2409,M4-L01-004-02,,
M2,PYRETHRUM,RWA,Wildlife Conservation Society,29.55086017135,-1.48050348714566,"L02",XrphaE61Jh6,2016-03-04T00:00:00Z,1,,11,1,,11,0,2,1,,,2.5,,,,,,
M2,PEAS,RWA,Wildlife Conservation Society,29.55086017135,-1.48050348714566,"L02",FtidgPbhow5,2016-04-20T00:00:00Z,4,,,1,,11,0,2,1,,,1.2,,,,,,
M1,BEANS,RWA,Wildlife Conservation Society,30.0187746264512,-2.28718495548197,"L07",EhXFcHgzLr8,2016-08-23T00:00:00Z,1,,31,1,,31,0,1,,,84qPxegAEf8,0.3,10.0,1,0.8802,M1-L07-002-02,,
M2,MAIZE 2,RWA,Wildlife Conservation Society,29.3847853801739,-1.80927231441535,"L04",hXCHXcG2W46,2016-02-01T00:00:00Z,1,,31,1,,11,0,1,,,TYWvQowygr8,1.0,,,0.1299,,,
M4,MAIZE,RWA,Wildlife Conservation Society,29.4347584689003,-2.57578970240643,"L01",GBGa6M3rbd3,2016-11-18T00:00:00Z,4,,,1,,11,0,2,1,,,1.0,,,,,,
M1,MAIZE,RWA,Wildlife Conservation Society,29.4347584689003,-2.57578970240643,"L01",TWGYiMEN9K3,2016-12-02T00:00:00Z,1,,37,1,,11,0,1,,,w3JNe6GhJU7,0.007,,,0.2007,,,
M2,I.POTATO,RWA,Wildlife Conservation Society,30.678255588268,-1.93426664412886,"L03",29hZgxCQpf4,2016-07-12T00:00:00Z,1,,13,4,,,0,1,,,uBt2QAicsx6,0.1,,,0.312,M2-L03-005-02,,
M2,MAIZE,RWA,Wildlife Conservation Society,29.4347584689003,-2.57578970240643,"L01",fSLig1NkSU7,2016-11-16T00:00:00Z,4,,,1,,23,0,1,,,LyVCFSEpXK7,0.1,,,0.2166,,,
M1,PYRETHRUM,RWA,Wildlife Conservation Society,29.55086017135,-1.48050348714566,"L02",iGeYWScB9G8,2016-04-26T00:00:00Z,1,,52,1,,52,0,1,,,vs274fNjkz6,0.04,,,0.2254,M1-L02-004-03,,
M2,MAIZE,RWA,Wildlife Conservation Society,29.4347584689003,-2.57578970240643,"L01",8DoKMFq9rv7,2015-12-14T00:00:00Z,1,,23,1,,11,0,1,,,bPsmWYEnxU7,0.4,,,0.1731,,,
M2,PADDY,RWA,Wildlife Conservation Society,30.0187746264512,-2.28718495548197,"L07",yyXhtLq72C2,2016-08-18T00:00:00Z,1,,12,1,,12,0,2,1,,,1.0,20.0,1,,,,
M1,MAIZE,RWA,Wildlife Conservation Society,30.0187746264512,-2.28718495548197,"L07",mE3oDzqBqu4,2016-08-11T00:00:00Z,1,,31,1,,13,0,1,,,S13QTknjDd2,0.1,1.0,1,0.3056,M1-L07-003-02,,
M1,BEANS,RWA,Wildlife Conservation Society,29.7928701957997,-1.97725720942347,"L06",NpVRwZSF9A9,2016-05-16T00:00:00Z,1,,24,1,,31,0,1,,,16z3C9W3Na,0.01,,,0.0522,M1-L06-010-03,,
M1,BEANS,RWA,Wildlife Conservation Society,29.4347584689003,-2.57578970240643,"L01",gvW2UAieds2,2016-01-06T00:00:00Z,1,,16,1,,11,0,1,,,TkagCLQeLx5,0.01,,,0.0945,,,
M1,MAIZE,RWA,Wildlife Conservation Society,29.4347584689003,-2.57578970240643,"L01",VM1oxfq9wgB,2015-12-14T00:00:00Z,1,,22,1,,11,0,1,,,QDKNC3iBZM6,0.005,,,0.2404,M1-L01-008,,
M4,BANANA,RWA,Wildlife Conservation Society,30.0187746264512,-2.28718495548197,"L07",TYoYR9fk5v3,2016-08-17T00:00:00Z,1,,71b,1,,71b,0,1,,,LmiYRXnRnoA,0.0,0.0,1,0.6318,M4-L07-006-01,,
M1,MAIZE,RWA,Wildlife Conservation Society,29.4347584689003,-2.57578970240643,"L01",yjXM15j8fo9,2016-12-10T00:00:00Z,1,,31,1,,11,0,1,,,cr8iYybvdA8,0.005,,,0.4322,,,
M1,PADDY,RWA,Wildlife Conservation Society,30.0187746264512,-2.28718495548197,"L07",vC1xGx4WFW,2016-08-12T00:00:00Z,1,,12,1,,12,0,1,,,pFqBw47PAb9,0.08,1.0,1,0.2981,M1-L07-003-03,,
M2,IRISH2,RWA,Wildlife Conservation Society,29.55086017135,-1.48050348714566,"L02",z7c7QHaTTe7,2016-05-27T00:00:00Z,1,,23,1,,23,0,1,,,no7Gsv3DnT,0.05,,,0.2389,M2-L02-008-02,,
M4,SOYA,RWA,Wildlife Conservation Society,29.7928701957997,-1.97725720942347,"L06",5DkfDPaXxW6,2015-11-13T00:00:00Z,1,,21,1,,47,0,1,,,hDYyAa5kLT4,0.045,,,0.3092,M4-L06-008-02,,
M4,TEA,RWA,Wildlife Conservation Society,29.4347584689003,-2.57578970240643,"L01",TEgeq116YW6,2015-12-10T00:00:00Z,1,,55,1,,55,0,1,,,AtbsGEdrpL7,0.1,,,0.4394,,,
M4,POTATO IR,RWA,Wildlife Conservation Society,29.4347584689003,-2.57578970240643,"L01",Ag8CWapFXT9,2015-12-05T00:00:00Z,1,,16,1,,11,0,1,,,ZWH1SajaD86,0.08,,,0.678,M4-L01-007-03,,
M1,BEANS,RWA,Wildlife Conservation Society,29.7928701957997,-1.97725720942347,"L06",ACtMM9ksKX9,2016-10-05T00:00:00Z,1,,47,1,,31,0,1,,,NUSNtmj2Ms8,0.005,,,0.125,,,
M1,TOMATOE,RWA,Wildlife Conservation Society,29.7928701957997,-1.97725720942347,"L06",QLDaeeq1A6A,2015-11-06T00:00:00Z,1,,22,1,,87,0,1,,,b7LnCRGVdZ2,0.01,,,0.5794,M1-L06-001-01,,
M2,I.POTATO,RWA,Wildlife Conservation Society,29.55086017135,-1.48050348714566,"L02",VDYfVRu3Q44,2016-05-18T00:00:00Z,1,,23,1,,16,0,1,,,gn852eNvAJA,0.15,,,0.1858,M2-L02-006-01,,
M1,WHEAT,RWA,Wildlife Conservation Society,29.4347584689003,-2.57578970240643,"L01",GBGa6M3rbd3,2016-11-18T00:00:00Z,1,,16,1,,11,0,1,,,8pDgywme9B2,0.01,,,0.0922,,,
M4,BEANS2,RWA,Wildlife Conservation Society,29.3847853801739,-1.80927231441535,"L04",6VtbLtrb1D3,2016-01-25T00:00:00Z,1,,22,1,,23,0,1,,,dAT1nHyKRb9,0.1,,,0.1228,,,
M2,MAIZE,RWA,Wildlife Conservation Society,29.7928701957997,-1.97725720942347,"L06",CGeuGzTDPV5,2015-10-01T00:00:00Z,1,,11,1,,11,0,1,,,31dHNfLCaj5,0.2,,,0.1618,M2-L06-007-01,,
M1,BEANS,RWA,Wildlife Conservation Society,29.3847853801739,-1.80927231441535,"L04",5AjH6QaGU24,2016-02-15T00:00:00Z,1,,31,1,,11,0,1,,,YUwg4S21296,0.0,,,0.1078,M1-L04-002-02,,
M2,IRISH,RWA,Wildlife Conservation Society,29.55086017135,-1.48050348714566,"L02",LZ29vrnear2,2016-04-23T00:00:00Z,1,,23,1,,23,0,1,,,yJ8JSK8mGhA,0.005,,,0.9435,M2-L02-003-04,,
M1,MAIZE,RWA,Wildlife Conservation Society,29.4347584689003,-2.57578970240643,"L01",RCuAWjMUBmA,2016-11-21T00:00:00Z,1,,16,1,,31,0,1,,,2T2h54sYX7,0.01,,,0.0507,,,
M2,BEANS,RWA,Wildlife Conservation Society,30.678255588268,-1.93426664412886,"L03",s754vJkGDg2,2016-07-15T00:00:00Z,1,,13,1,,31,0,1,,,QHD3r13j1b8,0.05,,,0.1463,M2-L03-003-02,,
M3,COFFEE,RWA,Wildlife Conservation Society,29.7928701957997,-1.97725720942347,"L06",vdieyWj8obA,2015-11-07T00:00:00Z,1,,54,1,,54,0,1,,,z2nfUZ8sK87,0.3,,,0.1502,M3-L06-001-02,,
M2,PYRETHRUM,RWA,Wildlife Conservation Society,29.55086017135,-1.48050348714566,"L02",6zdLptApzZ2,2016-05-23T00:00:00Z,1,,23,1,,23,0,1,,,bo8ZBrAixs7,0.0,,,0.4112,M2-L02-010-02,,
M1,BEANS,RWA,Wildlife Conservation Society,29.3847853801739,-1.80927231441535,"L04",iV8EbG17vX2,2016-05-15T00:00:00Z,1,,11,1,,31,0,1,,,k3u6bH8dVsA,0.005,,,0.0795,,,
M2,BEANS,RWA,Wildlife Conservation Society,29.4347584689003,-2.57578970240643,"L01",4uYtGb6q1h5,2016-11-19T00:00:00Z,1,,23,1,,31,0,1,,,khqrXZE5fe9,0.02,,,0.1052,,,
M2,COFFEE,RWA,Wildlife Conservation Society,29.7928701957997,-1.97725720942347,"L06",QLDaeeq1A6A,2015-11-06T00:00:00Z,1,,54,1,,54,0,1,,,HNBz15WChf2,0.005,,,0.069,M2-L06-001-01,,
M3,BEANS 2,RWA,Wildlife Conservation Society,29.3847853801739,-1.80927231441535,"L04",seXpFZmj3a,2016-01-23T00:00:00Z,1,,22,4,,,0,1,,,GhGqzkjhoC9,0.07,,,0.0352,M3-L04-003-02,,
M3,BANANA,RWA,Wildlife Conservation Society,30.678255588268,-1.93426664412886,"L03",YfvDPbb5H85,2016-07-28T00:00:00Z,1,,71a,1,,71a,2,1,,,CxjwWDVtrM5,0.07,,,2.3102,M3-L03-009-03,,
M3,SORGHUM,RWA,Wildlife Conservation Society,30.678255588268,-1.93426664412886,"L03",5s4t5icCN2,2016-07-16T00:00:00Z,1,,13,4,,,2,1,,,dVk55MSF972,0.005,,,4.2406,M3-L03-003-03,,
M1,BEANS,RWA,Wildlife Conservation Society,29.4347584689003,-2.57578970240643,"L01",nMVazETomT7,2015-12-09T00:00:00Z,1,,31,1,,31,0,1,,,4WyC25M2k53,0.005,,,0.4765,,,
M4,TEA,RWA,Wildlife Conservation Society,29.4347584689003,-2.57578970240643,"L01",cZWWUyRwuTA,2016-01-16T00:00:00Z,1,,55,1,,55,1,1,,,s7fgqjpQoa6,0.12,,,0.5874,M4-L01-010-03,,
M1,MAIZE,RWA,Wildlife Conservation Society,30.0187746264512,-2.28718495548197,"L07",5FTsNB6cw66,2016-08-25T00:00:00Z,1,,11,1,,22,0,1,,,zJpT91Tb336,0.003,0.0,1,0.116,M1-L07-001-02,,
M1,FRUIT,RWA,Wildlife Conservation Society,29.55086017135,-1.48050348714566,"L02",Urb5aXE3gA2,2016-05-16T00:00:00Z,1,,31,1,,31,0,1,,,V6DSHJTDhw4,0.005,,,0.0873,M1-L02-007-03,,
M2,IRISHP2,RWA,Wildlife Conservation Society,29.55086017135,-1.48050348714566,"L02",voQqwNL5SR4,2016-03-03T00:00:00Z,1,,23,1,,11,0,1,,,BdJPU7LUwY9,0.28,,,0.1547,M2-L02-001-01,,
M2,IRISH,RWA,Wildlife Conservation Society,30.678255588268,-1.93426664412886,"L03",ydvLLQUM1wA,2016-07-19T00:00:00Z,1,,47,1,,31,0,1,,,5o6wTc7Mzt7,0.0,,,0.1303,M2-L03-002-03,,
M1,BANANA,RWA,Wildlife Conservation Society,29.7928701957997,-1.97725720942347,"L06",Lka6n6s87G,2016-11-02T00:00:00Z,1,,71b,1,,71b,0,1,,,HQYf65bboy9,0.005,,,0.5236,,,
M1,BEANS,RWA,Wildlife Conservation Society,29.55086017135,-1.48050348714566,"L02",t8pSXYMtCP,2016-03-01T00:00:00Z,1,,31,1,,11,0,1,,,VJR5mcncZg2,0.0,,,0.1725,M1-L02-009-03,,
M1,MAIZE,RWA,Wildlife Conservation Society,29.55086017135,-1.48050348714566,"L02",U4AbXpgwpoA,2016-04-25T00:00:00Z,1,,11,1,,23,0,1,,,F6B92shecz9,0.005,,,0.4154,M1-L02-004-01,,
M1,IRISH,RWA,Wildlife Conservation Society,30.678255588268,-1.93426664412886,"L03",bsDhjVrvZ8B,2016-07-12T00:00:00Z,1,,31,1,,31,0,1,,,jmueKbf8am9,0.5,,,0.3675,M1-L03-005-01,,
M2,SORGHUM,RWA,Wildlife Conservation Society,30.0187746264512,-2.28718495548197,"L07",WVpeXYVGNq8,2016-08-15T00:00:00Z,1,,13,1,,31,0,1,,,XRGmKvQLVE5,0.1,1.0,1,0.4047,M2-L07-004-04,,
M2,MAIZE,RWA,Wildlife Conservation Society,29.55086017135,-1.48050348714566,"L02",AoyYjSvsgJA,2016-03-01T00:00:00Z,1,,31,1,,11,0,1,,,TUkkGnTyipA,0.0,,,0.0809,M2-L02-009-02,,
M3,BEANS2,RWA,Wildlife Conservation Society,30.0187746264512,-2.28718495548197,"L07",sohyYFGAMr9,2016-08-17T00:00:00Z,1,,31,1,,11,0,1,,,r5pUMwrubeB,0.0,0.0,1,0.1832,M3-L07-005-01,,
M2,IRISH2,RWA,Wildlife Conservation Society,29.55086017135,-1.48050348714566,"L02",y5bMEWTbk12,2016-05-21T00:00:00Z,1,,23,1,,23,0,2,other,SOLD OUT,,0.2,,,,,,
M2,BANANA 1,RWA,Wildlife Conservation Society,29.7928701957997,-1.97725720942347,"L06",PGN47oqwcT6,2015-10-10T00:00:00Z,1,,71b,1,,71b,0,1,,,k3baBgnbAd5,0.4,,,0.1329,,,
M1,MAIZE,RWA,Wildlife Conservation Society,29.3847853801739,-1.80927231441535,"L04",rkEPTagLmF8,2016-02-10T00:00:00Z,1,,31,1,,11,2,2,1,,,4.0,,,,,,
M5,SUGAR,RWA,Wildlife Conservation Society,29.7928701957997,-1.97725720942347,"L06",5DkfDPaXxW6,2015-11-13T00:00:00Z,1,,47,1,,31,0,1,,,hXy9iruWho2,0.05,,,0.0901,M5-L06-008-02,,
M2,POTATO SW,RWA,Wildlife Conservation Society,29.4347584689003,-2.57578970240643,"L01",Ag8CWapFXT9,2015-12-05T00:00:00Z,1,,23,1,,22,0,1,,,AiKjrwBJafB,0.06,,,0.5039,M2-L01-007-03,,
M4,S/POTATOES 3,RWA,Wildlife Conservation Society,29.4347584689003,-2.57578970240643,"L01",wPk7iGeM1n2,2015-12-16T00:00:00Z,1,,22,1,,11,0,1,,,uC38D55RKM2,0.15,,,0.1172,M4-L01-008-04,,
M2,BEANS,RWA,Wildlife Conservation Society,30.678255588268,-1.93426664412886,"L03",DybB4C7m1V6,2016-07-22T00:00:00Z,1,,31,1,,31,0,1,,,ajqE1DRFNe5,0.13,,,0.6284,M2-L03-006-02,,
M2,COFFEE,RWA,Wildlife Conservation Society,29.7928701957997,-1.97725720942347,"L06",ACtMM9ksKX9,2016-10-05T00:00:00Z,1,,54,1,,54,0,1,,,7nG47VyJDb2,0.025,,,0.1381,,,
M3,BANANA,RWA,Wildlife Conservation Society,29.7928701957997,-1.97725720942347,"L06",kxErk1sYmQB,2015-11-10T00:00:00Z,1,,31,1,,31,0,1,,,R1AWGXKJCY,0.005,,,0.2233,M3-L06-010-02,,
M2,SORGHUM,RWA,Wildlife Conservation Society,30.0187746264512,-2.28718495548197,"L07",8LgQmjxaed7,2016-08-20T00:00:00Z,1,,13,4,,,0,1,,,7d7Y1JvFKZ9,0.07,1.0,1,0.183,M2-L07-007-03,,
M2,SOYABEANS,RWA,Wildlife Conservation Society,29.7928701957997,-1.97725720942347,"L06",3hzQ4hJNWpA,2016-05-03T00:00:00Z,,,,other,IDEM,,0,2,other,RAIN,,0.12,,,,,,
M3,MAIZE,RWA,Wildlife Conservation Society,29.55086017135,-1.48050348714566,"L02",t8pSXYMtCP,2016-03-01T00:00:00Z,1,,31,1,,11,0,1,,,9ymfjZK4hy3,0.08,,,0.3068,M3-L02-009-03,,
M1,BEANS,RWA,Wildlife Conservation Society,29.3847853801739,-1.80927231441535,"L04",Xcq8cPDrtJA,2016-01-19T00:00:00Z,1,,11,1,,31,1,1,,,GyQyCsfzM66,0.005,,,0.1705,,,
M2,BEANS,RWA,Wildlife Conservation Society,29.4347584689003,-2.57578970240643,"L01",aDnodjimek6,2016-12-09T00:00:00Z,4,,,1,,11,0,1,,,ixxyVFnhcq8,0.5,,,0.2528,,,
M1,MAIZE,RWA,Wildlife Conservation Society,29.55086017135,-1.48050348714566,"L02",Ce8hTSBH8m9,2016-01-20T00:00:00Z,1,,11,1,,11,0,1,,,kJWHovXjFY6,0.005,,,0.1629,M1-L04-005-03,,
M3,BEANS,RWA,Wildlife Conservation Society,30.678255588268,-1.93426664412886,"L03",29hZgxCQpf4,2016-07-12T00:00:00Z,1,,21,1,,21,0,1,,,kjqA8kdcAg4,0.5,,,0.3424,M3-L03-005-02,,
M2,BEANS,RWA,Wildlife Conservation Society,30.0187746264512,-2.28718495548197,"L07",5FTsNB6cw66,2016-08-25T00:00:00Z,1,,31,1,,31,0,1,,,B9gixVcGNb5,0.05,0.0,1,0.2744,M2-L07-001-02,,
M1,BEANS,RWA,Wildlife Conservation Society,30.0187746264512,-2.28718495548197,"L07",1tDK7dEA7q4,2016-08-22T00:00:00Z,1,,31,1,,13,0,1,,,McyFD3Tuni5,0.05,0.0,1,0.4039,M1-L07-009-03,,
M2,BEANS 1,RWA,Wildlife Conservation Society,29.3847853801739,-1.80927231441535,"L04",seXpFZmj3a,2016-01-23T00:00:00Z,1,,11,1,,31,0,1,,,xsbYCDQ2tp3,0.025,,,0.2572,M2-L04-003-02,,
M1,MAIZE,RWA,Wildlife Conservation Society,29.55086017135,-1.48050348714566,"L02",4aupp5Gqjv6,2016-03-05T00:00:00Z,1,,23,1,,11,37,1,,,WUrGxD4GgC3,0.005,,,0.2022,M1-L02-001-03,,
M2,MAIZE,RWA,Wildlife Conservation Society,30.678255588268,-1.93426664412886,"L03",rQmTKtJ2h92,2016-07-23T00:00:00Z,1,,31,1,,23,1,2,1,,,2.0,,,,,,
M1,MAIZE,RWA,Wildlife Conservation Society,30.0187746264512,-2.28718495548197,"L07",9s7aPD8ZRh7,2016-08-19T00:00:00Z,1,,31,1,,11,0,1,,,NXVzP77u3R5,0.0,0.0,1,0.8865,M1-L07-007-01,,
M2,PYRETHRUM,RWA,Wildlife Conservation Society,29.55086017135,-1.48050348714566,"L02",fHLhUbHi259,2016-04-27T00:00:00Z,1,,52,1,,52,0,1,,,4R1gmyyHZi5,0.05,,,0.1966,M2-L02-004-04,,
M1,MAIZE,RWA,Wildlife Conservation Society,30.678255588268,-1.93426664412886,"L03",UVBzkFMeZz9,2016-07-25T00:00:00Z,1,,11,1,,31,0,1,,,Az6VVngpf5A,0.03,,,0.5463,M1-L03-001-02,,
M2,BEANS,RWA,Wildlife Conservation Society,30.0187746264512,-2.28718495548197,"L07",ah2mXHfB7w4,2016-08-09T00:00:00Z,1,,31,1,,31,0,1,,,6KpaZ2vtjQ4,0.1,1.0,1,0.5546,M2-L07-008-02,,
M1,BEANS,RWA,Wildlife Conservation Society,30.0187746264512,-2.28718495548197,"L07",8QSNRiJbU45,2016-08-10T00:00:00Z,1,,31,1,,13,0,1,,,iHVbb1aj3F4,0.1,1.0,1,0.1373,M1-L07-008-03,,
M2,IRISH POTATOE,RWA,Wildlife Conservation Society,29.4347584689003,-2.57578970240643,"L01",2AzeKX3Xdj9,2015-12-11T00:00:00Z,1,,35,1,,11,0,1,,,KMgXgm5AYy4,0.1,,,0.1704,,,
M2,BEANS,RWA,Wildlife Conservation Society,29.4347584689003,-2.57578970240643,"L01",yjXM15j8fo9,2016-12-10T00:00:00Z,1,,23,1,,22,0,1,,,h9aZiMKasU6,0.1,,,0.2578,,,
M1,BEANS,RWA,Wildlife Conservation Society,29.7928701957997,-1.97725720942347,"L06",JYjBoTCdte4,2015-10-14T00:00:00Z,1,,31,1,,31,0,1,,,Fzc9U6eZGBB,0.005,,,0.1374,M1-L06-009-02,,
M2,BEANS2,RWA,Wildlife Conservation Society,29.3847853801739,-1.80927231441535,"L04",M8qxpz4tTs2,2016-01-28T00:00:00Z,1,,31,4,,,0,2,1,,,4.0,,,,,,
M1,SORGHUM,RWA,Wildlife Conservation Society,30.0187746264512,-2.28718495548197,"L07",MScBRdzkSi4,2016-08-17T00:00:00Z,1,,13,1,,31,0,1,,,bEkNuxMdRy3,0.005,0.0,1,0.101,M1-L07-006-03,,
M1,MAIZE,RWA,Wildlife Conservation Society,29.4347584689003,-2.57578970240643,"L01",eVbuv11Jya9,2015-11-20T00:00:00Z,1,,23,1,,11,0,1,,,86PYgnDnWY4,0.004,,,0.3035,M1-L01-005-02,,
M1,MAIZE,RWA,Wildlife Conservation Society,30.678255588268,-1.93426664412886,"L03",B8yvkFk2DJ5,2016-07-21T00:00:00Z,1,,31,1,,31,0,1,,,zkwWJh5Vsz3,0.1,,,0.6631,M1-L03-004-03,,
M3,I.POTATO,RWA,Wildlife Conservation Society,30.678255588268,-1.93426664412886,"L03",vvZZdLufJK3,2016-07-19T00:00:00Z,1,,31,1,,23,0,2,1,,,0.7,,,,,,
M1,MAIZE,RWA,Wildlife Conservation Society,30.0187746264512,-2.28718495548197,"L07",ah2mXHfB7w4,2016-08-09T00:00:00Z,1,,11,1,,13,0,1,,,QfxvCyELXN8,0.005,0.0,1,0.1488,M1-L07-008-02,,
M2,BEANS,RWA,Wildlife Conservation Society,29.7928701957997,-1.97725720942347,"L06",H4YdiXt5cz3,2015-11-05T00:00:00Z,1,,31,1,,31,0,1,,,bXCkjjQ5nU2,0.015,,,0.2562,M2-L06-001-03,,
M2,CASSAVA,RWA,Wildlife Conservation Society,29.7928701957997,-1.97725720942347,"L06",R9DTr4peJNA,2015-11-04T00:00:00Z,1,,21,1,,31,0,1,,,kREJZNfZ4fB,0.02,,,0.0719,M2-L06-004-01,,
M3,SORGHUM,RWA,Wildlife Conservation Society,30.678255588268,-1.93426664412886,"L03",bsDhjVrvZ8B,2016-07-12T00:00:00Z,1,,23,1,,31,0,1,,,QQZ5BymHD35,0.5,,,0.2488,M3-L03-005-01,,
M2,BEANS,RWA,Wildlife Conservation Society,30.0187746264512,-2.28718495548197,"L07",sohyYFGAMr9,2016-08-17T00:00:00Z,1,,31,1,,13,0,1,,,jj19u7zp1Z7,0.12,2.0,1,0.241,M2-L07-005-01,,
M3,CASSAVA,RWA,Wildlife Conservation Society,29.7928701957997,-1.97725720942347,"L06",PGN47oqwcT6,2016-10-10T00:00:00Z,1,,21,1,,21,0,1,,,nQH5vLNxsK7,0.2,,,0.1228,,,
M2,IRISH2,RWA,Wildlife Conservation Society,29.55086017135,-1.48050348714566,"L02",xAHNqyKKrL4,2016-05-24T00:00:00Z,1,,23,1,,23,0,2,other,SOLD OUT,,0.4,,,,,,
M1,Banana,RWA,Wildlife Conservation Society,29.7928701957997,-1.97725720942347,"L06",to8Gc5JzaT7,2015-10-08T00:00:00Z,1,,71a,1,,71a,0,1,,,x9ncBuqeso6,0.005,,,0.1,Banana,,
M2,BEANS,RWA,Wildlife Conservation Society,30.0187746264512,-2.28718495548197,"L07",Kg7uwpdD4P5,2016-08-13T00:00:00Z,1,,31,1,,31,0,1,,,iytGHVxa413,0.17,3.0,1,0.2137,M2-L07-004-01,,
M2,BEANS,RWA,Wildlife Conservation Society,29.55086017135,-1.48050348714566,"L02",4aupp5Gqjv6,2016-03-05T00:00:00Z,1,,11,1,,31,75,2,1,,,0.8,,,,,,
M3,COFFEE,RWA,Wildlife Conservation Society,30.0187746264512,-2.28718495548197,"L07",vC1xGx4WFW,2016-08-12T00:00:00Z,1,,54,1,,54,0,1,,,3ymQ5d8A4h5,0.005,0.0,1,0.3057,M3-L07-003-03,,
M1,I.PATATOES,RWA,Wildlife Conservation Society,29.55086017135,-1.48050348714566,"L02",fHLhUbHi259,2016-04-27T00:00:00Z,1,,23,1,,11,0,1,,,mr7EUyqFW25,0.005,,,0.1043,M1-L02-004-04,,
M3,PADDY,RWA,Wildlife Conservation Society,30.678255588268,-1.93426664412886,"L03",DRwp2xk3gPB,2016-07-22T00:00:00Z,1,,12,1,,12,0,2,1,,,2.0,,,,,,
M1,MAIZE,RWA,Wildlife Conservation Society,29.4347584689003,-2.57578970240643,"L01",KeSq3y3A1h4,2016-01-13T00:00:00Z,1,,16,1,,11,0,1,,,bHh1xSXLYNB,0.005,,,0.182,M1-L01-006-03,,
M1,I.POTATO,RWA,Wildlife Conservation Society,29.55086017135,-1.48050348714566,"L02",WuExMq5R6A9,2016-05-19T00:00:00Z,1,,23,1,,23,0,1,,,yAjKBrKQyv7,0.007,,,0.0318,M1-L02-006-02,,
M3,TEA,RWA,Wildlife Conservation Society,29.3847853801739,-1.80927231441535,"L04",AVbrhtAbDP5,2016-02-16T00:00:00Z,1,,55,1,,55,0,1,,,hvnvLY5iXF5,0.3,,,0.3735,M3-L04-002-03,,
M2,CASSAVA,RWA,Wildlife Conservation Society,29.7928701957997,-1.97725720942347,"L06",yaHQ7ni6ar4,2016-10-13T00:00:00Z,1,,21,1,,21,0,1,,,Pk51k1VUBX4,0.2,,,0.0501,,,
M2,BEANS,RWA,Wildlife Conservation Society,30.0187746264512,-2.28718495548197,"L07",MScBRdzkSi4,2016-08-17T00:00:00Z,1,,31,1,,31,0,1,,,JvKPtVY7ir9,0.1,2.0,1,0.2389,M2-L07-006-03,,
M3,BANANA,RWA,Wildlife Conservation Society,29.7928701957997,-1.97725720942347,"L06",H4YdiXt5cz3,2015-11-05T00:00:00Z,1,,71b,1,,71b,0,1,,,MAe8Lqm5Fu2,0.01,,,0.1493,M3-L06-001-03,,
M4,COFFEE,RWA,Wildlife Conservation Society,29.7928701957997,-1.97725720942347,"L06",H4YdiXt5cz3,2015-11-05T00:00:00Z,1,,54,1,,54,0,1,,,QbJjtKfKmv8,0.01,,,0.2088,M4-L06-001-03,,
M3,SWEET POTATO,RWA,Wildlife Conservation Society,29.4347584689003,-2.57578970240643,"L01",TWGYiMEN9K3,2016-12-02T00:00:00Z,1,,22,1,,11,0,1,,,vKqirmHsVy3,0.2,,,0.059,,,
M2,CASSAVA,RWA,Wildlife Conservation Society,30.678255588268,-1.93426664412886,"L03",fL32p1TYNb8,2016-07-20T00:00:00Z,1,,21,4,,,0,2,1,,,1.0,,,,,,
M2,BEANS,RWA,Wildlife Conservation Society,30.678255588268,-1.93426664412886,"L03",bsDhjVrvZ8B,2016-07-12T00:00:00Z,1,,13,1,,31,0,1,,,Ss7Hbrba2V3,0.5,,,0.1915,M2-L03-005-01,,
M1,BEANS,RWA,Wildlife Conservation Society,29.55086017135,-1.48050348714566,"L02",DEfS8gcomk3,2016-02-29T00:00:00Z,1,,31,1,,11,0,1,,,UeAQfJQ1yF8,0.06,,,0.1159,M1-L02-009-01,,
M1,MAIZE,RWA,Wildlife Conservation Society,29.7928701957997,-1.97725720942347,"L06",YVG8nKF7bC4,2015-12-05T00:00:00Z,1,,31,1,,11,0,1,,,CetuAjYJibA,3.0,,,0.0128,,,
M4,TEA,RWA,Wildlife Conservation Society,29.4347584689003,-2.57578970240643,"L01",4uYtGb6q1h5,2016-11-19T00:00:00Z,1,,55,1,,55,0,2,1,,,1.0,,,,,,
M2,MAIZE,RWA,Wildlife Conservation Society,29.4347584689003,-2.57578970240643,"L01",CxdDadFVXS7,2016-10-21T00:00:00Z,1,,16,4,,,0,1,,,NLua3TR6hT9,0.007,,,0.1859,,,
M1,BEANS,RWA,Wildlife Conservation Society,30.678255588268,-1.93426664412886,"L03",2tfKupRSSR9,2016-07-14T00:00:00Z,1,,23,1,,31,0,1,,,wZ9T3m8Sdn8,0.0,,,0.0771,M1-L03-005-04,,
M3,BEANS2,RWA,Wildlife Conservation Society,29.7928701957997,-1.97725720942347,"L06",NpBRQomLNX3,2015-11-09T00:00:00Z,1,,23,1,,31,0,1,,,5ega325rs49,0.15,,,0.2016,M3-L06-010-01,,
M2,MAIZE 2,RWA,Wildlife Conservation Society,29.4347584689003,-2.57578970240643,"L01",bW7iZTf8uW7,2016-11-30T00:00:00Z,1,,23,1,,11,0,1,,,XRuLPzYLVYA,0.1,,,0.0446,,,
M3,SWEET POTATOES,RWA,Wildlife Conservation Society,29.4347584689003,-2.57578970240643,"L01",4uYtGb6q1h5,2016-11-19T00:00:00Z,1,,16,1,,22,0,1,,,MuAVpELoA4A,0.04,,,0.147,,,
M2,BEANS,RWA,Wildlife Conservation Society,29.7928701957997,-1.97725720942347,"L06",BrVjLcZwqr3,2015-10-12T00:00:00Z,1,,31,1,,31,0,1,,,hkMaAxz2Gf2,0.01,,,0.1004,M2-L06-005-01,,
M2,BEANS2,RWA,Wildlife Conservation Society,30.678255588268,-1.93426664412886,"L03",1m6QKguDbp4,2016-07-14T00:00:00Z,1,,31,4,,,0,1,,,Qo5hknT3zJ3,0.15,,,0.3243,M2-L03-005-03,,
M2,HOUSE FIELD,RWA,Wildlife Conservation Society,29.55086017135,-1.48050348714566,"L02",DEfS8gcomk3,2016-02-29T00:00:00Z,1,,31,1,,11,0,1,,,xgxu3R2eU72,0.0,,,0.0378,M2-L02-009-01,,
M1,BANANA,RWA,Wildlife Conservation Society,29.7928701957997,-1.97725720942347,"L06",R9DTr4peJNA,2015-11-04T00:00:00Z,1,,31,1,,31,0,1,,,ojwnonqNtz4,0.005,,,0.3514,M1-L06-004-01,,
M3,BEANS,RWA,Wildlife Conservation Society,29.7928701957997,-1.97725720942347,"L06",ACtMM9ksKX9,2016-10-05T00:00:00Z,1,,47,1,,47,0,2,1,,,3.0,,,,,,
M4,S/Potatoe,RWA,Wildlife Conservation Society,29.4347584689003,-2.57578970240643,"L01",mDLfcyhvBu,2016-01-12T00:00:00Z,1,,22,1,,22,0,1,,,TrTM3VeiVx4,0.012,,,0.0808,,,
M1,MAIZE,RWA,Wildlife Conservation Society,29.55086017135,-1.48050348714566,"L02",tdcaU4K6FA3,2016-04-18T00:00:00Z,1,,23,1,,23,0,1,,,YBsEpeUf3o2,1.0,,,0.428,M1-L02-001-04,,
M1,BEANS,RWA,Wildlife Conservation Society,29.7928701957997,-1.97725720942347,"L06",dVN9QRTY6b4,2015-11-12T00:00:00Z,1,,31,1,,31,0,1,,,tRa4ikNYc84,0.01,,,0.0978,M1-L06-008-01,,
M1,BEANS,RWA,Wildlife Conservation Society,29.4347584689003,-2.57578970240643,"L01",smz4XRTY7G6,2015-12-09T00:00:00Z,1,,31,1,,11,0,1,,,PXY52pqryM8,0.01,,,0.3778,,,
M1,MAIZE 1,RWA,Wildlife Conservation Society,29.4347584689003,-2.57578970240643,"L01",bW7iZTf8uW7,2016-11-30T00:00:00Z,1,,35,1,,11,0,1,,,wjZigmAkWm6,0.005,,,0.098,,,
M4,BEANS 3,RWA,Wildlife Conservation Society,29.3847853801739,-1.80927231441535,"L04",seXpFZmj3a,2016-01-23T00:00:00Z,1,,22,4,,,0,1,,,MPcXvMoCmJ5,0.5,,,0.0494,M4-L04-003-02,,
M2,MAIZE,RWA,Wildlife Conservation Society,30.678255588268,-1.93426664412886,"L03",TY6c2BvPeq8,2016-07-27T00:00:00Z,1,,23,1,,31,0,1,,,HSnAvWd57X4,0.1,,,0.2489,M2-L03-009-02,,
M2,BANANA 1,RWA,Wildlife Conservation Society,29.7928701957997,-1.97725720942347,"L06",PGN47oqwcT6,2016-10-10T00:00:00Z,1,,71b,1,,71b,0,1,,,k3baBgnbAd5,0.4,,,0.1329,,,
M1,MAIZE,RWA,Wildlife Conservation Society,29.4347584689003,-2.57578970240643,"L01",Nq4M7PWJPS,2015-12-04T00:00:00Z,1,,22,1,,11,17,1,,,8pHYq8hyts,0.009,,,0.1397,M1-L01-007-02,,
M1,MAIZE,RWA,Wildlife Conservation Society,30.678255588268,-1.93426664412886,"L03",kwtgXoW7Ei8,2016-07-20T00:00:00Z,1,,11,1,,31,0,1,,,rTC8KWUPu65,0.005,,,0.7395,M1-L03-004-01,,
M2,BEANS2,RWA,Wildlife Conservation Society,29.7928701957997,-1.97725720942347,"L06",5DkfDPaXxW6,2015-11-13T00:00:00Z,1,,87,1,,31,0,1,,,dxckvsArb22,0.005,,,0.2277,M2-L06-008-02,,
M4,BEANS 1,RWA,Wildlife Conservation Society,29.7928701957997,-1.97725720942347,"L06",ACtMM9ksKX9,2016-10-05T00:00:00Z,1,,47,1,,31,0,2,1,,,4.5,,,,,,
M2,CASSAVA,RWA,Wildlife Conservation Society,29.7928701957997,-1.97725720942347,"L06",AvkkCXoYrg8,2016-10-16T00:00:00Z,1,,21,1,,21,0,1,,,N9XZ9xmqb5,0.02,,,0.0837,,,
M2,MAIZE,RWA,Wildlife Conservation Society,30.0187746264512,-2.28718495548197,"L07",cQsxahQ8sm8,2016-08-25T00:00:00Z,1,,11,1,,47,0,1,,,QSZbPYCJXP,0.1,1.0,1,0.4088,M2-L07-001-03,,
M1,CASSAVA,RWA,Wildlife Conservation Society,29.7928701957997,-1.97725720942347,"L06",c2cooWnTEh2,2015-10-13T00:00:00Z,1,,21,1,,21,0,1,,,PAe6EGYwtt5,0.005,,,0.3436,M1-L06-005-03,,
M4,SORGHUM,RWA,Wildlife Conservation Society,30.678255588268,-1.93426664412886,"L03",29hZgxCQpf4,2016-07-12T00:00:00Z,1,,13,4,,,0,1,,,uBt2QAicsx6,0.1,,,0.6636,M4-L03-005-02,,
M2,FOREST,RWA,Wildlife Conservation Society,29.3847853801739,-1.80927231441535,"L04",gtdvY5R76A5,2016-01-27T00:00:00Z,5,,,5,,,0,1,,,XgRbKCrE2B3,0.002,,,0.0354,,,
M3,BANANA,RWA,Wildlife Conservation Society,30.678255588268,-1.93426664412886,"L03",kwtgXoW7Ei8,2016-07-20T00:00:00Z,1,,71a,1,,71a,0,1,,,AH1smsn1xk2,0.1,,,0.5314,M3-L03-004-01,,
M2,PYRETHRUM2,RWA,Wildlife Conservation Society,29.55086017135,-1.48050348714566,"L02",Az5BDLdFCQB,2016-05-25T00:00:00Z,1,,52,1,,52,0,1,,,BLKYHDSUVy8,0.05,,,0.2214,M2-L02-010-04,,
M1,BEANS,RWA,Wildlife Conservation Society,30.0187746264512,-2.28718495548197,"L07",tU6yMt3dHA3,2016-08-09T00:00:00Z,1,,31,1,,13,1,1,,,TaTSb68u9f5,0.1,1.0,1,0.8069,M1-L07-008-01,,
M2,MAIZE,RWA,Wildlife Conservation Society,30.678255588268,-1.93426664412886,"L03",x7bE3Pdy8h5,2016-07-23T00:00:00Z,1,,11,1,,31,0,1,,,sKR9RGZttE6,0.4,,,1.7179,M2-L03-006-04,,
M1,MAIZE,RWA,Wildlife Conservation Society,30.678255588268,-1.93426664412886,"L03",fL32p1TYNb8,2016-07-20T00:00:00Z,1,,71a,1,,71a,0,1,,,jfxiSjVoJA3,0.5,,,0.118,M1-L03-004-04,,
M2,BEANS,RWA,Wildlife Conservation Society,29.4347584689003,-2.57578970240643,"L01",mDLfcyhvBu,2016-01-12T00:00:00Z,1,,16,1,,23,0,1,,,Tx33Jm7sNKB,0.007,,,0.1002,,,
M2,SWEET.P.,RWA,Wildlife Conservation Society,29.4347584689003,-2.57578970240643,"L01",KeSq3y3A1h4,2016-01-13T00:00:00Z,1,,22,1,,22,0,1,,,pDQZcx9wPG8,0.15,,,0.1107,M2-L01-006-03,,
M2,MAIZE,RWA,Wildlife Conservation Society,29.3847853801739,-1.80927231441535,"L04",Xcq8cPDrtJA,2016-01-19T00:00:00Z,1,,31,1,,11,0,2,1,,,2.0,,,,,,
M4,S/POTATOES,RWA,Wildlife Conservation Society,29.7928701957997,-1.97725720942347,"L06",vdieyWj8obA,2015-11-07T00:00:00Z,1,,22,1,,24,0,1,,,N9wMbUMA6e9,0.3,,,0.0392,M4-L06-001-02,,
M2,BANANA,RWA,Wildlife Conservation Society,29.7928701957997,-1.97725720942347,"L06",NpVRwZSF9A9,2016-05-16T00:00:00Z,1,,71b,1,,71b,0,1,,,hwHQpQs7oE4,0.005,,,0.3728,M2-L06-010-03,,
M1,FRUIT,RWA,Wildlife Conservation Society,29.55086017135,-1.48050348714566,"L02",Mq9anduKdR9,2016-05-17T00:00:00Z,1,,23,1,,23,0,1,,,Jw7zGRCPds4,0.005,,,0.1917,M1-L02-007-04,,
M1,MAIZE,RWA,Wildlife Conservation Society,30.0187746264512,-2.28718495548197,"L07",CnrK9APvaT4,2016-08-15T00:00:00Z,1,,11,1,,31,0,1,,,JTkaavvYQq4,0.003,0.0,1,0.3657,M1-L07-004-03,,
M2,PADDY,RWA,Wildlife Conservation Society,30.0187746264512,-2.28718495548197,"L07",3aT11RTk4H8,2016-08-20T00:00:00Z,1,,12,1,,12,0,2,1,,,2.0,40.0,1,,,,
M2,TEA,RWA,Wildlife Conservation Society,29.4347584689003,-2.57578970240643,"L01",eVbuv11Jya9,2015-11-20T00:00:00Z,1,,55,1,,55,1,1,,,oZoNUfe98LB,0.003,,,0.1547,M2-L01-005-02,,
M1,CASSAVA,RWA,Wildlife Conservation Society,29.7928701957997,-1.97725720942347,"L06",H4YdiXt5cz3,2015-11-05T00:00:00Z,1,,21,1,,21,0,1,,,GdDZQLVsVA8,0.003,,,0.4477,M1-L06-001-03,,
M1,BEANS,RWA,Wildlife Conservation Society,30.678255588268,-1.93426664412886,"L03",1m6QKguDbp4,2016-07-14T00:00:00Z,1,,31,4,,,0,1,,,nTGmgJLTwt2,0.1,,,0.1059,M1-L03-005-03,,
M1,MAIZE,RWA,Wildlife Conservation Society,29.3847853801739,-1.80927231441535,"L04",JM2DWViH8L8,2016-01-29T00:00:00Z,1,,31,1,,11,0,1,,,hAzbek8ixj6,0.005,,,0.1751,,,
M3,BANANA,RWA,Wildlife Conservation Society,30.0187746264512,-2.28718495548197,"L07",9yvw1XWDNpA,2016-08-13T00:00:00Z,1,,71b,1,,71b,0,1,,,4d5kXdkZxD7,0.0,0.0,1,0.073,M3-L07-004-02,,
M4,YAMS,RWA,Wildlife Conservation Society,29.7928701957997,-1.97725720942347,"L06",QLDaeeq1A6A,2015-11-06T00:00:00Z,1,,24,1,,31,0,2,1,,,5.0,,,,,,
M1,Beans,RWA,Wildlife Conservation Society,29.7928701957997,-1.97725720942347,"L06",kxErk1sYmQB,2015-11-10T00:00:00Z,1,,31,1,,23,0,1,,,XLs6f8YaLU,0.04,,,0.0941,M1-L06-010-02,,
M1,BANANA,RWA,Wildlife Conservation Society,29.7928701957997,-1.97725720942347,"L06",e3YsHqYkYK6,2015-10-08T00:00:00Z,1,,71b,1,,71b,0,1,,,kjxgAiiB7x3,0.004,,,0.5778,,,
M3,S/POTATOES,RWA,Wildlife Conservation Society,29.7928701957997,-1.97725720942347,"L06",HbRbhAKMLv3,2015-10-09T00:00:00Z,1,,22,1,,22,0,1,,,YG1LcFnDwA8,0.1,,,0.1026,M3-L06-002-01,,
M1,MAIZE,RWA,Wildlife Conservation Society,29.55086017135,-1.48050348714566,"L02",TSZ8yp6UEy4,2016-04-19T00:00:00Z,1,,11,1,,11,0,1,,,XLMDxhUD7F7,0.005,,,0.0626,M1-L02-003-01,,
M1,MAIZE,RWA,Wildlife Conservation Society,30.0187746264512,-2.28718495548197,"L07",j3meptUjcsA,2016-08-19T00:00:00Z,1,,11,1,,31,0,1,,,jFqFbFifs3B,0.1,1.0,1,0.2186,M2-L07-007-02,,
M3,SWEET POTATOES,RWA,Wildlife Conservation Society,29.4347584689003,-2.57578970240643,"L01",RCuAWjMUBmA,2016-11-21T00:00:00Z,1,,22,1,,22,0,2,1,,,1.0,,,,,,
M1,MAIZE 1,RWA,Wildlife Conservation Society,29.4347584689003,-2.57578970240643,"L01",MsBreaQuEcA,2016-01-15T00:00:00Z,1,,23,1,,11,0,1,,,5SjMGedgqt3,0.01,,,0.1459,M1-L01-010-02,,
M2,BANANA,RWA,Wildlife Conservation Society,30.678255588268,-1.93426664412886,"L03",vvZZdLufJK3,2016-07-19T00:00:00Z,1,,31,1,,31,0,1,,,dcWRqXFxmQ9,0.3,,,0.8066,M2-L03-002-04,,
M2,S/POTATOES,RWA,Wildlife Conservation Society,29.7928701957997,-1.97725720942347,"L06",pYrS9Lnoio5,2015-10-06T00:00:00Z,1,,22,1,,22,0,1,,,SbLZ7vmLpX5,,5.0,1,0.0317,M2-L06-003-03,,
