Country,Partner Organization,longitude,latitude,Landscape #,Household ID,Data entry date,Field ID,Season,Crop ID,Crop name,ag4a_01,ag4a_02,ag4a_04,ag4a_05,ag4a_05_other,ag4a_vs_5a,ag4a_vs_5a_day,ag4a_vs_5a_month,ag4a_vs_5a_year,ag4a_06,ag4a_08,ag4a_15,ag4a_15_unit,ag4a_16,ag4a_19,ag4a_21,ag4a_23
TZA,Tanzania Forest Conservation Group,34.8481422428861,-8.53911341077989,"L10",7NvFkzHDPpA,2014-08-12T00:00:00Z,M1,long_rainy,11,Maize,1,,1,1,,2012-12-15,15.0,12.0,2012.0,1,5.5,500.0,,175000.0,2,,
TZA,Tanzania Forest Conservation Group,34.3167307654591,-8.60363144569888,"L20",ciQdXdUfHV6,2014-09-24T00:00:00Z,M1,long_rainy,11,Maize,1,,2,,,2014-01-12,12.0,1.0,2014.0,1,0.5,180.0,,45000.0,1,2500.0,1
TZA,Tanzania Forest Conservation Group,31.7140544443077,-7.93601976329183,"L03",rai72yodTZ7,2014-12-24T00:00:00Z,M1,long_rainy,11,Maize,1,,2,,,2013-11-11,11.0,11.0,2013.0,1,0.4,360.0,,60000.0,1,8000.0,2
TZA,Tanzania Forest Conservation Group,38.7492089681939,-8.14419444155308,"L22",73M3dsnzvJ7,2015-08-10T00:00:00Z,M2,long_rainy,11,Maize,1,,1,1,,2013-09-15,15.0,9.0,2013.0,1,1.1,0.0,1,0.0,2,,
TZA,Tanzania Forest Conservation Group,38.7492089681939,-8.14419444155308,"L22",A4HX8ZvF3a8,2015-08-04T00:00:00Z,M1,long_rainy,21,Cassava,1,,2,,,2013-12-09,9.0,12.0,2013.0,1,2.0,500.0,2,150000.0,2,,
TZA,Tanzania Forest Conservation Group,31.7140544443077,-7.93601976329183,"L03",KyapRja3Pi6,2014-12-28T00:00:00Z,M2,long_rainy,11,Maize,1,,2,,,2013-11-05,5.0,11.0,2013.0,1,0.5,400.0,,50000.0,2,,
TZA,Tanzania Forest Conservation Group,34.6613285529092,-10.0674212512047,"L11",CnNmmWuhuE4,2015-08-29T00:00:00Z,M1,long_rainy,11,Maize,1,,1,1,,2013-11-11,11.0,11.0,2013.0,1,1.3,720.0,1,224000.0,2,,
TZA,Tanzania Forest Conservation Group,31.7140544443077,-7.93601976329183,"L03",znifEwvA5C4,2014-12-11T00:00:00Z,M1,long_rainy,11,Maize,2,1,1,1,,2013-11-20,20.0,11.0,2013.0,1,3.0,2400.0,,360000.0,1,20000.0,2
TZA,Tanzania Forest Conservation Group,34.8481422428861,-8.53911341077989,"L10",bbQXrXaEo96,2014-08-13T00:00:00Z,M1,long_rainy,11,Maize,1,,2,,,2012-12-18,18.0,12.0,2012.0,1,0.6,100.0,,35000.0,2,,
TZA,Tanzania Forest Conservation Group,38.7492089681939,-8.14419444155308,"L22",WjvUqZyb157,2015-09-13T00:00:00Z,M4,long_rainy,12,Paddy,1,,2,,,2014-01-05,5.0,1.0,2014.0,1,2.1,900.0,1,370000.0,2,,
TZA,Tanzania Forest Conservation Group,34.8481422428861,-8.53911341077989,"L10",g2ZqebmF5z8,2014-08-13T00:00:00Z,M3,long_rainy,11,Maize,1,,2,,,2013-01-02,2.0,1.0,2013.0,1,4.3,450.0,,157500.0,2,,
TZA,Tanzania Forest Conservation Group,36.5229650139842,-8.09763085083975,"L19",pcKda2i8vd5,2014-08-14T00:00:00Z,M2,long_rainy,12,Paddy,1,,2,,,2013-01-22,22.0,1.0,2013.0,1,2.0,1620.0,,450000.0,2,,
TZA,Tanzania Forest Conservation Group,31.7140544443077,-7.93601976329183,"L03",McAcYh2ZV69,2014-12-10T00:00:00Z,M2,long_rainy,11,Maize,1,,1,1,,2013-11-15,15.0,11.0,2013.0,1,0.6,960.0,,160000.0,1,16000.0,2
TZA,Tanzania Forest Conservation Group,34.3167307654591,-8.60363144569888,"L20",TzXCuVJ5tP5,2015-01-14T00:00:00Z,M1,long_rainy,11,Maize,1,,2,,,2014-01-06,6.0,1.0,2014.0,1,3.0,5400.0,,1500000.0,2,,
TZA,Tanzania Forest Conservation Group,36.4463760379053,-7.53483534169035,"L18",JsmhauRP8E9,2014-08-14T00:00:00Z,M1,short_rainy,26,Onions,2,2,1,1,,2013-05-30,30.0,5.0,2013.0,1,1.0,400.0,,4000000.0,1,20000.0,1
TZA,Tanzania Forest Conservation Group,38.7492089681939,-8.14419444155308,"L22",RTnL3zMj6T,2015-08-10T00:00:00Z,M1,long_rainy,21,Cassava,1,,2,,,2013-11-02,2.0,11.0,2013.0,1,3.4,1000.0,1,800000.0,2,,
TZA,Tanzania Forest Conservation Group,36.5229650139842,-8.09763085083975,"L19",ziHZfbph8gA,2014-08-12T00:00:00Z,M1,long_rainy,12,Paddy,1,,2,,,2013-01-03,3.0,1.0,2013.0,1,1.5,1400.0,,560000.0,2,,
TZA,Tanzania Forest Conservation Group,31.7140544443077,-7.93601976329183,"L03",e7KZhetzbx,2014-12-18T00:00:00Z,M3,long_rainy,11,Maize,1,,2,,,2013-12-07,7.0,12.0,2013.0,1,2.4,960.0,,120000.0,1,100000.0,2
TZA,Tanzania Forest Conservation Group,31.7140544443077,-7.93601976329183,"L03",ZAZu9eYNzaA,2014-12-28T00:00:00Z,M2,long_rainy,11,Maize,1,,2,,,2013-11-28,28.0,11.0,2013.0,1,0.8,240.0,,60000.0,1,8000.0,2
TZA,Tanzania Forest Conservation Group,36.4463760379053,-7.53483534169035,"L18",6NYkNXf4fW6,2014-08-12T00:00:00Z,M3,long_rainy,11,Maize,2,1,1,2,,2013-01-25,25.0,1.0,2013.0,1,0.75,180.0,,63000.0,2,,
TZA,Tanzania Forest Conservation Group,31.7140544443077,-7.93601976329183,"L03",e7KZhetzbx,2014-12-18T00:00:00Z,M2,long_rainy,11,Maize,1,,1,1,,2014-01-01,1.0,1.0,2014.0,1,2.4,480.0,,60000.0,1,80000.0,2
TZA,Tanzania Forest Conservation Group,36.5229650139842,-8.09763085083975,"L19",ziHZfbph8gA,2014-08-12T00:00:00Z,M2,long_rainy,12,Paddy,1,,2,,,2013-01-10,10.0,1.0,2013.0,1,1.0,1200.0,,300000.0,2,,
TZA,Tanzania Forest Conservation Group,38.7492089681939,-8.14419444155308,"L22",84Tt3igkks,2015-08-04T00:00:00Z,M2,long_rainy,12,Paddy,1,,2,,,2014-12-20,20.0,12.0,2014.0,1,0.9,400.0,1,70000.0,2,,
TZA,Tanzania Forest Conservation Group,38.7492089681939,-8.14419444155308,"L22",BP6YrbuDcL,2015-09-13T00:00:00Z,M4,long_rainy,12,Paddy,1,,2,,,2014-01-10,10.0,1.0,2014.0,1,3.7,400.0,1,200000.0,2,,
TZA,Tanzania Forest Conservation Group,34.3167307654591,-8.60363144569888,"L20",1AHvfwxYcT6,2014-10-03T00:00:00Z,M1,long_rainy,12,Paddy,2,1,2,,,2014-02-07,7.0,2.0,2014.0,1,2.0,3920.0,,770000.0,1,40000.0,1
TZA,Tanzania Forest Conservation Group,34.8481422428861,-8.53911341077989,"L10",dtBzhqj3kQA,2014-08-12T00:00:00Z,M1,long_rainy,11,Maize,1,,1,1,,2012-12-15,15.0,12.0,2012.0,1,2.1,450.0,,162000.0,2,,
TZA,Tanzania Forest Conservation Group,31.7140544443077,-7.93601976329183,"L03",McAcYh2ZV69,2014-12-10T00:00:00Z,M1,long_rainy,15,Finger Millet,1,,1,1,,2013-12-07,7.0,12.0,2013.0,1,2.6,12000.0,,450000.0,1,15000.0,1
TZA,Tanzania Forest Conservation Group,34.6613285529092,-10.0674212512047,"L11",17tw28pAwD3,2015-08-29T00:00:00Z,M1,long_rainy,11,Maize,1,,2,,,2013-12-03,3.0,12.0,2013.0,1,2.3,2880.0,1,685000.0,2,,
TZA,Tanzania Forest Conservation Group,34.3167307654591,-8.60363144569888,"L20",65WUiskq7g6,2015-01-14T00:00:00Z,M1,long_rainy,11,Maize,1,,1,other,Lack of land,2013-11-20,20.0,11.0,2013.0,1,18.8,3240.0,,900000.0,2,,
TZA,Tanzania Forest Conservation Group,34.3167307654591,-8.60363144569888,"L20",tQBVYhTSUx5,2014-10-06T00:00:00Z,M2,long_rainy,12,Paddy,1,,2,,,2014-01-09,9.0,1.0,2014.0,1,1.0,2520.0,,700000.0,2,,
TZA,Tanzania Forest Conservation Group,38.7492089681939,-8.14419444155308,"L22",BP6YrbuDcL,2015-09-13T00:00:00Z,M3,long_rainy,12,Paddy,1,,2,,,2014-01-01,1.0,1.0,2014.0,1,3.9,500.0,1,250000.0,2,,
TZA,Tanzania Forest Conservation Group,34.3167307654591,-8.60363144569888,"L20",mZbBzdZE8P5,2014-10-07T00:00:00Z,M3,long_rainy,11,Maize,1,,1,1,,2013-12-12,12.0,12.0,2013.0,1,7.9,1260.0,,315000.0,2,,
TZA,Tanzania Forest Conservation Group,36.4463760379053,-7.53483534169035,"L18",VhjsvzpdVX8,2013-10-07T00:00:00Z,M1,long_rainy,11,Maize,2,2,2,,,2012-12-04,4.0,12.0,2012.0,1,0.25,200.0,,140000.0,2,,
TZA,Tanzania Forest Conservation Group,34.8481422428861,-8.53911341077989,"L10",g2ZqebmF5z8,2014-08-13T00:00:00Z,M2,long_rainy,47,Soyabeans,1,,2,,,2012-12-26,26.0,12.0,2012.0,1,1.5,80.0,,144000.0,1,2000.0,1
TZA,Tanzania Forest Conservation Group,34.8481422428861,-8.53911341077989,"L10",yPna76R7KH6,2014-08-13T00:00:00Z,M1,long_rainy,11,Maize,1,,2,,,2012-11-11,11.0,11.0,2012.0,1,3.0,1200.0,,360000.0,2,,
TZA,Tanzania Forest Conservation Group,34.8481422428861,-8.53911341077989,"L10",ZRuCufE5rt9,2014-08-12T00:00:00Z,M1,long_rainy,11,Maize,2,1,1,2,,2012-12-02,2.0,12.0,2012.0,1,2.3,480.0,,192000.0,2,,
TZA,Tanzania Forest Conservation Group,38.7492089681939,-8.14419444155308,"L22",fss8vTYFEz2,2015-09-13T00:00:00Z,M1,long_rainy,42,Sesame/Simsim,1,,2,,,2014-01-15,15.0,1.0,2014.0,1,3.1,350.0,1,350000.0,2,,
TZA,Tanzania Forest Conservation Group,34.3167307654591,-8.60363144569888,"L20",Qrakmh9TAb7,2014-09-29T00:00:00Z,M1,long_rainy,12,Paddy,1,,2,,,2014-03-18,18.0,3.0,2014.0,1,9360.0,3.9,,3120000.0,2,,
TZA,Tanzania Forest Conservation Group,36.4463760379053,-7.53483534169035,"L18",ZSL3mumZ4X8,2014-08-12T00:00:00Z,M1,long_rainy,11,Maize,2,2,1,1,,2012-12-03,3.0,12.0,2012.0,1,1.5,900.0,,720000.0,2,,
TZA,Tanzania Forest Conservation Group,38.7492089681939,-8.14419444155308,"L22",T5DZd2AUTX7,2015-08-14T00:00:00Z,M2,short_rainy,11,Maize,1,,2,,,2014-07-10,10.0,7.0,2014.0,1,1.1,150.0,1,300000.0,2,,
TZA,Tanzania Forest Conservation Group,36.4463760379053,-7.53483534169035,"L18",onwJq3WmHg2,2014-08-12T00:00:00Z,M1,short_rainy,,,,,,,,,,,,2,,,,,2,,
TZA,Tanzania Forest Conservation Group,34.3167307654591,-8.60363144569888,"L20",G8pqkT9RvZB,2015-01-15T00:00:00Z,M2,long_rainy,11,Maize,1,,1,2,,2014-01-10,10.0,1.0,2014.0,1,8.0,540.0,,150000.0,1,4000.0,2
TZA,Tanzania Forest Conservation Group,34.6613285529092,-10.0674212512047,"L11",QuoaS1YaSX9,2015-08-31T00:00:00Z,M1,long_rainy,11,Maize,1,,1,1,,2013-11-20,20.0,11.0,2013.0,1,1.2,630.0,1,140000.0,2,,
TZA,Tanzania Forest Conservation Group,36.4463760379053,-7.53483534169035,"L18",6s9v6agXWi3,2014-08-13T00:00:00Z,M1,long_rainy,26,Onions,1,,2,,,2013-05-10,10.0,5.0,2013.0,1,0.6,2600.0,,1560000.0,1,60000.0,1
TZA,Tanzania Forest Conservation Group,31.7140544443077,-7.93601976329183,"L03",5R7zjWiS4o,2014-12-24T00:00:00Z,M3,long_rainy,11,Maize,1,,2,,,2013-11-29,29.0,11.0,2013.0,1,2.4,1440.0,,192000.0,2,,
TZA,Tanzania Forest Conservation Group,31.7140544443077,-7.93601976329183,"L03",x3YWH9QUug,2014-12-10T00:00:00Z,M1,long_rainy,11,Maize,1,,1,1,,2013-12-01,1.0,12.0,2013.0,1,1.8,720.0,,108000.0,2,,
TZA,Tanzania Forest Conservation Group,38.7492089681939,-8.14419444155308,"L22",Q6XjbVrPyy9,2015-09-09T00:00:00Z,M2,long_rainy,21,Cassava,1,,2,,,2013-12-28,28.0,12.0,2013.0,1,0.8,3000.0,1,1200000.0,2,,
TZA,Tanzania Forest Conservation Group,34.6613285529092,-10.0674212512047,"L11",ERzfUDJvVr5,2015-08-30T00:00:00Z,M1,long_rainy,11,Maize,1,,2,,,2014-01-01,1.0,1.0,2014.0,1,2.2,1260.0,1,147000.0,2,,
TZA,Tanzania Forest Conservation Group,34.3167307654591,-8.60363144569888,"L20",PrddN7Eh7v3,2015-04-21T00:00:00Z,M1,long_rainy,11,Maize,1,,2,,,2013-12-10,10.0,12.0,2013.0,1,1.5,700.0,,125000.0,1,12500.0,2
TZA,Tanzania Forest Conservation Group,36.5229650139842,-8.09763085083975,"L19",Mf1iaj3mXF6,2014-08-11T00:00:00Z,M1,long_rainy,12,Paddy,2,1,2,,,2013-02-08,8.0,2.0,2013.0,1,2.0,1600.0,,960000.0,2,,
TZA,Tanzania Forest Conservation Group,34.6613285529092,-10.0674212512047,"L11",RnWd36XhwD2,2015-08-07T00:00:00Z,M2,long_rainy,11,Maize,1,,1,1,,2013-11-19,19.0,11.0,2013.0,1,1.0,840.0,1,126000.0,2,,
TZA,Tanzania Forest Conservation Group,36.5229650139842,-8.09763085083975,"L19",pcKda2i8vd5,2014-08-14T00:00:00Z,M1,long_rainy,42,Sesame,2,3,2,,,2013-01-29,29.0,1.0,2013.0,1,1.9,400.0,,600000.0,2,,
TZA,Tanzania Forest Conservation Group,34.3167307654591,-8.60363144569888,"L20",mZbBzdZE8P5,2014-10-07T00:00:00Z,M2,long_rainy,12,Paddy,1,,2,,,2014-01-20,20.0,1.0,2014.0,1,2880.0,1.0,,800000.0,2,,
TZA,Tanzania Forest Conservation Group,36.5229650139842,-8.09763085083975,"L19",zddQBRJke87,2014-08-11T00:00:00Z,M3,long_rainy,12,Paddy,1,,2,,,2013-02-12,12.0,2.0,2013.0,1,19.6,3000.0,,1200000.0,2,,
TZA,Tanzania Forest Conservation Group,38.7492089681939,-8.14419444155308,"L22",RfzDYcp8cy2,2015-08-10T00:00:00Z,M1,short_rainy,11,Maize,1,,2,,,2014-06-10,10.0,6.0,2014.0,1,0.8,100.0,1,62500.0,2,,
TZA,Tanzania Forest Conservation Group,36.4463760379053,-7.53483534169035,"L18",HWkzcSXQNG2,2014-08-12T00:00:00Z,M1,long_rainy,11,Maize,1,,2,,,2013-02-14,14.0,2.0,2013.0,2,,,,,1,18000.0,1
TZA,Tanzania Forest Conservation Group,36.4463760379053,-7.53483534169035,"L18",udWPUwFP172,2014-08-13T00:00:00Z,M1,short_rainy,26,Onions,1,,2,,,2013-03-07,7.0,3.0,2013.0,1,0.4,650.0,,650000.0,1,60000.0,1
TZA,Tanzania Forest Conservation Group,36.4463760379053,-7.53483534169035,"L18",tWqyJcJmuN5,2014-08-12T00:00:00Z,M1,short_rainy,87,Tomatoes,2,2,1,1,,2012-12-21,21.0,12.0,2012.0,1,0.2,640.0,,120000.0,2,,
TZA,Tanzania Forest Conservation Group,36.4463760379053,-7.53483534169035,"L18",ZSL3mumZ4X8,2014-08-12T00:00:00Z,M2,long_rainy,11,Maize,2,2,1,1,,2012-11-06,6.0,11.0,2012.0,1,1.5,900.0,,720000.0,2,,
TZA,Tanzania Forest Conservation Group,34.6613285529092,-10.0674212512047,"L11",2JxppdNdy1B,2015-08-11T00:00:00Z,M1,long_rainy,11,Maize,1,,1,1,,2013-11-15,15.0,11.0,2013.0,1,1.9,1340.0,1,201000.0,2,,
TZA,Tanzania Forest Conservation Group,36.5229650139842,-8.09763085083975,"L19",MqCGGaKzuz2,2014-08-11T00:00:00Z,M4,long_rainy,12,Paddy,1,,2,,,2013-02-16,16.0,2.0,2013.0,1,1.4,800.0,,240000.0,2,,
TZA,Tanzania Forest Conservation Group,34.3167307654591,-8.60363144569888,"L20",1AHvfwxYcT6,2014-10-03T00:00:00Z,M3,long_rainy,11,Maize,1,,2,,,2013-12-10,10.0,12.0,2013.0,1,5.0,540.0,,135000.0,2,,
TZA,Tanzania Forest Conservation Group,38.7492089681939,-8.14419444155308,"L22",6vK31iR7nAA,2015-09-09T00:00:00Z,M2,long_rainy,42,Sesame/Simsim,1,,2,,,2014-01-05,5.0,1.0,2014.0,1,0.8,200.0,1,400000.0,2,,
TZA,Tanzania Forest Conservation Group,31.7140544443077,-7.93601976329183,"L03",Goj6tydZtp2,2014-12-27T00:00:00Z,M2,long_rainy,11,Maize,1,,2,,,2013-12-05,5.0,12.0,2013.0,1,2.3,2550.0,,330000.0,1,50000.0,2
TZA,Tanzania Forest Conservation Group,36.4463760379053,-7.53483534169035,"L18",ZSL3mumZ4X8,2014-08-12T00:00:00Z,M2,short_rainy,11,Maize,2,3,1,1,,2013-06-09,9.0,6.0,2013.0,1,1.0,900.0,,720000.0,2,,
TZA,Tanzania Forest Conservation Group,38.7492089681939,-8.14419444155308,"L22",2tg6ar7zuS5,2015-09-13T00:00:00Z,M3,long_rainy,12,Paddy,1,,2,,,2014-01-05,5.0,1.0,2014.0,1,5.1,1250.0,1,375000.0,2,,
TZA,Tanzania Forest Conservation Group,34.6613285529092,-10.0674212512047,"L11",SqBCN18ii19,2015-08-11T00:00:00Z,M1,short_rainy,87,Tomatoes,2,1,1,1,,2013-06-13,13.0,6.0,2013.0,1,0.3,80.0,1,40000.0,1,2000.0,2
TZA,Tanzania Forest Conservation Group,36.4463760379053,-7.53483534169035,"L18",HGnHsWKAkp3,2014-08-12T00:00:00Z,M1,long_rainy,11,Maize,1,,2,,,2013-02-01,1.0,2.0,2013.0,2,,,,,1,15000.0,1
TZA,Tanzania Forest Conservation Group,36.5229650139842,-8.09763085083975,"L19",KeAxwek3yC4,2014-08-11T00:00:00Z,M1,long_rainy,12,Paddy,1,,2,,,2013-02-12,12.0,2.0,2013.0,1,1.0,1000.0,,700000.0,2,,
TZA,Tanzania Forest Conservation Group,34.6613285529092,-10.0674212512047,"L11",ywS4MJJe4cB,2015-08-05T00:00:00Z,M3,long_rainy,60,sugar Cane,1,,1,1,,2012-05-09,9.0,5.0,2012.0,1,1.1,80.0,1,100000.0,2,,
TZA,Tanzania Forest Conservation Group,36.5229650139842,-8.09763085083975,"L19",B7g3YrTCTUB,2014-08-16T00:00:00Z,M1,long_rainy,11,Maize,1,,1,2,,2013-02-06,6.0,2.0,2013.0,1,2.4,500.0,,150000.0,2,,
TZA,Tanzania Forest Conservation Group,38.7492089681939,-8.14419444155308,"L22",9uri5wypzL4,2015-12-09T00:00:00Z,M1,long_rainy,21,Cassava,1,,2,,,2013-11-03,3.0,11.0,2013.0,1,0.3,500.0,1,400000.0,2,,
TZA,Tanzania Forest Conservation Group,38.7492089681939,-8.14419444155308,"L22",T5DZd2AUTX7,2015-08-14T00:00:00Z,M1,long_rainy,12,Paddy,2,3,2,,,2013-12-21,21.0,12.0,2013.0,1,1.1,200.0,1,72000.0,1,2000.0,1
TZA,Tanzania Forest Conservation Group,34.6613285529092,-10.0674212512047,"L11",SqBCN18ii19,2015-08-11T00:00:00Z,M1,long_rainy,11,Maize,2,3,1,1,,2013-12-20,20.0,12.0,2013.0,1,0.7,420.0,1,63000.0,2,,
TZA,Tanzania Forest Conservation Group,31.7140544443077,-7.93601976329183,"L03",9WWgnSHHAA6,2014-12-18T00:00:00Z,M3,long_rainy,16,Wheat,1,,2,,,2013-12-05,5.0,12.0,2013.0,1,3.5,960.0,,144000.0,1,32000.0,2
TZA,Tanzania Forest Conservation Group,31.7140544443077,-7.93601976329183,"L03",yLS96zjnvX6,2014-12-18T00:00:00Z,M1,long_rainy,11,Maize,2,2,2,,,2013-11-15,15.0,11.0,2013.0,1,2.0,2400.0,,400000.0,1,3000.0,2
TZA,Tanzania Forest Conservation Group,34.6613285529092,-10.0674212512047,"L11",BXfxdbawNd8,2015-08-29T00:00:00Z,M1,long_rainy,11,Maize,1,,2,,,2013-11-28,28.0,11.0,2013.0,1,1.3,882.0,1,210000.0,2,,
TZA,Tanzania Forest Conservation Group,34.3167307654591,-8.60363144569888,"L20",TzXCuVJ5tP5,2015-01-14T00:00:00Z,M2,long_rainy,14,Bulrush Millet,1,,1,1,,2014-01-15,15.0,1.0,2014.0,1,4.8,2700.0,,900000.0,2,,
TZA,Tanzania Forest Conservation Group,31.7140544443077,-7.93601976329183,"L03",yLS96zjnvX6,2014-12-18T00:00:00Z,M4,short_rainy,11,Maize,,,,,,,,,,2,,,,,2,,
TZA,Tanzania Forest Conservation Group,34.6613285529092,-10.0674212512047,"L11",3bdaYKw2CU5,2015-09-13T00:00:00Z,M3,long_rainy,11,Maize,1,,1,2,,2013-12-20,20.0,12.0,2013.0,1,0.7,2268.0,1,540000.0,2,,
TZA,Tanzania Forest Conservation Group,36.4463760379053,-7.53483534169035,"L18",5xjULrvkzz3,2014-08-12T00:00:00Z,M1,long_rainy,11,Maize,1,,2,,,2013-02-07,7.0,2.0,2013.0,1,0.4,80.0,,40000.0,1,2000.0,1
TZA,Tanzania Forest Conservation Group,34.6613285529092,-10.0674212512047,"L11",17tw28pAwD3,2015-08-29T00:00:00Z,M2,long_rainy,31,Beans,,,,,,2015-09-16,16.0,9.0,2015.0,,,,,,,,
TZA,Tanzania Forest Conservation Group,38.7492089681939,-8.14419444155308,"L22",9uri5wypzL4,2015-12-09T00:00:00Z,M2,long_rainy,12,Paddy,1,,2,,,2014-01-05,5.0,1.0,2014.0,1,0.4,300.0,1,150000.0,2,,
TZA,Tanzania Forest Conservation Group,38.7492089681939,-8.14419444155308,"L22",w7mhEiauzv4,2015-08-08T00:00:00Z,M1,long_rainy,11,Maize,1,,1,1,,2014-12-09,9.0,12.0,2014.0,1,0.4,200.0,1,57600.0,2,,
TZA,Tanzania Forest Conservation Group,34.3167307654591,-8.60363144569888,"L20",HPHgA99tPJA,2015-01-14T00:00:00Z,M2,long_rainy,11,Maize,1,,1,1,,2013-12-04,4.0,12.0,2013.0,1,1.3,2700.0,,750000.0,1,60000.0,2
TZA,Tanzania Forest Conservation Group,36.5229650139842,-8.09763085083975,"L19",W5cRAyZKiP3,2014-08-09T00:00:00Z,M1,long_rainy,12,Paddy,1,,2,,,2013-01-02,2.0,1.0,2013.0,1,2.0,1200.0,,480000.0,2,,
TZA,Tanzania Forest Conservation Group,34.6613285529092,-10.0674212512047,"L11",2tw7sF6jPB4,2015-08-31T00:00:00Z,M1,long_rainy,11,Maize,1,,2,,,2013-12-03,3.0,12.0,2013.0,1,0.9,378.0,1,70000.0,2,,
TZA,Tanzania Forest Conservation Group,34.3167307654591,-8.60363144569888,"L20",ZbDwCBkG2A5,2014-10-03T00:00:00Z,M2,long_rainy,11,Maize,1,,2,,,2013-12-21,21.0,12.0,2013.0,1,1.2,540.0,,135000.0,2,,
TZA,Tanzania Forest Conservation Group,38.7492089681939,-8.14419444155308,"L22",WjvUqZyb157,2015-09-13T00:00:00Z,M1,long_rainy,11,Maize,1,,1,1,,2014-01-02,2.0,1.0,2014.0,1,0.6,250.0,1,124000.0,2,,
TZA,Tanzania Forest Conservation Group,34.8481422428861,-8.53911341077989,"L10",wXNS3oTZiX8,2014-08-12T00:00:00Z,M1,long_rainy,11,Maize,1,,1,1,,2012-11-22,22.0,11.0,2012.0,1,3.8,300.0,,150000.0,2,,
TZA,Tanzania Forest Conservation Group,31.7140544443077,-7.93601976329183,"L03",hfEUg9n1AW4,2014-12-28T00:00:00Z,M1,long_rainy,11,Maize,1,,2,,,2013-12-02,2.0,12.0,2013.0,1,1.8,1200.0,,176000.0,1,40000.0,2
TZA,Tanzania Forest Conservation Group,34.3167307654591,-8.60363144569888,"L20",uz81YWocVs7,2014-09-29T00:00:00Z,M1,long_rainy,12,Paddy,1,,2,,,2014-02-02,2.0,2.0,2014.0,1,3.4,4250.0,,2500000.0,1,7000.0,1
TZA,Tanzania Forest Conservation Group,31.7140544443077,-7.93601976329183,"L03",XaYWTVN67N4,2014-12-28T00:00:00Z,M5,long_rainy,11,Maize,1,,1,2,,2013-12-18,18.0,12.0,2013.0,1,1.1,160.0,,26000.0,2,,
TZA,Tanzania Forest Conservation Group,38.7492089681939,-8.14419444155308,"L22",X9YiaEDanB7,2015-08-08T00:00:00Z,M2,long_rainy,11,Maize,1,,1,1,,2014-01-07,7.0,1.0,2014.0,1,0.4,200.0,1,28000.0,2,,
TZA,Tanzania Forest Conservation Group,36.4463760379053,-7.53483534169035,"L18",7GEs4txMBL9,2014-08-14T00:00:00Z,M2,short_rainy,43,Groundnut,1,,2,,,2012-07-08,8.0,7.0,2012.0,2,,,,,1,9000.0,2
TZA,Tanzania Forest Conservation Group,38.7492089681939,-8.14419444155308,"L22",BVUEfqZQ6KA,2015-09-09T00:00:00Z,M2,long_rainy,13,Sorghum,1,,1,1,,2013-12-05,5.0,12.0,2013.0,1,4.3,300.0,1,225000.0,2,,
TZA,Tanzania Forest Conservation Group,36.5229650139842,-8.09763085083975,"L19",NnrfSQy1dmA,2014-08-12T00:00:00Z,M1,long_rainy,11,Maize,1,,2,,,2013-01-03,3.0,1.0,2013.0,1,0.6,100.0,,45000.0,2,,
TZA,Tanzania Forest Conservation Group,34.8481422428861,-8.53911341077989,"L10",LmNxHx7ukq2,2014-08-13T00:00:00Z,M1,long_rainy,11,Maize,1,,1,1,,2012-11-28,28.0,11.0,2012.0,1,0.8,240.0,,144000.0,2,,
TZA,Tanzania Forest Conservation Group,31.7140544443077,-7.93601976329183,"L03",utcTs5LcPQ7,2014-12-10T00:00:00Z,M3,long_rainy,11,Maize,1,,2,,,2013-12-14,14.0,12.0,2013.0,1,4.3,2880.0,,504000.0,2,,
TZA,Tanzania Forest Conservation Group,36.5229650139842,-8.09763085083975,"L19",MqCGGaKzuz2,2014-08-11T00:00:00Z,M1,long_rainy,12,Paddy,1,,2,,,2013-02-10,10.0,2.0,2013.0,1,1.1,1000.0,,300000.0,2,,
TZA,Tanzania Forest Conservation Group,36.5229650139842,-8.09763085083975,"L19",aFuKnt435e8,2014-08-12T00:00:00Z,M4,long_rainy,11,Maize,1,,2,,,2013-12-04,4.0,12.0,2013.0,1,1.9,400.0,,100000.0,2,,
TZA,Tanzania Forest Conservation Group,31.7140544443077,-7.93601976329183,"L03",41YTq8opiW8,2014-12-24T00:00:00Z,M3,long_rainy,16,Wheat,1,,2,,,2014-03-15,15.0,3.0,2014.0,1,4.5,1440.0,,540000.0,1,100000.0,2
TZA,Tanzania Forest Conservation Group,34.3167307654591,-8.60363144569888,"L20",ZeurtKQcW93,2014-12-18T00:00:00Z,M1,long_rainy,12,Paddy,1,,2,,,2014-02-03,3.0,2.0,2014.0,1,2.9,5400.0,,1950000.0,1,100000.0,1
TZA,Tanzania Forest Conservation Group,34.8481422428861,-8.53911341077989,"L10",9ES5SSTauT6,2014-08-13T00:00:00Z,M1,long_rainy,11,Maize,1,,1,other,Shortage of land.,2012-12-19,19.0,12.0,2012.0,1,3.8,180.0,,73000.0,2,,
TZA,Tanzania Forest Conservation Group,31.7140544443077,-7.93601976329183,"L03",XaYWTVN67N4,2014-12-28T00:00:00Z,M1,long_rainy,31,Beans,1,,1,2,,2014-01-16,16.0,1.0,2014.0,1,13.6,960.0,,780000.0,2,,
TZA,Tanzania Forest Conservation Group,31.7140544443077,-7.93601976329183,"L03",8RDtceCXmi7,2014-12-09T00:00:00Z,M3,long_rainy,16,Wheat,1,,2,,,2014-02-10,10.0,2.0,2014.0,1,1.8,600.0,,300000.0,2,,
TZA,Tanzania Forest Conservation Group,34.3167307654591,-8.60363144569888,"L20",yE1Xsrhzmk8,2014-10-09T00:00:00Z,M1,long_rainy,12,Paddy,1,,2,,,2014-01-01,1.0,1.0,2014.0,1,2.1,5920.0,,1850000.0,2,,
TZA,Tanzania Forest Conservation Group,31.7140544443077,-7.93601976329183,"L03",ZAZu9eYNzaA,2014-12-28T00:00:00Z,M1,long_rainy,11,Maize,1,,1,1,,2013-11-20,20.0,11.0,2013.0,1,1.0,840.0,,210000.0,1,16000.0,2
TZA,Tanzania Forest Conservation Group,34.3167307654591,-8.60363144569888,"L20",RbeUER44T9B,2014-09-28T00:00:00Z,M3,long_rainy,11,Maize,1,,2,,,2013-12-27,27.0,12.0,2013.0,1,4.8,1800.0,,500000.0,2,,
TZA,Tanzania Forest Conservation Group,36.4463760379053,-7.53483534169035,"L18",yhsx6xFzAD,2014-08-13T00:00:00Z,M1,long_rainy,43,Groundnut,2,2,1,1,,2012-12-12,12.0,12.0,2012.0,1,4.5,800.0,,600000.0,2,,
TZA,Tanzania Forest Conservation Group,36.5229650139842,-8.09763085083975,"L19",BcLx8GwEyf5,2014-08-12T00:00:00Z,M1,long_rainy,11,Maize,1,,1,2,,2012-12-20,20.0,12.0,2012.0,1,0.7,80.0,,36000.0,2,,
TZA,Tanzania Forest Conservation Group,34.3167307654591,-8.60363144569888,"L20",iRjEJTUQTW4,2014-09-27T00:00:00Z,M2,long_rainy,11,Maize,1,,2,,,2013-12-07,7.0,12.0,2013.0,1,1.6,1260.0,,350000.0,1,5000.0,1
TZA,Tanzania Forest Conservation Group,34.3167307654591,-8.60363144569888,"L20",VxhDa2qgmM7,2014-09-27T00:00:00Z,M1,long_rainy,12,Paddy,1,,2,,,2013-12-28,28.0,12.0,2013.0,1,1.9,3240.0,,1170000.0,2,,
TZA,Tanzania Forest Conservation Group,34.3167307654591,-8.60363144569888,"L20",Vuke4bM37hA,2014-12-18T00:00:00Z,M2,short_rainy,60,sugar Cane,2,2,1,1,,2012-04-09,9.0,4.0,2012.0,1,1.0,2500.0,,1250000.0,2,,
TZA,Tanzania Forest Conservation Group,31.7140544443077,-7.93601976329183,"L03",41YTq8opiW8,2014-12-24T00:00:00Z,M2,long_rainy,31,Beans,1,,2,,,2014-02-05,5.0,2.0,2014.0,1,3.1,640.0,,520000.0,2,,
TZA,Tanzania Forest Conservation Group,31.7140544443077,-7.93601976329183,"L03",8RDtceCXmi7,2014-12-09T00:00:00Z,M2,short_rainy,11,Maize,1,,1,1,,2014-04-20,20.0,4.0,2014.0,2,,,,,2,,
TZA,Tanzania Forest Conservation Group,36.4463760379053,-7.53483534169035,"L18",fKYGZhSCHi5,2014-08-12T00:00:00Z,M1,short_rainy,26,Onions,2,3,2,,,2013-07-02,2.0,7.0,2013.0,1,3.0,800.0,,400000.0,2,,
TZA,Tanzania Forest Conservation Group,34.6613285529092,-10.0674212512047,"L11",QuoaS1YaSX9,2015-08-31T00:00:00Z,M2,long_rainy,11,Maize,1,,2,,,2013-11-28,28.0,11.0,2013.0,1,1.2,1134.0,1,252000.0,2,,
TZA,Tanzania Forest Conservation Group,36.4463760379053,-7.53483534169035,"L18",VhjsvzpdVX8,2013-10-07T00:00:00Z,M1,short_rainy,87,Tomatoes,2,2,1,1,,2013-09-11,11.0,9.0,2013.0,2,,,,,2,,
TZA,Tanzania Forest Conservation Group,36.4463760379053,-7.53483534169035,"L18",KWsyirYykp,2014-08-12T00:00:00Z,M1,short_rainy,11,Maize,1,,1,1,,2013-07-28,28.0,7.0,2013.0,2,,,,,2,,
TZA,Tanzania Forest Conservation Group,38.7492089681939,-8.14419444155308,"L22",73M3dsnzvJ7,2015-08-10T00:00:00Z,M1,long_rainy,12,Paddy,1,,2,,,2013-12-20,20.0,12.0,2013.0,1,1.9,1120.0,1,400000.0,1,14000.0,1
TZA,Tanzania Forest Conservation Group,34.8481422428861,-8.53911341077989,"L10",6gioKTgu1a9,2014-08-12T00:00:00Z,M4,long_rainy,11,Maize,1,,1,2,,2012-12-28,28.0,12.0,2012.0,1,0.12,20.0,,10000.0,2,,
TZA,Tanzania Forest Conservation Group,31.7140544443077,-7.93601976329183,"L03",yLS96zjnvX6,2014-12-18T00:00:00Z,M3,long_rainy,11,Maize,2,2,1,1,,2013-11-15,15.0,11.0,2013.0,1,1.0,240.0,,40000.0,1,20000.0,2
TZA,Tanzania Forest Conservation Group,38.7492089681939,-8.14419444155308,"L22",An4VyekaKi6,2015-08-10T00:00:00Z,M1,long_rainy,11,Maize,1,,1,1,,2014-12-12,12.0,12.0,2014.0,1,0.3,300.0,1,120000.0,1,1200.0,2
TZA,Tanzania Forest Conservation Group,31.7140544443077,-7.93601976329183,"L03",x3YWH9QUug,2014-12-10T00:00:00Z,M2,short_rainy,71,Banana,1,,1,1,,2010-01-19,19.0,1.0,2010.0,1,0.5,20.0,,40000.0,2,,
TZA,Tanzania Forest Conservation Group,36.4463760379053,-7.53483534169035,"L18",ZSL3mumZ4X8,2014-08-12T00:00:00Z,M1,short_rainy,11,Maize,2,2,1,1,,2013-04-20,20.0,4.0,2013.0,1,1.5,900.0,,720000.0,2,,
TZA,Tanzania Forest Conservation Group,36.4463760379053,-7.53483534169035,"L18",MmsqX496Yo9,2014-08-12T00:00:00Z,M1,short_rainy,87,Tomatoes,2,1,2,,,2013-06-15,15.0,6.0,2013.0,1,1.0,2400.0,,800000.0,1,32000.0,2
TZA,Tanzania Forest Conservation Group,34.8481422428861,-8.53911341077989,"L10",ZAXs3MY83J,2014-08-13T00:00:00Z,M2,long_rainy,11,Maize,1,,1,1,,2012-12-12,12.0,12.0,2012.0,1,1.2,200.0,,80000.0,2,,
TZA,Tanzania Forest Conservation Group,36.4463760379053,-7.53483534169035,"L18",M2LVH9ENy79,2014-08-13T00:00:00Z,M1,long_rainy,11,Maize,1,,2,,,2013-01-05,5.0,1.0,2013.0,1,0.5,160.0,,80000.0,2,,
TZA,Tanzania Forest Conservation Group,31.7140544443077,-7.93601976329183,"L03",vCAfAwy9KTA,2014-12-09T00:00:00Z,M2,long_rainy,23,Irish potatoes,1,,1,1,,2013-10-07,7.0,10.0,2013.0,1,1.5,1200.0,,90000.0,2,,
TZA,Tanzania Forest Conservation Group,31.7140544443077,-7.93601976329183,"L03",KyapRja3Pi6,2014-12-28T00:00:00Z,M3,long_rainy,11,Maize,1,,2,,,2013-12-05,5.0,12.0,2013.0,1,0.2,200.0,,30000.0,2,,
TZA,Tanzania Forest Conservation Group,36.4463760379053,-7.53483534169035,"L18",6NYkNXf4fW6,2014-08-12T00:00:00Z,M1,long_rainy,11,Maize,2,1,1,2,,2013-01-18,18.0,1.0,2013.0,1,0.5,180.0,,63000.0,2,,
TZA,Tanzania Forest Conservation Group,38.7492089681939,-8.14419444155308,"L22",5oGmpb8QJLA,2015-09-09T00:00:00Z,M1,long_rainy,21,Cassava,1,,2,,,2013-12-05,5.0,12.0,2013.0,1,1.8,600.0,1,500000.0,2,,
TZA,Tanzania Forest Conservation Group,36.4463760379053,-7.53483534169035,"L18",JsmhauRP8E9,2014-08-14T00:00:00Z,M1,long_rainy,11,Maize,1,,1,1,,2013-01-20,20.0,1.0,2013.0,1,4.0,3000.0,,1200000.0,1,12000.0,2
TZA,Tanzania Forest Conservation Group,38.7492089681939,-8.14419444155308,"L22",8pbKc5jDHS6,2015-09-02T00:00:00Z,M1,long_rainy,12,Paddy,1,,2,,,2015-12-28,28.0,12.0,2015.0,1,0.9,750.0,1,281000.0,2,,
TZA,Tanzania Forest Conservation Group,36.4463760379053,-7.53483534169035,"L18",GZButysJgS4,2013-10-16T00:00:00Z,M1,short_rainy,26,Onions,2,2,1,1,,2013-05-30,30.0,5.0,2013.0,1,1.0,400.0,,4000000.0,1,20000.0,1
TZA,Tanzania Forest Conservation Group,31.7140544443077,-7.93601976329183,"L03",x3YWH9QUug,2014-12-10T00:00:00Z,M3,long_rainy,11,Maize,1,,2,,,2013-12-09,9.0,12.0,2013.0,1,2.5,960.0,,144000.0,2,,
TZA,Tanzania Forest Conservation Group,34.3167307654591,-8.60363144569888,"L20",G8pqkT9RvZB,2015-01-15T00:00:00Z,M3,long_rainy,12,Paddy,1,,2,,,2014-01-09,9.0,1.0,2014.0,1,4.9,4000.0,,1250000.0,2,,
TZA,Tanzania Forest Conservation Group,31.7140544443077,-7.93601976329183,"L03",ZaEAz3d3Dr6,2014-12-10T00:00:00Z,M2,long_rainy,11,Maize,2,1,2,,,2013-11-26,26.0,11.0,2013.0,1,2.35,720.0,,126000.0,2,,
TZA,Tanzania Forest Conservation Group,34.3167307654591,-8.60363144569888,"L20",zRYovaahru9,2015-01-14T00:00:00Z,M1,long_rainy,12,Paddy,1,,2,,,2013-12-28,28.0,12.0,2013.0,1,11.5,28800.0,,10400000.0,1,180000.0,1
TZA,Tanzania Forest Conservation Group,34.6613285529092,-10.0674212512047,"L11",fMF9APviXm9,2015-08-11T00:00:00Z,M1,long_rainy,11,Maize,1,,1,1,,2013-12-19,19.0,12.0,2013.0,1,4.2,7560.0,1,2268000.0,1,120000.0,2
TZA,Tanzania Forest Conservation Group,34.6613285529092,-10.0674212512047,"L11",ywS4MJJe4cB,2015-08-05T00:00:00Z,M1,long_rainy,11,Maize,1,,1,1,,2013-11-06,6.0,11.0,2013.0,1,2.2,1200.0,1,180000.0,2,,
TZA,Tanzania Forest Conservation Group,31.7140544443077,-7.93601976329183,"L03",KkYJfxvuWf6,2014-12-24T00:00:00Z,M2,long_rainy,11,Maize,1,,1,1,,2013-12-01,1.0,12.0,2013.0,1,1.4,480.0,,96000.0,2,,
TZA,Tanzania Forest Conservation Group,38.7492089681939,-8.14419444155308,"L22",RfzDYcp8cy2,2015-08-10T00:00:00Z,M1,long_rainy,11,Maize,,,2,,,2014-11-27,27.0,11.0,2014.0,1,0.8,100.0,1,62500.0,2,,
TZA,Tanzania Forest Conservation Group,38.7492089681939,-8.14419444155308,"L22",BVUEfqZQ6KA,2015-09-09T00:00:00Z,M1,long_rainy,21,Cassava,1,,2,,,2015-03-03,3.0,3.0,2015.0,1,0.6,1000.0,1,400000.0,2,,
TZA,Tanzania Forest Conservation Group,34.3167307654591,-8.60363144569888,"L20",EnufChhcvN6,2015-01-14T00:00:00Z,M1,long_rainy,12,Paddy,1,,2,,,2014-04-03,3.0,4.0,2014.0,1,3.7,8640.0,,2880000.0,2,,
TZA,Tanzania Forest Conservation Group,38.7492089681939,-8.14419444155308,"L22",fxSB64jdaSA,2015-08-10T00:00:00Z,M2,long_rainy,12,Paddy,1,,2,,,2013-12-01,1.0,12.0,2013.0,1,2.3,300.0,1,85200.0,2,,
TZA,Tanzania Forest Conservation Group,34.3167307654591,-8.60363144569888,"L20",Qrakmh9TAb7,2015-01-14T00:00:00Z,M1,long_rainy,12,Paddy,1,,2,,,2014-03-18,18.0,3.0,2014.0,1,3.9,9360.0,,3120000.0,2,,
TZA,Tanzania Forest Conservation Group,34.6613285529092,-10.0674212512047,"L11",kqzsJGqsJH5,2015-08-31T00:00:00Z,M2,long_rainy,11,Maize,1,,2,,,2013-12-15,15.0,12.0,2013.0,1,4.0,3780.0,1,900000.0,1,28000.0,2
TZA,Tanzania Forest Conservation Group,31.7140544443077,-7.93601976329183,"L03",41YTq8opiW8,2015-04-14T00:00:00Z,M1,long_rainy,11,Maize,1,,2,,,2013-12-03,3.0,12.0,2013.0,1,1.1,1760.0,,242000.0,2,,
TZA,Tanzania Forest Conservation Group,34.6613285529092,-10.0674212512047,"L11",JADsmRVzNUA,2015-08-04T00:00:00Z,M1,long_rainy,11,Maize,1,,1,1,,2013-12-12,12.0,12.0,2013.0,1,0.4,420.0,1,84000.0,2,,
TZA,Tanzania Forest Conservation Group,31.7140544443077,-7.93601976329183,"L03",XaYWTVN67N4,2014-12-28T00:00:00Z,M3,long_rainy,11,Maize,1,,1,2,,2013-12-04,4.0,12.0,2013.0,1,0.6,320.0,,52000.0,2,,
TZA,Tanzania Forest Conservation Group,38.7492089681939,-8.14419444155308,"L22",9uri5wypzL4,2015-12-09T00:00:00Z,M3,long_rainy,42,Sesame/Simsim,1,,2,,,2014-02-03,3.0,2.0,2014.0,1,0.6,100.0,1,250000.0,2,,
TZA,Tanzania Forest Conservation Group,36.5229650139842,-8.09763085083975,"L19",yzbJgVuQFv2,2014-08-09T00:00:00Z,M1,long_rainy,11,Maize,1,,2,,,2013-01-28,28.0,1.0,2013.0,1,3.0,1000.0,,350000.0,2,,
TZA,Tanzania Forest Conservation Group,34.6613285529092,-10.0674212512047,"L11",nEEs7UdXKf6,2015-08-08T00:00:00Z,M1,long_rainy,11,Maize,1,,2,,,2013-12-15,15.0,12.0,2013.0,1,2.0,1680.0,1,252000.0,2,,
TZA,Tanzania Forest Conservation Group,34.6613285529092,-10.0674212512047,"L11",8bfdq81qVM8,2015-09-13T00:00:00Z,M1,long_rainy,11,Maize,1,,1,2a,,2013-12-12,12.0,12.0,2013.0,1,0.3,40.0,1,15000.0,2,,
TZA,Tanzania Forest Conservation Group,31.7140544443077,-7.93601976329183,"L03",N5cedWi9F35,2014-12-18T00:00:00Z,M1,long_rainy,11,Maize,1,,2,,,2013-11-15,15.0,11.0,2013.0,1,7.0,4800.0,,840000.0,1,27000.0,2
TZA,Tanzania Forest Conservation Group,34.3167307654591,-8.60363144569888,"L20",JbsDyyJEsp2,2015-01-14T00:00:00Z,M2,long_rainy,11,Maize,1,,1,1,,2013-12-22,22.0,12.0,2013.0,1,6.0,900.0,,250000.0,2,,
TZA,Tanzania Forest Conservation Group,34.8481422428861,-8.53911341077989,"L10",gULVGjZq1b6,2014-08-12T00:00:00Z,M2,long_rainy,11,Maize,1,,2,,,2012-12-16,16.0,12.0,2012.0,1,2.9,1000.0,,350000.0,2,,
TZA,Tanzania Forest Conservation Group,34.6613285529092,-10.0674212512047,"L11",ywS4MJJe4cB,2015-08-05T00:00:00Z,M3,short_rainy,60,sugar Cane,1,,1,1,,2012-05-09,9.0,5.0,2012.0,1,1.1,80.0,1,100000.0,2,,
TZA,Tanzania Forest Conservation Group,34.3167307654591,-8.60363144569888,"L20",EhEwHyqcgE7,2014-12-18T00:00:00Z,M1,long_rainy,11,Maize,2,3,2,,,2013-12-28,28.0,12.0,2013.0,1,0.5,180.0,,50000.0,2,,
TZA,Tanzania Forest Conservation Group,34.8481422428861,-8.53911341077989,"L10",SUdaBvN6yMB,2014-08-12T00:00:00Z,M2,long_rainy,11,Maize,1,,1,1,,2012-12-11,11.0,12.0,2012.0,1,2.0,1200.0,,420000.0,2,,
TZA,Tanzania Forest Conservation Group,34.3167307654591,-8.60363144569888,"L20",Vuke4bM37hA,2014-12-18T00:00:00Z,M2,long_rainy,60,sugar Cane,2,2,1,2,,2012-04-09,9.0,4.0,2012.0,1,1.0,5000.0,,2500000.0,2,,
TZA,Tanzania Forest Conservation Group,38.7492089681939,-8.14419444155308,"L22",4NfJeixyr6A,2015-08-08T00:00:00Z,M1,long_rainy,12,Paddy,1,,2,,,2013-12-19,19.0,12.0,2013.0,1,1.3,400.0,1,200000.0,2,,
TZA,Tanzania Forest Conservation Group,34.3167307654591,-8.60363144569888,"L20",PrddN7Eh7v3,2014-09-23T00:00:00Z,M1,long_rainy,11,Maize,1,,2,,,2013-12-10,10.0,12.0,2013.0,1,1.5,700.0,,175000.0,1,12500.0,2
TZA,Tanzania Forest Conservation Group,34.3167307654591,-8.60363144569888,"L20",65WUiskq7g6,2014-10-04T00:00:00Z,M1,long_rainy,11,Maize,1,,1,2,,2013-11-20,20.0,11.0,2013.0,1,18.8,3240.0,,900000.0,2,,
TZA,Tanzania Forest Conservation Group,34.8481422428861,-8.53911341077989,"L10",SUdaBvN6yMB,2014-08-12T00:00:00Z,M1,long_rainy,11,Maize,2,3,1,1,,2012-12-05,5.0,12.0,2012.0,1,1.5,800.0,,280000.0,2,,
TZA,Tanzania Forest Conservation Group,38.7492089681939,-8.14419444155308,"L22",Qapm2uWHFt5,2015-09-09T00:00:00Z,M2,long_rainy,21,Cassava,1,,1,1,,2014-02-02,2.0,2.0,2014.0,1,1.0,50.0,1,20000.0,2,,
TZA,Tanzania Forest Conservation Group,38.7492089681939,-8.14419444155308,"L22",qKTwmCQoWz5,2015-08-11T00:00:00Z,M1,short_rainy,46,Cashew nut,2,2,2,,,2006-03-07,7.0,3.0,2006.0,2,,,,,2,,
TZA,Tanzania Forest Conservation Group,38.7492089681939,-8.14419444155308,"L22",X9YiaEDanB7,2015-08-08T00:00:00Z,M1,long_rainy,21,Cassava,1,,2,,,2013-11-10,10.0,11.0,2013.0,1,1.1,500.0,1,150000.0,2,,
TZA,Tanzania Forest Conservation Group,31.7140544443077,-7.93601976329183,"L03",kjuUHkF5wTB,2014-12-09T00:00:00Z,M1,long_rainy,11,Maize,1,,1,1,,2013-12-20,20.0,12.0,2013.0,1,0.6,480.0,,96000.0,1,24000.0,2
TZA,Tanzania Forest Conservation Group,31.7140544443077,-7.93601976329183,"L03",ZAZu9eYNzaA,2014-12-28T00:00:00Z,M3,long_rainy,11,Maize,1,,1,1,,2013-11-25,25.0,11.0,2013.0,1,2.4,720.0,,180000.0,1,24000.0,2
TZA,Tanzania Forest Conservation Group,31.7140544443077,-7.93601976329183,"L03",onVKoJG2AfA,2014-12-27T00:00:00Z,M1,long_rainy,11,Maize,1,,1,1,,2013-11-22,22.0,11.0,2013.0,1,2.7,960.0,,240000.0,1,24000.0,2
TZA,Tanzania Forest Conservation Group,31.7140544443077,-7.93601976329183,"L03",8RDtceCXmi7,2014-12-09T00:00:00Z,M1,long_rainy,11,Maize,1,,2,,,2013-12-05,5.0,12.0,2013.0,1,3.1,1560.0,,260000.0,2,,
TZA,Tanzania Forest Conservation Group,36.4463760379053,-7.53483534169035,"L18",vvfZmP19Kx,2014-08-13T00:00:00Z,M2,short_rainy,26,Onions,1,,2,,,2013-07-15,15.0,7.0,2013.0,1,0.5,320.0,,90000.0,1,25000.0,1
TZA,Tanzania Forest Conservation Group,34.6613285529092,-10.0674212512047,"L11",RnWd36XhwD2,2015-08-07T00:00:00Z,M1,long_rainy,11,Maize,1,,1,1,,2013-11-18,18.0,11.0,2013.0,1,1.0,840.0,1,126000.0,2,,
TZA,Tanzania Forest Conservation Group,34.3167307654591,-8.60363144569888,"L20",wtdrsEsEBX2,2014-09-28T00:00:00Z,M2,long_rainy,12,Paddy,1,,2,,,2014-01-20,20.0,1.0,2014.0,1,2.2,10440.0,,3480000.0,1,60000.0,1
TZA,Tanzania Forest Conservation Group,34.8481422428861,-8.53911341077989,"L10",Gc14tmsJ7A3,2014-08-12T00:00:00Z,M1,long_rainy,11,Maize,1,,1,1,,2012-12-25,25.0,12.0,2012.0,1,3.9,300.0,,105000.0,2,,
TZA,Tanzania Forest Conservation Group,34.6613285529092,-10.0674212512047,"L11",kqzsJGqsJH5,2015-08-31T00:00:00Z,M3,long_rainy,31,Beans,1,,2,,,2013-12-18,18.0,12.0,2013.0,1,1.6,126.0,1,126000.0,2,,
TZA,Tanzania Forest Conservation Group,36.5229650139842,-8.09763085083975,"L19",XDQ9iJinQy9,2014-08-11T00:00:00Z,M1,long_rainy,11,Maize,2,2,2,,,2013-11-13,13.0,11.0,2013.0,2,,,,,2,,
TZA,Tanzania Forest Conservation Group,34.8481422428861,-8.53911341077989,"L10",6gioKTgu1a9,2014-08-12T00:00:00Z,M3,long_rainy,11,Maize,1,,1,2,,2013-01-11,11.0,1.0,2013.0,1,0.5,480.0,,240000.0,2,,
TZA,Tanzania Forest Conservation Group,34.3167307654591,-8.60363144569888,"L20",zRYovaahru9,2014-09-30T00:00:00Z,M1,long_rainy,12,Paddy,1,,2,,,2014-12-28,28.0,12.0,2014.0,1,11.5,28800.0,,10400000.0,1,180000.0,1
TZA,Tanzania Forest Conservation Group,34.8481422428861,-8.53911341077989,"L10",Br9y98ZGdk8,2014-08-13T00:00:00Z,M1,long_rainy,11,Maize,1,,1,1,,2012-12-01,1.0,12.0,2012.0,1,0.8,420.0,,210000.0,2,,
TZA,Tanzania Forest Conservation Group,34.8481422428861,-8.53911341077989,"L10",mWbvKsGPM14,2014-08-12T00:00:00Z,M1,long_rainy,11,Maize,2,1,1,2,,2012-12-23,23.0,12.0,2012.0,1,4.5,800.0,,280000.0,2,,
TZA,Tanzania Forest Conservation Group,34.3167307654591,-8.60363144569888,"L20",yE1Xsrhzmk8,2014-10-09T00:00:00Z,M2,long_rainy,11,Maize,1,,1,1,,2013-12-11,11.0,12.0,2013.0,1,1.9,800.0,,200000.0,2,,
TZA,Tanzania Forest Conservation Group,36.4463760379053,-7.53483534169035,"L18",M2LVH9ENy79,2014-08-13T00:00:00Z,M1,short_rainy,26,Onions,2,2,2,,,2013-04-23,23.0,4.0,2013.0,1,0.25,1800.0,,500000.0,2,,
TZA,Tanzania Forest Conservation Group,34.8481422428861,-8.53911341077989,"L10",6gioKTgu1a9,2014-08-12T00:00:00Z,M1,long_rainy,11,Maize,2,2,1,2,,2012-12-17,17.0,12.0,2012.0,1,0.75,150.0,,75000.0,2,,
TZA,Tanzania Forest Conservation Group,34.8481422428861,-8.53911341077989,"L10",qP3BigSRj28,2014-08-12T00:00:00Z,M1,long_rainy,11,Maize,1,,1,1,,2012-12-10,10.0,12.0,2012.0,1,1.1,140.0,,49000.0,2,,
TZA,Tanzania Forest Conservation Group,31.7140544443077,-7.93601976329183,"L03",5R7zjWiS4o,2014-12-24T00:00:00Z,M1,long_rainy,11,Maize,1,,2,,,2013-11-10,10.0,11.0,2013.0,1,0.4,1080.0,,144000.0,2,,
TZA,Tanzania Forest Conservation Group,34.6613285529092,-10.0674212512047,"L11",ZC9BxGQiLT8,2015-08-31T00:00:00Z,M2,long_rainy,11,Maize,1,,2,,,2014-01-01,1.0,1.0,2014.0,1,1.3,540.0,1,120000.0,2,,
TZA,Tanzania Forest Conservation Group,34.8481422428861,-8.53911341077989,"L10",SGWnjCX1hJ3,2014-08-12T00:00:00Z,M2,long_rainy,11,Maize,1,,2,,,2012-11-28,28.0,11.0,2012.0,1,0.8,300.0,,105000.0,1,10000.0,2
TZA,Tanzania Forest Conservation Group,34.3167307654591,-8.60363144569888,"L20",iRjEJTUQTW4,2014-09-27T00:00:00Z,M3,long_rainy,14,Bulrush Millet,1,,2,,,2013-12-01,1.0,12.0,2013.0,1,1.4,180.0,,40000.0,2,,
TZA,Tanzania Forest Conservation Group,38.7492089681939,-8.14419444155308,"L22",WEJAJe36mh4,2015-08-10T00:00:00Z,M2,long_rainy,12,Paddy,1,,2,,,2014-01-01,1.0,1.0,2014.0,1,1.0,600.0,1,175000.0,2,,
TZA,Tanzania Forest Conservation Group,38.7492089681939,-8.14419444155308,"L22",An4VyekaKi6,2015-08-10T00:00:00Z,M2,long_rainy,12,Paddy,1,,2,,,2013-01-01,1.0,1.0,2013.0,1,1.2,400.0,1,160000.0,2,,
TZA,Tanzania Forest Conservation Group,31.7140544443077,-7.93601976329183,"L03",hfEUg9n1AW4,2014-12-28T00:00:00Z,M4,long_rainy,31,Beans,1,,2,,,2014-03-03,3.0,3.0,2014.0,1,1.5,540.0,,450000.0,2,,
TZA,Tanzania Forest Conservation Group,34.3167307654591,-8.60363144569888,"L20",RbeUER44T9B,2014-09-28T00:00:00Z,M1,long_rainy,12,Paddy,1,,2,,,2014-01-15,15.0,1.0,2014.0,1,4.9,9000.0,,3250000.0,2,,
TZA,Tanzania Forest Conservation Group,31.7140544443077,-7.93601976329183,"L03",yLS96zjnvX6,2014-12-18T00:00:00Z,M4,long_rainy,11,Maize,1,,2,,,2011-09-07,7.0,9.0,2011.0,2,,,,,1,100000.0,2
TZA,Tanzania Forest Conservation Group,34.6613285529092,-10.0674212512047,"L11",ckvwCyqWX59,2015-08-05T00:00:00Z,M2,long_rainy,11,Maize,1,,1,1,,2014-01-03,3.0,1.0,2014.0,1,0.9,560.0,1,140000.0,1,19000.0,2
TZA,Tanzania Forest Conservation Group,34.6613285529092,-10.0674212512047,"L11",ywS4MJJe4cB,2015-08-05T00:00:00Z,M4,long_rainy,11,Maize,1,,1,1,,2013-11-07,7.0,11.0,2013.0,1,0.2,120.0,1,18000.0,2,,
TZA,Tanzania Forest Conservation Group,36.4463760379053,-7.53483534169035,"L18",GZButysJgS4,2013-10-16T00:00:00Z,M1,long_rainy,11,Maize,1,,1,2,,2013-01-20,20.0,1.0,2013.0,1,4.0,3000.0,,1200000.0,1,12000.0,2
TZA,Tanzania Forest Conservation Group,34.8481422428861,-8.53911341077989,"L10",kRcrpHwnrk4,2014-08-12T00:00:00Z,M1,long_rainy,11,Maize,1,,1,1,,2012-12-21,21.0,12.0,2012.0,1,1.0,150.0,,52000.0,2,,
TZA,Tanzania Forest Conservation Group,31.7140544443077,-7.93601976329183,"L03",KkYJfxvuWf6,2014-12-24T00:00:00Z,M1,long_rainy,11,Maize,1,,2,,,2013-11-03,3.0,11.0,2013.0,1,1.4,120.0,,24000.0,2,,
TZA,Tanzania Forest Conservation Group,34.3167307654591,-8.60363144569888,"L20",QokjJw6sDKB,2014-09-27T00:00:00Z,M2,long_rainy,12,Paddy,1,,2,,,2014-02-15,15.0,2.0,2014.0,1,1.0,1980.0,,605000.0,2,,
TZA,Tanzania Forest Conservation Group,36.4463760379053,-7.53483534169035,"L18",sApJeip8V38,2014-08-14T00:00:00Z,M1,long_rainy,11,Maize,1,,2,,,2012-12-27,27.0,12.0,2012.0,1,0.5,400.0,,200000.0,2,,
TZA,Tanzania Forest Conservation Group,31.7140544443077,-7.93601976329183,"L03",JdnGCqPhcWB,2014-12-09T00:00:00Z,M3,long_rainy,16,Wheat,1,,2,,,2014-02-26,26.0,2.0,2014.0,1,3.1,1440.0,,720000.0,2,,
TZA,Tanzania Forest Conservation Group,34.8481422428861,-8.53911341077989,"L10",6gioKTgu1a9,2014-08-12T00:00:00Z,M2,long_rainy,11,Maize,1,,1,2,,2013-01-13,13.0,1.0,2013.0,1,1.6,320.0,,160000.0,2,,
TZA,Tanzania Forest Conservation Group,34.6613285529092,-10.0674212512047,"L11",2tw7sF6jPB4,2015-08-31T00:00:00Z,M3,long_rainy,11,Maize,1,,2,,,2013-12-20,20.0,12.0,2013.0,1,1.5,2520.0,1,308000.0,2,,
TZA,Tanzania Forest Conservation Group,34.8481422428861,-8.53911341077989,"L10",nZ3uwA7syq7,2014-08-12T00:00:00Z,M1,long_rainy,11,Maize,2,3,1,1,,2012-12-05,5.0,12.0,2012.0,1,2.9,100.0,,30000.0,2,,
TZA,Tanzania Forest Conservation Group,34.3167307654591,-8.60363144569888,"L20",Vuke4bM37hA,2014-12-18T00:00:00Z,M1,long_rainy,12,Paddy,1,,2,,,2014-01-06,6.0,1.0,2014.0,1,3.0,8800.0,,2750000.0,2,,
TZA,Tanzania Forest Conservation Group,34.8481422428861,-8.53911341077989,"L10",VpdWTmuL8k8,2014-08-13T00:00:00Z,M2,long_rainy,11,Maize,1,,1,2,,2012-12-05,5.0,12.0,2012.0,1,1.6,100.0,,35000.0,2,,
TZA,Tanzania Forest Conservation Group,31.7140544443077,-7.93601976329183,"L03",XaYWTVN67N4,2014-12-28T00:00:00Z,M4,long_rainy,11,Maize,1,,1,2,,2013-12-15,15.0,12.0,2013.0,1,2.5,960.0,,156000.0,2,,
TZA,Tanzania Forest Conservation Group,31.7140544443077,-7.93601976329183,"L03",Goj6tydZtp2,2014-12-27T00:00:00Z,M4,long_rainy,11,Maize,1,,1,1,,2013-12-15,15.0,12.0,2013.0,1,1.4,1190.0,,154000.0,1,70000.0,2
TZA,Tanzania Forest Conservation Group,36.5229650139842,-8.09763085083975,"L19",zddQBRJke87,2014-08-11T00:00:00Z,M2,long_rainy,11,Maize,1,,1,2,,2013-01-29,29.0,1.0,2013.0,1,3.4,4000.0,,160000.0,2,,
TZA,Tanzania Forest Conservation Group,38.7492089681939,-8.14419444155308,"L22",mzUJUxpe7c4,2015-08-11T00:00:00Z,M1,long_rainy,11,Maize,1,,2,,,2013-07-10,10.0,7.0,2013.0,1,1.0,100.0,1,60000.0,2,,
TZA,Tanzania Forest Conservation Group,34.6613285529092,-10.0674212512047,"L11",JADsmRVzNUA,2015-08-04T00:00:00Z,M2,long_rainy,11,Maize,1,,1,1,,2013-12-14,14.0,12.0,2013.0,1,0.3,420.0,1,84000.0,2,,
TZA,Tanzania Forest Conservation Group,34.8481422428861,-8.53911341077989,"L10",VpdWTmuL8k8,2014-08-13T00:00:00Z,M1,long_rainy,11,Maize,1,,2,,,2012-11-15,15.0,11.0,2012.0,1,0.5,80.0,,28000.0,2,,
TZA,Tanzania Forest Conservation Group,31.7140544443077,-7.93601976329183,"L03",8RDtceCXmi7,2014-12-09T00:00:00Z,M2,long_rainy,11,Maize,1,,1,1,,2013-12-16,16.0,12.0,2013.0,1,1.6,240.0,,40000.0,2,,
TZA,Tanzania Forest Conservation Group,34.6613285529092,-10.0674212512047,"L11",i6gRP4KTv4B,2015-08-04T00:00:00Z,M1,long_rainy,11,Maize,1,,1,1,,2013-12-16,16.0,12.0,2013.0,1,0.5,300.0,1,45000.0,2,,
TZA,Tanzania Forest Conservation Group,34.6613285529092,-10.0674212512047,"L11",ywS4MJJe4cB,2015-08-05T00:00:00Z,M2,long_rainy,11,Maize,1,,1,1,,2013-11-07,7.0,11.0,2013.0,1,0.2,120.0,1,18000.0,2,,
TZA,Tanzania Forest Conservation Group,36.4463760379053,-7.53483534169035,"L18",vvfZmP19Kx,2014-08-13T00:00:00Z,M2,long_rainy,26,Onions,1,,1,1,,2013-02-14,14.0,2.0,2013.0,1,0.8,320.0,,90000.0,1,25000.0,1
TZA,Tanzania Forest Conservation Group,38.7492089681939,-8.14419444155308,"L22",fxSB64jdaSA,2015-08-10T00:00:00Z,M1,long_rainy,21,Cassava,1,,2,,,2014-12-20,20.0,12.0,2014.0,1,0.7,250.0,1,50000.0,2,,
TZA,Tanzania Forest Conservation Group,34.8481422428861,-8.53911341077989,"L10",LwsCZHjGPqA,2014-09-13T00:00:00Z,M2,long_rainy,11,Maize,1,,1,2,,2012-12-06,6.0,12.0,2012.0,1,1.0,100.0,,100000.0,2,,
TZA,Tanzania Forest Conservation Group,36.5229650139842,-8.09763085083975,"L19",mUFTDYR9Aj,2014-08-11T00:00:00Z,M1,long_rainy,11,Maize,1,,1,1,,2013-01-01,1.0,1.0,2013.0,1,7.0,540.0,,450000.0,1,50000.0,2
TZA,Tanzania Forest Conservation Group,31.7140544443077,-7.93601976329183,"L03",JdnGCqPhcWB,2014-12-09T00:00:00Z,M2,long_rainy,16,Wheat,1,,1,1,,2014-02-25,25.0,2.0,2014.0,1,0.8,360.0,,180000.0,2,,
TZA,Tanzania Forest Conservation Group,34.8481422428861,-8.53911341077989,"L10",Br9y98ZGdk8,2014-08-13T00:00:00Z,M2,long_rainy,22,Sweet Potatoes,1,,1,1,,2012-12-03,3.0,12.0,2012.0,1,0.6,160.0,,80000.0,2,,
TZA,Tanzania Forest Conservation Group,38.7492089681939,-8.14419444155308,"L22",yku5wXeXnu9,2015-08-08T00:00:00Z,M1,long_rainy,11,Maize,1,,1,1,,2013-12-15,15.0,12.0,2013.0,1,0.3,0.0,1,0.0,2,,
TZA,Tanzania Forest Conservation Group,34.6613285529092,-10.0674212512047,"L11",2tw7sF6jPB4,2015-08-31T00:00:00Z,M2,long_rainy,11,Maize,1,,1,2,,2013-12-15,15.0,12.0,2013.0,1,4.9,630.0,1,110000.0,2,,
TZA,Tanzania Forest Conservation Group,34.6613285529092,-10.0674212512047,"L11",VTttxxMVpA7,2015-08-07T00:00:00Z,M1,long_rainy,11,Maize,1,,2,,,2013-01-21,21.0,1.0,2013.0,1,0.5,480.0,1,48000.0,2,,
TZA,Tanzania Forest Conservation Group,38.7492089681939,-8.14419444155308,"L22",73M3dsnzvJ7,2015-08-10T00:00:00Z,M2,short_rainy,11,Maize,1,,1,1,,2014-05-15,15.0,5.0,2014.0,1,1.1,1750.0,1,750000.0,2,,
TZA,Tanzania Forest Conservation Group,31.7140544443077,-7.93601976329183,"L03",5R7zjWiS4o,2014-12-24T00:00:00Z,M2,long_rainy,16,Wheat,1,,2,,,2014-02-08,8.0,2.0,2014.0,1,3.3,480.0,,240000.0,2,,
TZA,Tanzania Forest Conservation Group,36.4463760379053,-7.53483534169035,"L18",vvfZmP19Kx,2014-08-13T00:00:00Z,M1,long_rainy,11,Maize,1,,2,,,2013-03-10,10.0,3.0,2013.0,1,0.5,280.0,,127000.0,1,300.0,1
TZA,Tanzania Forest Conservation Group,31.7140544443077,-7.93601976329183,"L03",Nt5ok1nPNM7,2014-12-18T00:00:00Z,M2,long_rainy,11,Maize,1,,1,1,,2013-12-10,10.0,12.0,2013.0,1,1.7,360.0,,540000.0,2,,
TZA,Tanzania Forest Conservation Group,31.7140544443077,-7.93601976329183,"L03",utcTs5LcPQ7,2014-12-10T00:00:00Z,M4,long_rainy,16,Wheat,1,,2,,,2014-03-03,3.0,3.0,2014.0,1,2.6,1200.0,,750000.0,2,,
TZA,Tanzania Forest Conservation Group,34.3167307654591,-8.60363144569888,"L20",mdqRMX9AQF6,2014-09-24T00:00:00Z,M1,long_rainy,12,Paddy,1,,2,,,2013-12-07,7.0,12.0,2013.0,1,0.9,569.0,,350000.0,2,,
TZA,Tanzania Forest Conservation Group,38.7492089681939,-8.14419444155308,"L22",2tg6ar7zuS5,2015-09-13T00:00:00Z,M1,long_rainy,12,Paddy,1,,2,,,2014-01-02,2.0,1.0,2014.0,1,1.5,550.0,1,165000.0,2,,
TZA,Tanzania Forest Conservation Group,36.4463760379053,-7.53483534169035,"L18",7GEs4txMBL9,2014-08-14T00:00:00Z,M2,long_rainy,31,Beans,1,,2,,,2013-03-05,5.0,3.0,2013.0,1,0.26,40.0,,50000.0,1,4500.0,1
TZA,Tanzania Forest Conservation Group,36.5229650139842,-8.09763085083975,"L19",4LtjetWmyU6,2014-08-11T00:00:00Z,M1,short_rainy,304,Timber,1,,2,,,2012-12-23,23.0,12.0,2012.0,2,,,,,2,,
TZA,Tanzania Forest Conservation Group,31.7140544443077,-7.93601976329183,"L03",Nt5ok1nPNM7,2014-12-18T00:00:00Z,M2,short_rainy,11,Maize,1,,1,1,,2014-08-05,5.0,8.0,2014.0,2,,,,,1,800.0,2
TZA,Tanzania Forest Conservation Group,36.5229650139842,-8.09763085083975,"L19",QnVf7PaErv,2014-08-12T00:00:00Z,M1,long_rainy,11,Maize,1,,2,,,2013-02-06,6.0,2.0,2013.0,1,0.91,600.0,,210000.0,2,,
TZA,Tanzania Forest Conservation Group,34.6613285529092,-10.0674212512047,"L11",UGrmX3B1xb7,2015-08-30T00:00:00Z,M1,long_rainy,11,Maize,1,,2,,,2013-12-12,12.0,12.0,2013.0,1,1.6,1134.0,1,252000.0,2,,
TZA,Tanzania Forest Conservation Group,36.4463760379053,-7.53483534169035,"L18",KWsyirYykp,2014-08-12T00:00:00Z,M2,long_rainy,11,Maize,1,,1,1,,2012-01-29,29.0,1.0,2012.0,1,0.5,120.0,,72000.0,2,,
TZA,Tanzania Forest Conservation Group,34.8481422428861,-8.53911341077989,"L10",qBummgzDBd8,2014-08-12T00:00:00Z,M1,long_rainy,11,Maize,1,,1,1,,2012-12-20,20.0,12.0,2012.0,1,2.5,160.0,,96000.0,2,,
TZA,Tanzania Forest Conservation Group,31.7140544443077,-7.93601976329183,"L03",Goj6tydZtp2,2014-12-27T00:00:00Z,M1,long_rainy,16,Wheat,1,,2,,,2014-02-15,15.0,2.0,2014.0,1,23.1,3240.0,,1620000.0,1,30000.0,1
TZA,Tanzania Forest Conservation Group,38.7492089681939,-8.14419444155308,"L22",qKTwmCQoWz5,2015-08-11T00:00:00Z,M1,long_rainy,46,Cashew nut,2,2,2,,,2006-03-07,7.0,3.0,2006.0,2,,,,,2,,
TZA,Tanzania Forest Conservation Group,34.3167307654591,-8.60363144569888,"L20",uDCakBEm7VB,2014-09-30T00:00:00Z,M2,long_rainy,11,Maize,2,3,1,1,,2013-12-17,17.0,12.0,2013.0,1,3.5,2400.0,,900000.0,2,,
TZA,Tanzania Forest Conservation Group,31.7140544443077,-7.93601976329183,"L03",MLdLHWK2Qr,2014-12-18T00:00:00Z,M1,long_rainy,11,Maize,2,1,1,1,,2013-12-21,21.0,12.0,2013.0,1,2.5,60.0,,12000.0,2,,
TZA,Tanzania Forest Conservation Group,34.6613285529092,-10.0674212512047,"L11",xcn3a9uEQZB,2015-08-08T00:00:00Z,M1,long_rainy,11,Maize,1,,1,1,,2013-12-12,12.0,12.0,2013.0,1,1.1,700.0,1,175000.0,1,9500.0,2
TZA,Tanzania Forest Conservation Group,31.7140544443077,-7.93601976329183,"L03",41YTq8opiW8,2015-04-14T00:00:00Z,M3,long_rainy,16,Wheat,1,,2,,,2014-03-15,15.0,3.0,2014.0,1,4.5,1440.0,,540000.0,1,100000.0,1
TZA,Tanzania Forest Conservation Group,36.5229650139842,-8.09763085083975,"L19",W5cRAyZKiP3,2014-08-09T00:00:00Z,M2,long_rainy,12,Paddy,1,,2,,,2013-01-05,5.0,1.0,2013.0,1,3.0,2000.0,,800000.0,2,,
TZA,Tanzania Forest Conservation Group,31.7140544443077,-7.93601976329183,"L03",9WWgnSHHAA6,2014-12-18T00:00:00Z,M2,long_rainy,11,Maize,2,2,1,1,,2013-11-17,17.0,11.0,2013.0,1,0.5,360.0,,54000.0,1,8000.0,2
TZA,Tanzania Forest Conservation Group,36.4463760379053,-7.53483534169035,"L18",v2cqtKhhmEB,2014-08-12T00:00:00Z,M1,short_rainy,26,Onions,1,,2,,,2012-07-02,2.0,7.0,2012.0,1,0.25,1760.0,,440000.0,1,45000.0,2
TZA,Tanzania Forest Conservation Group,38.7492089681939,-8.14419444155308,"L22",nD93MDvRgs2,2015-08-05T00:00:00Z,M1,long_rainy,21,Cassava,1,,2,,,2014-11-10,10.0,11.0,2014.0,1,0.3,150.0,1,32000.0,2,,
TZA,Tanzania Forest Conservation Group,34.3167307654591,-8.60363144569888,"L20",65WUiskq7g6,2014-10-04T00:00:00Z,M2,long_rainy,12,Paddy,1,,2,,,2014-01-28,28.0,1.0,2014.0,1,7.6,9000.0,,3000000.0,2,,
TZA,Tanzania Forest Conservation Group,34.6613285529092,-10.0674212512047,"L11",sqDAomp7sVA,2015-08-30T00:00:00Z,M1,long_rainy,11,Maize,1,,2,,,2013-12-05,5.0,12.0,2013.0,1,1.8,2700.0,1,642000.0,2,,
TZA,Tanzania Forest Conservation Group,34.6613285529092,-10.0674212512047,"L11",Xwug52WXRu6,2015-08-11T00:00:00Z,M1,long_rainy,11,Maize,1,,1,1,,2013-12-16,16.0,12.0,2013.0,1,0.4,140.0,1,21000.0,2,,
TZA,Tanzania Forest Conservation Group,34.8481422428861,-8.53911341077989,"L10",N1YUZvnVaG5,2014-08-12T00:00:00Z,M1,long_rainy,11,Maize,1,,1,1,,2012-12-03,3.0,12.0,2012.0,1,1.0,1200.0,,420000.0,1,6000.0,2
TZA,Tanzania Forest Conservation Group,34.3167307654591,-8.60363144569888,"L20",1AHvfwxYcT6,2014-10-03T00:00:00Z,M2,long_rainy,12,Paddy,2,1,2,,,2014-01-09,9.0,1.0,2014.0,1,2.0,4140.0,,1380000.0,1,30000.0,1
TZA,Tanzania Forest Conservation Group,34.8481422428861,-8.53911341077989,"L10",bbQXrXaEo96,2014-08-13T00:00:00Z,M2,long_rainy,11,Maize,1,,2,,,2012-12-29,29.0,12.0,2012.0,1,0.83,200.0,,70000.0,2,,
TZA,Tanzania Forest Conservation Group,38.7492089681939,-8.14419444155308,"L22",yku5wXeXnu9,2015-08-08T00:00:00Z,M2,long_rainy,12,Paddy,1,,2,,,2013-12-18,18.0,12.0,2013.0,1,2.4,0.0,1,0.0,2,,
TZA,Tanzania Forest Conservation Group,36.4463760379053,-7.53483534169035,"L18",KWsyirYykp,2014-08-12T00:00:00Z,M1,long_rainy,11,Maize,1,,1,1,,2012-01-01,1.0,1.0,2012.0,1,1.0,240.0,,144000.0,2,,
TZA,Tanzania Forest Conservation Group,36.4463760379053,-7.53483534169035,"L18",fKYGZhSCHi5,2014-08-12T00:00:00Z,M1,long_rainy,11,Maize,2,1,2,,,2013-01-14,14.0,1.0,2013.0,1,3.0,1200.0,,600000.0,2,,
TZA,Tanzania Forest Conservation Group,34.8481422428861,-8.53911341077989,"L10",2GJh9RvP6U3,2014-08-12T00:00:00Z,M2,long_rainy,11,Maize,1,,1,2,,2012-12-22,22.0,12.0,2012.0,1,0.9,240.0,,96000.0,2,,
TZA,Tanzania Forest Conservation Group,31.7140544443077,-7.93601976329183,"L03",hwqvpwm7Wz7,2014-12-24T00:00:00Z,M1,long_rainy,11,Maize,1,,1,1,,2013-11-05,5.0,11.0,2013.0,1,1.0,840.0,,210000.0,1,40000.0,2
TZA,Tanzania Forest Conservation Group,38.7492089681939,-8.14419444155308,"L22",WEJAJe36mh4,2015-08-10T00:00:00Z,M1,long_rainy,12,Paddy,1,,2,,,2013-12-09,9.0,12.0,2013.0,1,1.0,550.0,1,165000.0,1,10000.0,1
TZA,Tanzania Forest Conservation Group,36.4463760379053,-7.53483534169035,"L18",ayZb55CgmK4,2014-08-13T00:00:00Z,M1,long_rainy,11,Maize,2,2,2,,,2012-12-04,4.0,12.0,2012.0,1,0.25,200.0,,140000.0,2,,
TZA,Tanzania Forest Conservation Group,38.7492089681939,-8.14419444155308,"L22",An4VyekaKi6,2015-08-10T00:00:00Z,M1,short_rainy,11,Maize,1,,1,1,,2013-06-06,6.0,6.0,2013.0,1,0.3,300.0,1,120000.0,1,1200.0,2
TZA,Tanzania Forest Conservation Group,34.6613285529092,-10.0674212512047,"L11",piP7A67YkU7,2015-08-31T00:00:00Z,M2,long_rainy,11,Maize,1,,2,,,2013-12-20,20.0,12.0,2013.0,1,5.5,3150.0,1,750000.0,2,,
TZA,Tanzania Forest Conservation Group,34.8481422428861,-8.53911341077989,"L10",nZ3uwA7syq7,2014-08-12T00:00:00Z,M2,long_rainy,11,Maize,1,,1,1,,2012-12-15,15.0,12.0,2012.0,1,2.4,400.0,,140000.0,2,,
TZA,Tanzania Forest Conservation Group,34.3167307654591,-8.60363144569888,"L20",ZbDwCBkG2A5,2014-10-03T00:00:00Z,M3,long_rainy,14,Bulrush Millet,1,,2,,,2013-12-07,7.0,12.0,2013.0,1,4.9,1000.0,,200000.0,2,,
TZA,Tanzania Forest Conservation Group,34.6613285529092,-10.0674212512047,"L11",8bfdq81qVM8,2015-09-13T00:00:00Z,M3,long_rainy,31,Beans,1,,2,,,2013-12-20,20.0,12.0,2013.0,1,0.5,120.0,1,120000.0,2,,
TZA,Tanzania Forest Conservation Group,34.3167307654591,-8.60363144569888,"L20",yE1Xsrhzmk8,2014-10-09T00:00:00Z,M3,long_rainy,43,Groundnut,1,,2,,,2013-12-13,13.0,12.0,2013.0,1,0.1,100.0,,30000.0,2,,
TZA,Tanzania Forest Conservation Group,34.6613285529092,-10.0674212512047,"L11",ERzfUDJvVr5,2015-08-30T00:00:00Z,M2,long_rainy,31,Beans,1,,2,,,2013-12-15,15.0,12.0,2013.0,1,0.6,126.0,1,280000.0,2,,
TZA,Tanzania Forest Conservation Group,38.7492089681939,-8.14419444155308,"L22",84Tt3igkks,2015-08-04T00:00:00Z,M1,short_rainy,11,Maize,1,,2,,,2013-06-21,21.0,6.0,2013.0,1,0.9,150.0,1,80000.0,2,,
TZA,Tanzania Forest Conservation Group,36.5229650139842,-8.09763085083975,"L19",fUSEvjoZCe,2014-08-11T00:00:00Z,M1,long_rainy,12,Paddy,2,1,1,2,,2013-03-05,5.0,3.0,2013.0,1,1.5,2000.0,,400000.0,2,,
TZA,Tanzania Forest Conservation Group,34.8481422428861,-8.53911341077989,"L10",g2ZqebmF5z8,2014-08-13T00:00:00Z,M1,long_rainy,11,Maize,1,,2,,,2012-12-18,18.0,12.0,2012.0,1,1.5,200.0,,80000.0,2,,
TZA,Tanzania Forest Conservation Group,34.8481422428861,-8.53911341077989,"L10",p5n6hjGyeL,2014-08-12T00:00:00Z,M1,long_rainy,11,Maize,1,,1,other,To reduce weeding cost.,2012-12-05,5.0,12.0,2012.0,1,1.0,1000.0,,450000.0,2,,
TZA,Tanzania Forest Conservation Group,38.7492089681939,-8.14419444155308,"L22",mzUJUxpe7c4,2015-08-11T00:00:00Z,M1,short_rainy,11,Maize,1,,2,,,2014-07-15,15.0,7.0,2014.0,1,1.0,100.0,1,60000.0,2,,
TZA,Tanzania Forest Conservation Group,34.6613285529092,-10.0674212512047,"L11",3bdaYKw2CU5,2015-09-13T00:00:00Z,M1,long_rainy,11,Maize,1,,1,2,,2013-12-03,3.0,12.0,2013.0,1,1.3,504.0,1,120000.0,1,6000.0,1
TZA,Tanzania Forest Conservation Group,34.3167307654591,-8.60363144569888,"L20",VxhDa2qgmM7,2014-09-27T00:00:00Z,M4,long_rainy,12,Paddy,1,,2,,,2014-01-01,1.0,1.0,2014.0,1,2.2,3960.0,,1430000.0,2,,
TZA,Tanzania Forest Conservation Group,31.7140544443077,-7.93601976329183,"L03",yLS96zjnvX6,2014-12-18T00:00:00Z,M3,short_rainy,11,Maize,1,,1,1,,2014-06-22,22.0,6.0,2014.0,2,,,,,1,20000.0,2
TZA,Tanzania Forest Conservation Group,36.4463760379053,-7.53483534169035,"L18",tWqyJcJmuN5,2014-08-12T00:00:00Z,M1,long_rainy,11,Maize,1,,2,,,2012-11-20,20.0,11.0,2012.0,1,0.4,200.0,,160000.0,2,,
TZA,Tanzania Forest Conservation Group,34.6613285529092,-10.0674212512047,"L11",gUGmee9jeJA,2015-08-30T00:00:00Z,M1,long_rainy,11,Maize,1,,2,,,2013-12-23,23.0,12.0,2013.0,1,2.0,1512.0,1,420000.0,1,16000.0,2
TZA,Tanzania Forest Conservation Group,31.7140544443077,-7.93601976329183,"L03",hfEUg9n1AW4,2014-12-28T00:00:00Z,M2,long_rainy,16,Wheat,1,,2,,,2014-02-15,15.0,2.0,2014.0,1,2.0,450.0,,150000.0,2,,
TZA,Tanzania Forest Conservation Group,36.5229650139842,-8.09763085083975,"L19",GV2SBh2drm7,2014-08-11T00:00:00Z,M2,long_rainy,12,Paddy,2,2,2,,,2013-02-08,8.0,2.0,2013.0,1,2.0,2000.0,,1400000.0,2,,
TZA,Tanzania Forest Conservation Group,36.5229650139842,-8.09763085083975,"L19",gpPmZSQZXY5,2014-08-11T00:00:00Z,M1,long_rainy,11,Maize,1,,2,,,2013-02-07,7.0,2.0,2013.0,1,0.5,400.0,,360000.0,2,,
TZA,Tanzania Forest Conservation Group,34.6613285529092,-10.0674212512047,"L11",ZC9BxGQiLT8,2015-08-31T00:00:00Z,M1,long_rainy,11,Maize,1,,2,,,2013-12-16,16.0,12.0,2013.0,1,2.3,54.0,1,12000.0,2,,
TZA,Tanzania Forest Conservation Group,34.6613285529092,-10.0674212512047,"L11",8bfdq81qVM8,2015-09-13T00:00:00Z,M2,long_rainy,11,Maize,1,,1,2a,,2013-12-18,18.0,12.0,2013.0,1,1.4,1440.0,1,240000.0,2,,
TZA,Tanzania Forest Conservation Group,36.4463760379053,-7.53483534169035,"L18",xkrLWnDGpw7,2014-08-13T00:00:00Z,M1,long_rainy,11,Maize,1,,2,,,2013-01-02,2.0,1.0,2013.0,1,1.0,100.0,,48000.0,2,,
TZA,Tanzania Forest Conservation Group,36.5229650139842,-8.09763085083975,"L19",jiVQaMk2ZR,2014-08-11T00:00:00Z,M1,long_rainy,12,Paddy,1,,2,,,2013-01-20,20.0,1.0,2013.0,1,6.0,5800.0,,2610000.0,2,,
TZA,Tanzania Forest Conservation Group,31.7140544443077,-7.93601976329183,"L03",41YTq8opiW8,2014-12-24T00:00:00Z,M1,long_rainy,11,Maize,1,,2,,,2013-12-03,3.0,12.0,2013.0,1,1.1,1760.0,,242000.0,2,,
TZA,Tanzania Forest Conservation Group,36.4463760379053,-7.53483534169035,"L18",ayZb55CgmK4,2014-08-13T00:00:00Z,M1,short_rainy,87,Tomatoes,2,2,1,1,,2013-07-08,8.0,7.0,2013.0,2,,,,,2,,
TZA,Tanzania Forest Conservation Group,36.5229650139842,-8.09763085083975,"L19",4FP6ukTTsQ8,2014-08-11T00:00:00Z,M1,long_rainy,12,Paddy,1,,2,,,2013-02-10,10.0,2.0,2013.0,1,1.0,200.0,,60000.0,2,,
TZA,Tanzania Forest Conservation Group,36.4463760379053,-7.53483534169035,"L18",5xjULrvkzz3,2014-08-12T00:00:00Z,M1,short_rainy,26,Onions,1,,2,,,2013-07-17,17.0,7.0,2013.0,2,,,,,1,40000.0,1
TZA,Tanzania Forest Conservation Group,34.8481422428861,-8.53911341077989,"L10",Rmvq4s33Ev8,2014-08-12T00:00:00Z,M1,long_rainy,11,Maize,1,,1,1,,2012-11-29,29.0,11.0,2012.0,1,1.6,1000.0,,350000.0,2,,
TZA,Tanzania Forest Conservation Group,34.8481422428861,-8.53911341077989,"L10",gULVGjZq1b6,2014-08-12T00:00:00Z,M1,long_rainy,11,Maize,1,,2,,,2012-11-17,17.0,11.0,2012.0,1,2.4,800.0,,280000.0,2,,
TZA,Tanzania Forest Conservation Group,36.5229650139842,-8.09763085083975,"L19",aFuKnt435e8,2014-08-12T00:00:00Z,M2,long_rainy,12,Paddy,1,,2,,,2013-01-06,6.0,1.0,2013.0,1,7.7,5000.0,,1500000.0,2,,
TZA,Tanzania Forest Conservation Group,31.7140544443077,-7.93601976329183,"L03",NNkYVQpfzGB,2014-12-24T00:00:00Z,M2,long_rainy,11,Maize,1,,1,1,,2013-11-05,5.0,11.0,2013.0,1,4.5,360.0,,72000.0,2,,
TZA,Tanzania Forest Conservation Group,31.7140544443077,-7.93601976329183,"L03",x3YWH9QUug,2014-12-10T00:00:00Z,M2,long_rainy,71,Banana,1,,1,1,,2010-01-19,19.0,1.0,2010.0,1,1.3,10.0,,20000.0,2,,
TZA,Tanzania Forest Conservation Group,34.6613285529092,-10.0674212512047,"L11",3bdaYKw2CU5,2015-09-13T00:00:00Z,M2,long_rainy,11,Maize,1,,2,,,2013-12-15,15.0,12.0,2013.0,1,3.7,7056.0,1,1680000.0,2,,
TZA,Tanzania Forest Conservation Group,36.4463760379053,-7.53483534169035,"L18",6NYkNXf4fW6,2014-08-12T00:00:00Z,M3,short_rainy,11,Maize,2,1,1,2,,2013-07-29,29.0,7.0,2013.0,1,0.75,99.0,,34650.0,2,,
TZA,Tanzania Forest Conservation Group,34.6613285529092,-10.0674212512047,"L11",51brKTHzvAB,2015-08-11T00:00:00Z,M2,long_rainy,11,Maize,1,,1,1,,2013-12-07,7.0,12.0,2013.0,1,0.9,560.0,1,160000.0,2,,
TZA,Tanzania Forest Conservation Group,34.3167307654591,-8.60363144569888,"L20",ZbDwCBkG2A5,2014-10-03T00:00:00Z,M1,long_rainy,12,Paddy,1,,2,,,2014-01-01,1.0,1.0,2014.0,1,1.4,1400.0,,400000.0,2,,
TZA,Tanzania Forest Conservation Group,36.5229650139842,-8.09763085083975,"L19",a77UhCZgDh2,2014-08-11T00:00:00Z,M2,long_rainy,12,Paddy,2,3,2,,,2014-01-09,9.0,1.0,2014.0,1,5.0,15000.0,,7500000.0,2,,
TZA,Tanzania Forest Conservation Group,34.6613285529092,-10.0674212512047,"L11",eBi2TWWBfPA,2015-08-11T00:00:00Z,M1,long_rainy,11,Maize,1,,1,1,,2013-12-09,9.0,12.0,2013.0,1,1.8,980.0,1,210000.0,2,,
TZA,Tanzania Forest Conservation Group,36.4463760379053,-7.53483534169035,"L18",onwJq3WmHg2,2014-08-12T00:00:00Z,M1,long_rainy,11,Maize,2,2,1,1,,2013-01-18,18.0,1.0,2013.0,1,1.0,600.0,,360000.0,2,,
TZA,Tanzania Forest Conservation Group,34.6613285529092,-10.0674212512047,"L11",WvS53Ci87D3,2015-08-29T00:00:00Z,M1,long_rainy,11,Maize,1,,1,2,,2013-12-03,3.0,12.0,2013.0,1,2.9,630.0,1,150000.0,2,,
TZA,Tanzania Forest Conservation Group,31.7140544443077,-7.93601976329183,"L03",Nt5ok1nPNM7,2014-12-18T00:00:00Z,M1,long_rainy,11,Maize,1,,2,,,2013-12-10,10.0,12.0,2013.0,1,1.6,720.0,,108000.0,2,,
TZA,Tanzania Forest Conservation Group,36.5229650139842,-8.09763085083975,"L19",kDWcVHqaaf2,2014-08-11T00:00:00Z,M2,long_rainy,12,Paddy,1,,2,,,2013-01-08,8.0,1.0,2013.0,1,9.0,6000.0,,3600000.0,2,,
TZA,Tanzania Forest Conservation Group,34.6613285529092,-10.0674212512047,"L11",51brKTHzvAB,2015-08-11T00:00:00Z,M1,long_rainy,11,Maize,1,,1,1,,2013-12-05,5.0,12.0,2013.0,1,0.1,140.0,1,40000.0,2,,
TZA,Tanzania Forest Conservation Group,36.5229650139842,-8.09763085083975,"L19",ZBSFxdohGu7,2014-08-11T00:00:00Z,M1,long_rainy,12,Paddy,1,,2,,,2013-01-02,2.0,1.0,2013.0,1,2.0,1920.0,,1680000.0,2,,
TZA,Tanzania Forest Conservation Group,34.8481422428861,-8.53911341077989,"L10",yPna76R7KH6,2014-08-13T00:00:00Z,M2,long_rainy,13,Sorghum,1,,2,,,2012-11-28,28.0,11.0,2012.0,1,2.0,1200.0,,1200000.0,1,10000.0,2
TZA,Tanzania Forest Conservation Group,36.5229650139842,-8.09763085083975,"L19",BcLx8GwEyf5,2014-08-12T00:00:00Z,M2,long_rainy,21,Cassava,1,,2,,,2012-12-23,23.0,12.0,2012.0,1,0.7,550.0,,500000.0,2,,
TZA,Tanzania Forest Conservation Group,31.7140544443077,-7.93601976329183,"L03",vCAfAwy9KTA,2014-12-24T00:00:00Z,M1,long_rainy,11,Maize,1,,2,,,2013-11-05,5.0,11.0,2013.0,1,1.6,840.0,,168000.0,2,,
TZA,Tanzania Forest Conservation Group,38.7492089681939,-8.14419444155308,"L22",fss8vTYFEz2,2015-09-13T00:00:00Z,M3,long_rainy,11,Maize,1,,2,,,2014-03-09,9.0,3.0,2014.0,1,0.3,150.0,1,60000.0,2,,
TZA,Tanzania Forest Conservation Group,34.3167307654591,-8.60363144569888,"L20",65WUiskq7g6,2015-01-14T00:00:00Z,M2,long_rainy,12,Paddy,1,,2,,,2014-01-28,28.0,1.0,2014.0,1,7.6,9000.0,,3000000.0,2,,
TZA,Tanzania Forest Conservation Group,31.7140544443077,-7.93601976329183,"L03",XaYWTVN67N4,2014-12-28T00:00:00Z,M2,long_rainy,11,Maize,1,,1,2,,2014-01-05,5.0,1.0,2014.0,1,2.9,480.0,,78000.0,2,,
TZA,Tanzania Forest Conservation Group,34.3167307654591,-8.60363144569888,"L20",JbsDyyJEsp2,2015-01-14T00:00:00Z,M1,long_rainy,12,Paddy,1,,2,,,2014-01-05,5.0,1.0,2014.0,1,2.1,1800.0,,650000.0,1,60000.0,1
TZA,Tanzania Forest Conservation Group,34.3167307654591,-8.60363144569888,"L20",EhEwHyqcgE7,2014-12-18T00:00:00Z,M2,long_rainy,12,Paddy,1,,2,,,2014-02-15,15.0,2.0,2014.0,1,3.7,2160.0,,780000.0,2,,
TZA,Tanzania Forest Conservation Group,31.7140544443077,-7.93601976329183,"L03",JdnGCqPhcWB,2014-12-09T00:00:00Z,M1,long_rainy,11,Maize,1,,1,1,,2013-12-12,12.0,12.0,2013.0,1,0.9,240.0,,36000.0,2,,
TZA,Tanzania Forest Conservation Group,36.4463760379053,-7.53483534169035,"L18",UDim1j4z9K9,2014-08-13T00:00:00Z,M1,long_rainy,11,Maize,1,,2,,,2013-01-11,11.0,1.0,2013.0,1,0.6,420.0,,140000.0,1,20000.0,2
TZA,Tanzania Forest Conservation Group,31.7140544443077,-7.93601976329183,"L03",ZaEAz3d3Dr6,2014-12-10T00:00:00Z,M1,long_rainy,11,Maize,1,,2,,,2013-11-25,25.0,11.0,2013.0,1,1.2,1560.0,,273000.0,1,45000.0,1
TZA,Tanzania Forest Conservation Group,38.7492089681939,-8.14419444155308,"L22",BP6YrbuDcL,2015-09-13T00:00:00Z,M2,long_rainy,21,Cassava,1,,2,,,2013-12-08,8.0,12.0,2013.0,1,1.1,1200.0,1,600000.0,2,,
TZA,Tanzania Forest Conservation Group,34.6613285529092,-10.0674212512047,"L11",8bfdq81qVM8,2015-09-13T00:00:00Z,M4,long_rainy,11,Maize,1,,1,2a,,2013-12-01,1.0,12.0,2013.0,1,0.5,180.0,1,30000.0,2,,
TZA,Tanzania Forest Conservation Group,36.4463760379053,-7.53483534169035,"L18",6NYkNXf4fW6,2014-08-12T00:00:00Z,M2,long_rainy,11,Maize,2,1,1,2,,2013-01-11,11.0,1.0,2013.0,1,1.0,360.0,,126000.0,2,,
TZA,Tanzania Forest Conservation Group,34.8481422428861,-8.53911341077989,"L10",j5dyUZUjo25,2014-08-12T00:00:00Z,M1,long_rainy,11,Maize,1,,1,2,,2012-11-27,27.0,11.0,2012.0,1,1.0,260.0,,91000.0,2,,
TZA,Tanzania Forest Conservation Group,36.5229650139842,-8.09763085083975,"L19",MqCGGaKzuz2,2014-08-11T00:00:00Z,M3,long_rainy,12,Paddy,1,,2,,,2013-01-28,28.0,1.0,2013.0,1,2.7,2000.0,,600000.0,2,,
TZA,Tanzania Forest Conservation Group,36.5229650139842,-8.09763085083975,"L19",teFJypg3MU7,2014-08-11T00:00:00Z,M1,long_rainy,12,Paddy,2,2,2,,,2013-01-10,10.0,1.0,2013.0,1,2.0,500.0,,250000.0,2,,
TZA,Tanzania Forest Conservation Group,36.5229650139842,-8.09763085083975,"L19",4LtjetWmyU6,2014-08-11T00:00:00Z,M2,long_rainy,11,Maize,1,,1,2,,2013-02-04,4.0,2.0,2013.0,1,0.5,100.0,,50000.0,2,,
TZA,Tanzania Forest Conservation Group,38.7492089681939,-8.14419444155308,"L22",i2ZRSY65p48,2015-08-10T00:00:00Z,M1,long_rainy,21,Cassava,1,,2,,,2013-12-05,5.0,12.0,2013.0,1,1.1,1500.0,1,850000.0,2,,
TZA,Tanzania Forest Conservation Group,34.6613285529092,-10.0674212512047,"L11",ktUuHHCU1Q5,2015-08-05T00:00:00Z,M1,long_rainy,11,Maize,1,,1,1,,2013-12-23,23.0,12.0,2013.0,1,2.1,2100.0,1,315000.0,2,,
TZA,Tanzania Forest Conservation Group,31.7140544443077,-7.93601976329183,"L03",KYf3aU1imH5,2014-12-23T00:00:00Z,M1,long_rainy,11,Maize,1,,1,2,,2013-11-03,3.0,11.0,2013.0,1,2.8,1200.0,,200000.0,2,,
TZA,Tanzania Forest Conservation Group,34.8481422428861,-8.53911341077989,"L10",LwsCZHjGPqA,2014-09-13T00:00:00Z,M1,long_rainy,11,Maize,1,,1,2,,2012-12-05,5.0,12.0,2012.0,1,3.6,800.0,,280000.0,2,,
TZA,Tanzania Forest Conservation Group,34.3167307654591,-8.60363144569888,"L20",VxhDa2qgmM7,2014-09-27T00:00:00Z,M2,long_rainy,11,Maize,1,,2,,,2013-11-24,24.0,11.0,2013.0,1,2.1,480.0,,150000.0,2,,
TZA,Tanzania Forest Conservation Group,34.8481422428861,-8.53911341077989,"L10",SGWnjCX1hJ3,2014-08-12T00:00:00Z,M1,long_rainy,11,Maize,1,,1,2,,2012-12-20,20.0,12.0,2012.0,1,2.6,800.0,,280000.0,2,,
TZA,Tanzania Forest Conservation Group,34.6613285529092,-10.0674212512047,"L11",8bfdq81qVM8,2015-09-13T00:00:00Z,M3,long_rainy,31,Beans,,,,,,2015-09-16,16.0,9.0,2015.0,,,,,,,,
TZA,Tanzania Forest Conservation Group,36.4463760379053,-7.53483534169035,"L18",6NYkNXf4fW6,2014-08-12T00:00:00Z,M1,short_rainy,26,Onions,2,1,2,,,2013-07-09,9.0,7.0,2013.0,1,0.5,1920.0,,720000.0,2,,
TZA,Tanzania Forest Conservation Group,34.8481422428861,-8.53911341077989,"L10",ZAXs3MY83J,2014-08-13T00:00:00Z,M1,long_rainy,11,Maize,1,,2,,,2012-12-09,9.0,12.0,2012.0,1,1.1,60.0,,24000.0,2,,
TZA,Tanzania Forest Conservation Group,34.3167307654591,-8.60363144569888,"L20",HPHgA99tPJA,2015-01-14T00:00:00Z,M1,long_rainy,12,Paddy,1,,2,,,2013-12-15,15.0,12.0,2013.0,1,3.2,9000.0,,3250000.0,2,,
TZA,Tanzania Forest Conservation Group,31.7140544443077,-7.93601976329183,"L03",onVKoJG2AfA,2014-12-27T00:00:00Z,M2,long_rainy,11,Maize,1,,1,1,,2013-11-28,28.0,11.0,2013.0,1,0.4,240.0,,60000.0,2,,
TZA,Tanzania Forest Conservation Group,34.3167307654591,-8.60363144569888,"L20",pxqThuNPrG,2014-10-03T00:00:00Z,M2,long_rainy,11,Maize,1,,2,,,2013-11-16,16.0,11.0,2013.0,1,5.6,11520.0,,2880000.0,2,,
TZA,Tanzania Forest Conservation Group,36.4463760379053,-7.53483534169035,"L18",sApJeip8V38,2014-08-14T00:00:00Z,M1,short_rainy,26,Onions,1,,2,,,2012-07-17,17.0,7.0,2012.0,1,0.5,3520.0,,600000.0,1,60000.0,1
TZA,Tanzania Forest Conservation Group,34.3167307654591,-8.60363144569888,"L20",mZbBzdZE8P5,2014-10-07T00:00:00Z,M1,long_rainy,12,Paddy,1,,2,,,2014-01-10,10.0,1.0,2014.0,1,3.3,9000.0,,2500000.0,2,,
TZA,Tanzania Forest Conservation Group,38.7492089681939,-8.14419444155308,"L22",84Tt3igkks,2015-08-04T00:00:00Z,M1,long_rainy,11,Maize,1,,2,,,2014-12-20,20.0,12.0,2014.0,1,0.9,400.0,1,120000.0,2,,
TZA,Tanzania Forest Conservation Group,31.7140544443077,-7.93601976329183,"L03",utcTs5LcPQ7,2014-12-10T00:00:00Z,M2,long_rainy,11,Maize,2,2,1,1,,2013-12-18,18.0,12.0,2013.0,1,3.5,960.0,,168000.0,2,,
TZA,Tanzania Forest Conservation Group,36.4463760379053,-7.53483534169035,"L18",7GEs4txMBL9,2014-08-14T00:00:00Z,M1,long_rainy,11,Maize,1,,2,,,2013-01-11,11.0,1.0,2013.0,1,2.0,200.0,,70000.0,2,,
TZA,Tanzania Forest Conservation Group,36.5229650139842,-8.09763085083975,"L19",4LtjetWmyU6,2014-08-11T00:00:00Z,M1,long_rainy,304,Timber,1,,2,,,2012-12-23,23.0,12.0,2012.0,2,,,,,2,,
TZA,Tanzania Forest Conservation Group,36.5229650139842,-8.09763085083975,"L19",4FP6ukTTsQ8,2014-08-11T00:00:00Z,M2,long_rainy,12,Paddy,1,,2,,,2013-01-04,4.0,1.0,2013.0,1,1.0,200.0,,600000.0,2,,
TZA,Tanzania Forest Conservation Group,31.7140544443077,-7.93601976329183,"L03",j18hwWBcwh5,2014-12-24T00:00:00Z,M1,long_rainy,11,Maize,1,,1,1,,2013-11-05,5.0,11.0,2013.0,1,1.4,240.0,,48000.0,2,,
TZA,Tanzania Forest Conservation Group,36.5229650139842,-8.09763085083975,"L19",aNYTfhJUuk9,2014-08-11T00:00:00Z,M1,long_rainy,12,Paddy,1,,2,,,2013-01-16,16.0,1.0,2013.0,1,6.7,7500.0,,4500000.0,2,,
TZA,Tanzania Forest Conservation Group,34.8481422428861,-8.53911341077989,"L10",KqZvf5fBTQ7,2014-08-12T00:00:00Z,M1,long_rainy,11,Maize,1,,2,,,2012-12-26,26.0,12.0,2012.0,1,2.0,520.0,,185000.0,2,,
TZA,Tanzania Forest Conservation Group,34.8481422428861,-8.53911341077989,"L10",6gioKTgu1a9,2014-08-12T00:00:00Z,M2,short_rainy,11,Maize,1,,2,,,2013-09-14,14.0,9.0,2013.0,2,,,,,2,,
TZA,Tanzania Forest Conservation Group,38.7492089681939,-8.14419444155308,"L22",MG8Mg2FAfw4,2015-09-09T00:00:00Z,M1,long_rainy,21,Cassava,1,,2,,,2013-12-18,18.0,12.0,2013.0,1,0.5,2000.0,1,600000.0,2,,
TZA,Tanzania Forest Conservation Group,36.5229650139842,-8.09763085083975,"L19",m2R4hghXWD6,2014-08-11T00:00:00Z,M1,long_rainy,12,Paddy,1,,2,,,2013-01-08,8.0,1.0,2013.0,1,1.4,400.0,,200000.0,2,,
TZA,Tanzania Forest Conservation Group,34.8481422428861,-8.53911341077989,"L10",PZ5Q2bVsEX8,2014-08-12T00:00:00Z,M1,long_rainy,31,Beans,1,,1,1,,2012-12-05,5.0,12.0,2012.0,1,2.0,480.0,,360000.0,1,40000.0,1
TZA,Tanzania Forest Conservation Group,34.3167307654591,-8.60363144569888,"L20",tQBVYhTSUx5,2014-10-06T00:00:00Z,M3,long_rainy,12,Paddy,1,,2,,,2014-01-09,9.0,1.0,2014.0,1,1.0,2160.0,,600000.0,2,,
TZA,Tanzania Forest Conservation Group,31.7140544443077,-7.93601976329183,"L03",hwqvpwm7Wz7,2014-12-24T00:00:00Z,M3,long_rainy,16,Wheat,1,,2,,,2014-02-28,28.0,2.0,2014.0,1,3.4,960.0,,480000.0,2,,
TZA,Tanzania Forest Conservation Group,36.5229650139842,-8.09763085083975,"L19",sAJq9uruKa3,2014-08-11T00:00:00Z,M1,long_rainy,11,Maize,2,1,1,2,,2013-01-06,6.0,1.0,2013.0,1,3.0,2000.0,,600000.0,2,,
TZA,Tanzania Forest Conservation Group,36.5229650139842,-8.09763085083975,"L19",aFuKnt435e8,2014-08-12T00:00:00Z,M1,long_rainy,12,Paddy,1,,2,,,2013-02-21,21.0,2.0,2013.0,1,0.7,800.0,,240000.0,2,,
TZA,Tanzania Forest Conservation Group,36.5229650139842,-8.09763085083975,"L19",GV2SBh2drm7,2014-08-11T00:00:00Z,M1,long_rainy,11,Maize,1,,2,,,2013-01-03,3.0,1.0,2013.0,1,2.0,320.0,,192000.0,2,,
TZA,Tanzania Forest Conservation Group,38.7492089681939,-8.14419444155308,"L22",Qapm2uWHFt5,2015-09-09T00:00:00Z,M1,long_rainy,12,Paddy,1,,1,1,,2014-01-03,3.0,1.0,2014.0,1,2.4,1000.0,1,400000.0,2,,
TZA,Tanzania Forest Conservation Group,34.3167307654591,-8.60363144569888,"L20",uDCakBEm7VB,2014-09-30T00:00:00Z,M3,long_rainy,12,Paddy,1,,2,,,2014-01-02,2.0,1.0,2014.0,1,1.5,10800.0,,3600000.0,2,,
TZA,Tanzania Forest Conservation Group,36.4463760379053,-7.53483534169035,"L18",JsmhauRP8E9,2014-08-12T00:00:00Z,M1,long_rainy,11,Maize,2,2,2,,,2012-12-11,11.0,12.0,2012.0,1,2.0,200.0,,120000.0,2,,
TZA,Tanzania Forest Conservation Group,34.8481422428861,-8.53911341077989,"L10",N1YUZvnVaG5,2014-08-12T00:00:00Z,M2,long_rainy,11,Maize,1,,1,1,,2013-01-10,10.0,1.0,2013.0,1,0.6,500.0,,175000.0,1,3000.0,2
TZA,Tanzania Forest Conservation Group,36.5229650139842,-8.09763085083975,"L19",aFuKnt435e8,2014-08-12T00:00:00Z,M3,long_rainy,12,Paddy,1,,2,,,2013-02-04,4.0,2.0,2013.0,1,5.9,3000.0,,900000.0,2,,
TZA,Tanzania Forest Conservation Group,31.7140544443077,-7.93601976329183,"L03",vCAfAwy9KTA,2014-12-09T00:00:00Z,M1,long_rainy,11,Maize,1,,2,,,2013-12-14,14.0,12.0,2013.0,1,1.9,960.0,,144000.0,2,,
TZA,Tanzania Forest Conservation Group,34.6613285529092,-10.0674212512047,"L11",3bdaYKw2CU5,2015-09-13T00:00:00Z,M4,long_rainy,31,Beans,1,,1,2,,2013-12-18,18.0,12.0,2013.0,1,1.5,252.0,1,252000.0,2,,
TZA,Tanzania Forest Conservation Group,36.4463760379053,-7.53483534169035,"L18",6NYkNXf4fW6,2014-08-12T00:00:00Z,M2,short_rainy,11,Maize,2,1,1,2,,2013-07-14,14.0,7.0,2013.0,1,1.0,3000.0,,1050000.0,2,,
TZA,Tanzania Forest Conservation Group,36.4463760379053,-7.53483534169035,"L18",UDim1j4z9K9,2014-08-13T00:00:00Z,M2,long_rainy,26,Onions,1,,2,,,2013-04-03,3.0,4.0,2013.0,1,0.3,2720.0,,850000.0,1,80000.0,1
TZA,Tanzania Forest Conservation Group,34.3167307654591,-8.60363144569888,"L20",RbeUER44T9B,2014-09-28T00:00:00Z,M2,long_rainy,11,Maize,1,,2,,,2013-12-15,15.0,12.0,2013.0,1,2.4,1260.0,,250000.0,2,,
TZA,Tanzania Forest Conservation Group,34.6613285529092,-10.0674212512047,"L11",ZC9BxGQiLT8,2015-08-31T00:00:00Z,M3,long_rainy,31,Beans,1,,2,,,2014-01-05,5.0,1.0,2014.0,1,1.4,126.0,1,126000.0,2,,
TZA,Tanzania Forest Conservation Group,34.3167307654591,-8.60363144569888,"L20",pAiSMicbJb9,2014-09-28T00:00:00Z,M1,long_rainy,12,Paddy,1,,2,,,2014-01-03,3.0,1.0,2014.0,1,19.6,10800.0,,3000000.0,2,,
TZA,Tanzania Forest Conservation Group,31.7140544443077,-7.93601976329183,"L03",41YTq8opiW8,2015-04-14T00:00:00Z,M2,long_rainy,31,Beans,1,,2,,,2014-02-05,5.0,2.0,2014.0,1,3.1,640.0,,520000.0,2,,
TZA,Tanzania Forest Conservation Group,38.7492089681939,-8.14419444155308,"L22",T5DZd2AUTX7,2015-08-14T00:00:00Z,M2,long_rainy,12,Paddy,1,,2,,,2013-09-23,23.0,9.0,2013.0,1,1.1,200.0,1,400000.0,2,,
TZA,Tanzania Forest Conservation Group,31.7140544443077,-7.93601976329183,"L03",e7KZhetzbx,2014-12-18T00:00:00Z,M1,long_rainy,16,Wheat,2,3,2,,,2014-02-25,25.0,2.0,2014.0,1,3.5,600.0,,250000.0,2,,
TZA,Tanzania Forest Conservation Group,36.4463760379053,-7.53483534169035,"L18",2zFRVcySNg6,2014-08-13T00:00:00Z,M1,short_rainy,26,Onions,1,,1,1,,2012-07-18,18.0,7.0,2012.0,1,0.25,60.0,,180000.0,1,6000.0,1
TZA,Tanzania Forest Conservation Group,38.7492089681939,-8.14419444155308,"L22",mzUJUxpe7c4,2015-08-11T00:00:00Z,M3,long_rainy,12,Paddy,1,,2,,,2014-01-09,9.0,1.0,2014.0,1,0.3,150.0,1,75000.0,2,,
TZA,Tanzania Forest Conservation Group,34.8481422428861,-8.53911341077989,"L10",2GJh9RvP6U3,2014-08-12T00:00:00Z,M1,long_rainy,11,Maize,1,,1,2,,2012-12-11,11.0,12.0,2012.0,1,1.6,580.0,,232000.0,2,,
TZA,Tanzania Forest Conservation Group,36.4463760379053,-7.53483534169035,"L18",9921bP6EeY4,2014-08-12T00:00:00Z,M1,short_rainy,26,Onions,1,,2,,,2013-03-16,16.0,3.0,2013.0,1,1.0,850.0,,350000.0,1,25000.0,2
TZA,Tanzania Forest Conservation Group,34.3167307654591,-8.60363144569888,"L20",G8pqkT9RvZB,2015-01-15T00:00:00Z,M1,long_rainy,11,Maize,1,,2,,,2014-01-05,5.0,1.0,2014.0,2,,,,,1,4000.0,2
TZA,Tanzania Forest Conservation Group,34.3167307654591,-8.60363144569888,"L20",uz81YWocVs7,2014-09-29T00:00:00Z,M2,long_rainy,11,Maize,2,2,1,1,,2013-12-25,25.0,12.0,2013.0,1,1.0,25.0,,100000.0,1,9000.0,2
TZA,Tanzania Forest Conservation Group,31.7140544443077,-7.93601976329183,"L03",MLdLHWK2Qr,2014-12-18T00:00:00Z,M3,long_rainy,11,Maize,1,,1,1,,2013-12-23,23.0,12.0,2013.0,1,0.5,240.0,,48000.0,2,,
TZA,Tanzania Forest Conservation Group,36.4463760379053,-7.53483534169035,"L18",JsmhauRP8E9,2014-08-12T00:00:00Z,M1,short_rainy,26,Onions,2,2,2,,,2012-08-12,12.0,8.0,2012.0,1,2.0,400.0,,300000.0,2,,
TZA,Tanzania Forest Conservation Group,34.3167307654591,-8.60363144569888,"L20",pxqThuNPrG,2014-10-03T00:00:00Z,M1,long_rainy,12,Paddy,1,,2,,,2013-12-23,23.0,12.0,2013.0,1,6.5,10800.0,,3300000.0,1,20000.0,1
TZA,Tanzania Forest Conservation Group,36.4463760379053,-7.53483534169035,"L18",2zFRVcySNg6,2014-08-13T00:00:00Z,M1,long_rainy,11,Maize,1,,1,1,,2013-01-22,22.0,1.0,2013.0,1,0.25,400.0,,200000.0,1,900.0,2
TZA,Tanzania Forest Conservation Group,38.7492089681939,-8.14419444155308,"L22",fxSB64jdaSA,2015-08-08T00:00:00Z,M1,long_rainy,21,Cassava,1,,2,,,2013-12-01,1.0,12.0,2013.0,1,2.3,300.0,1,85200.0,2,,
TZA,Tanzania Forest Conservation Group,36.5229650139842,-8.09763085083975,"L19",kDWcVHqaaf2,2014-08-11T00:00:00Z,M1,long_rainy,12,Paddy,1,,2,,,2013-01-08,8.0,1.0,2013.0,1,6.0,3600.0,,2160000.0,2,,
TZA,Tanzania Forest Conservation Group,34.3167307654591,-8.60363144569888,"L20",uDCakBEm7VB,2014-09-30T00:00:00Z,M1,long_rainy,11,Maize,2,3,1,1,,2013-12-18,18.0,12.0,2013.0,1,12.5,8000.0,,3000000.0,2,,
TZA,Tanzania Forest Conservation Group,38.7492089681939,-8.14419444155308,"L22",w7mhEiauzv4,2015-08-08T00:00:00Z,M1,short_rainy,11,Maize,1,,1,1,,2013-07-10,10.0,7.0,2013.0,1,0.4,200.0,1,57600.0,2,,
TZA,Tanzania Forest Conservation Group,38.7492089681939,-8.14419444155308,"L22",Zzj5HfKc4d3,2015-08-08T00:00:00Z,M1,long_rainy,21,Cassava,1,,1,1,,2013-12-10,10.0,12.0,2013.0,1,1.5,300.0,1,90000.0,2,,
TZA,Tanzania Forest Conservation Group,38.7492089681939,-8.14419444155308,"L22",5oGmpb8QJLA,2015-09-09T00:00:00Z,M2,long_rainy,12,Paddy,1,,1,1,,2014-01-06,6.0,1.0,2014.0,1,2.0,5400.0,1,2025000.0,2,,
TZA,Tanzania Forest Conservation Group,36.4463760379053,-7.53483534169035,"L18",MmsqX496Yo9,2014-08-12T00:00:00Z,M1,long_rainy,11,Maize,1,,2,,,2012-12-15,15.0,12.0,2012.0,1,3.0,2000.0,,600000.0,1,5000.0,2
TZA,Tanzania Forest Conservation Group,34.3167307654591,-8.60363144569888,"L20",VxhDa2qgmM7,2014-09-27T00:00:00Z,M3,long_rainy,11,Maize,1,,2,,,2013-12-10,10.0,12.0,2013.0,1,2.0,720.0,,200000.0,2,,
TZA,Tanzania Forest Conservation Group,31.7140544443077,-7.93601976329183,"L03",MLdLHWK2Qr,2014-12-18T00:00:00Z,M2,long_rainy,31,Beans,1,,1,1,,2013-12-20,20.0,12.0,2013.0,1,0.5,20.0,,20000.0,2,,
TZA,Tanzania Forest Conservation Group,38.7492089681939,-8.14419444155308,"L22",BP6YrbuDcL,2015-09-13T00:00:00Z,M1,long_rainy,42,Sesame/Simsim,1,,2,,,2014-01-02,2.0,1.0,2014.0,1,2.2,400.0,1,720000.0,1,10000.0,1
TZA,Tanzania Forest Conservation Group,38.7492089681939,-8.14419444155308,"L22",Q6XjbVrPyy9,2015-09-09T00:00:00Z,M1,long_rainy,12,Paddy,1,,1,1,,2014-01-03,3.0,1.0,2014.0,2,,,,,2,,
TZA,Tanzania Forest Conservation Group,34.6613285529092,-10.0674212512047,"L11",kqzsJGqsJH5,2015-08-31T00:00:00Z,M1,long_rainy,11,Maize,1,,2,,,2013-12-06,6.0,12.0,2013.0,1,2.3,882.0,1,210000.0,1,14000.0,2
TZA,Tanzania Forest Conservation Group,36.5229650139842,-8.09763085083975,"L19",a77UhCZgDh2,2014-08-11T00:00:00Z,M1,long_rainy,11,Maize,1,,2,,,2013-02-07,7.0,2.0,2013.0,1,1.0,300.0,,120000.0,2,,
TZA,Tanzania Forest Conservation Group,31.7140544443077,-7.93601976329183,"L03",8RDtceCXmi7,2014-12-09T00:00:00Z,M4,long_rainy,16,Wheat,1,,2,,,2014-02-13,13.0,2.0,2014.0,1,1.6,480.0,,240000.0,2,,
TZA,Tanzania Forest Conservation Group,34.3167307654591,-8.60363144569888,"L20",iRjEJTUQTW4,2014-09-27T00:00:00Z,M1,long_rainy,12,Paddy,1,,2,,,2014-01-28,28.0,1.0,2014.0,1,2.4,3960.0,,1100000.0,1,30000.0,1
TZA,Tanzania Forest Conservation Group,34.6613285529092,-10.0674212512047,"L11",17tw28pAwD3,2015-08-29T00:00:00Z,M2,long_rainy,31,Beans,1,,2,,,2013-12-15,15.0,12.0,2013.0,1,2.1,450.0,1,450000.0,1,29000.0,1
TZA,Tanzania Forest Conservation Group,38.7492089681939,-8.14419444155308,"L22",i2ZRSY65p48,2015-08-10T00:00:00Z,M2,long_rainy,12,Paddy,1,,2,,,2014-02-02,2.0,2.0,2014.0,1,0.6,150.0,1,56000.0,2,,
TZA,Tanzania Forest Conservation Group,31.7140544443077,-7.93601976329183,"L03",Goj6tydZtp2,2014-12-27T00:00:00Z,M3,long_rainy,31,Beans,1,,2,,,2014-02-03,3.0,2.0,2014.0,1,2.4,480.0,,450000.0,1,120000.0,2
TZA,Tanzania Forest Conservation Group,38.7492089681939,-8.14419444155308,"L22",w7mhEiauzv4,2015-08-08T00:00:00Z,M2,long_rainy,12,Paddy,1,,2,,,2013-07-10,10.0,7.0,2013.0,1,1.5,200.0,1,57600.0,2,,
TZA,Tanzania Forest Conservation Group,36.4463760379053,-7.53483534169035,"L18",dyd2EZBuR66,2014-08-14T00:00:00Z,M1,long_rainy,11,Maize,2,2,1,1,,2013-01-24,24.0,1.0,2013.0,1,0.5,70.0,,500000.0,1,28000.0,2
TZA,Tanzania Forest Conservation Group,38.7492089681939,-8.14419444155308,"L22",RfzDYcp8cy2,2015-08-10T00:00:00Z,M2,long_rainy,12,Paddy,1,,2,,,2013-12-10,10.0,12.0,2013.0,1,1.2,660.0,1,687500.0,2,,
TZA,Tanzania Forest Conservation Group,38.7492089681939,-8.14419444155308,"L22",MG8Mg2FAfw4,2015-09-09T00:00:00Z,M2,long_rainy,12,Paddy,1,,1,1,,2013-12-29,29.0,12.0,2013.0,1,1.1,250.0,1,120000.0,2,,
TZA,Tanzania Forest Conservation Group,34.6613285529092,-10.0674212512047,"L11",piP7A67YkU7,2015-08-31T00:00:00Z,M1,long_rainy,11,Maize,1,,1,1,,2013-12-15,15.0,12.0,2013.0,1,0.9,180.0,1,40000.0,2,,
TZA,Tanzania Forest Conservation Group,36.5229650139842,-8.09763085083975,"L19",6auvr3dPvX4,2014-08-12T00:00:00Z,M1,long_rainy,11,Maize,1,,1,1,,2013-01-07,7.0,1.0,2013.0,1,1.5,900.0,,360000.0,2,,
TZA,Tanzania Forest Conservation Group,38.7492089681939,-8.14419444155308,"L22",fxSB64jdaSA,2015-08-08T00:00:00Z,M2,long_rainy,12,Paddy,1,,2,,,2013-12-01,1.0,12.0,2013.0,1,2.3,300.0,1,85200.0,2,,
TZA,Tanzania Forest Conservation Group,34.3167307654591,-8.60363144569888,"L20",QVFH5ibEfX,2014-09-25T00:00:00Z,M1,long_rainy,12,Paddy,1,,2,,,2013-11-06,6.0,11.0,2013.0,1,1.2,6000.0,,2100000.0,1,21000.0,1
TZA,Tanzania Forest Conservation Group,34.3167307654591,-8.60363144569888,"L20",QokjJw6sDKB,2014-09-27T00:00:00Z,M1,long_rainy,12,Paddy,1,,2,,,2014-01-03,3.0,1.0,2014.0,1,1.3,2160.0,,600000.0,2,,
TZA,Tanzania Forest Conservation Group,36.4463760379053,-7.53483534169035,"L18",9921bP6EeY4,2014-08-12T00:00:00Z,M1,long_rainy,11,Maize,1,,2,,,2013-01-01,1.0,1.0,2013.0,1,1.0,100.0,,50000.0,2,,
TZA,Tanzania Forest Conservation Group,34.3167307654591,-8.60363144569888,"L20",wtdrsEsEBX2,2014-09-28T00:00:00Z,M1,long_rainy,11,Maize,1,,2,,,2013-12-05,5.0,12.0,2013.0,1,1.7,1260.0,,350000.0,2,,
TZA,Tanzania Forest Conservation Group,31.7140544443077,-7.93601976329183,"L03",hfEUg9n1AW4,2014-12-28T00:00:00Z,M3,long_rainy,11,Maize,1,,2,,,2013-12-15,15.0,12.0,2013.0,1,0.8,540.0,,60000.0,2,,
TZA,Tanzania Forest Conservation Group,38.7492089681939,-8.14419444155308,"L22",mzUJUxpe7c4,2015-08-11T00:00:00Z,M2,long_rainy,42,Sesame/Simsim,1,,2,,,2014-02-07,7.0,2.0,2014.0,1,1.2,150.0,1,330000.0,2,,
TZA,Tanzania Forest Conservation Group,34.6613285529092,-10.0674212512047,"L11",ckvwCyqWX59,2015-08-05T00:00:00Z,M1,long_rainy,11,Maize,1,,1,1,,2013-12-24,24.0,12.0,2013.0,1,0.1,120.0,1,30000.0,1,9500.0,2
TZA,Tanzania Forest Conservation Group,34.8481422428861,-8.53911341077989,"L10",j5dyUZUjo25,2014-08-12T00:00:00Z,M2,long_rainy,11,Maize,1,,1,2,,2012-12-12,12.0,12.0,2012.0,1,3.6,300.0,,105000.0,1,10000.0,2
TZA,Tanzania Forest Conservation Group,31.7140544443077,-7.93601976329183,"L03",KyapRja3Pi6,2014-12-28T00:00:00Z,M1,long_rainy,11,Maize,1,,2,,,2013-12-20,20.0,12.0,2013.0,1,1.5,640.0,,80000.0,2,,
TZA,Tanzania Forest Conservation Group,31.7140544443077,-7.93601976329183,"L03",yLS96zjnvX6,2014-12-18T00:00:00Z,M2,long_rainy,11,Maize,1,,2,,,2013-11-17,17.0,11.0,2013.0,1,5.9,3000.0,,500000.0,1,30000.0,2
TZA,Tanzania Forest Conservation Group,34.3167307654591,-8.60363144569888,"L20",tQBVYhTSUx5,2014-10-06T00:00:00Z,M1,long_rainy,12,Paddy,1,,2,,,2014-01-07,7.0,1.0,2014.0,1,0.9,1800.0,,500000.0,2,,
TZA,Tanzania Forest Conservation Group,38.7492089681939,-8.14419444155308,"L22",yku5wXeXnu9,2015-08-08T00:00:00Z,M1,short_rainy,11,Maize,1,,1,1,,2014-12-08,8.0,12.0,2014.0,1,0.3,0.0,1,0.0,2,,
TZA,Tanzania Forest Conservation Group,38.7492089681939,-8.14419444155308,"L22",nD93MDvRgs2,2015-08-05T00:00:00Z,M2,long_rainy,12,Paddy,1,,2,,,2013-12-09,9.0,12.0,2013.0,1,1.0,200.0,1,58600.0,2,,
TZA,Tanzania Forest Conservation Group,34.3167307654591,-8.60363144569888,"L20",PuLRmEWBe78,2014-10-07T00:00:00Z,M1,long_rainy,12,Paddy,1,,2,,,2014-01-05,5.0,1.0,2014.0,1,4.1,14400.0,,5200000.0,2,,
TZA,Tanzania Forest Conservation Group,31.7140544443077,-7.93601976329183,"L03",hwqvpwm7Wz7,2014-12-24T00:00:00Z,M2,long_rainy,11,Maize,1,,1,1,,2013-11-10,10.0,11.0,2013.0,1,2.9,2400.0,,600000.0,1,800000.0,2
TZA,Tanzania Forest Conservation Group,36.5229650139842,-8.09763085083975,"L19",zddQBRJke87,2014-08-11T00:00:00Z,M1,long_rainy,11,Maize,1,,1,2,,2013-01-16,16.0,1.0,2013.0,1,3.2,200.0,,80000.0,2,,
TZA,Tanzania Forest Conservation Group,38.7492089681939,-8.14419444155308,"L22",6vK31iR7nAA,2015-09-09T00:00:00Z,M1,long_rainy,12,Paddy,1,,1,1,,2014-01-03,3.0,1.0,2014.0,1,1.1,200.0,1,80000.0,2,,
