Country,Partner Organization,longitude,latitude,Region,District,Landscape #,Household ID,Household head ID,Enumerator ID,Time interview start,Date of interview,Supervisor ID,Questionnaire inspection date,Clerk ID,Data entry date,fr_01,fr2_10,fr_5,ag12b_vs_09a,ag12a_vs_10,ag12a_vs_10_other,End Time,Survey Instrument
TZA,Tanzania Forest Conservation Group,34.6613285529092,-10.0674212512047,16,5,"L11",SqBCN18ii19,UK1ntJhu822,,2000-01-01 12:32:00 UTC,2015-03-11,HxqWJGL2xCB,2015-08-11,j5Sgt8wEoV2,2015-08-11T00:00:00Z,1,3,1439286148120.jpg,2,,,,
TZA,Tanzania Forest Conservation Group,31.7140544443077,-7.93601976329183,15,02,"L03",kjuUHkF5wTB,eWncYcig7R4,,,,FCe6UY9ArG,2014-12-09,7PkheGtQAN6,2014-12-09T00:00:00Z,1,2,1418152364047.jpg,2,,,,
TZA,Tanzania Forest Conservation Group,36.4463760379053,-7.53483534169035,11,4,"L18",dyd2EZBuR66,tZkCXox4xo7,,,,K4Vz8PHoeL5,2013-10-10,u17HPofV68A,2014-08-14T00:00:00Z,1,1,1408184269234.jpg,2,,,,
TZA,Tanzania Forest Conservation Group,34.8481422428861,-8.53911341077989,11,02,"L10",Gc14tmsJ7A3,yUtmTSidXR2,,,,UGBNE6Dh883,2013-12-12,7PkheGtQAN6,2014-08-12T00:00:00Z,1,1,1408174909326.jpg,2,,,,
TZA,Tanzania Forest Conservation Group,36.5229650139842,-8.09763085083975,05,03,"L19",m2R4hghXWD6,CirENEzca62,,,,4rcFoxbLY19,2014-02-14,u17HPofV68A,2014-08-11T00:00:00Z,1,2,1408186396159.jpg,2,,,,
TZA,Tanzania Forest Conservation Group,34.8481422428861,-8.53911341077989,11,02,"L10",nZ3uwA7syq7,J9YX5RAEKC5,,,,UGBNE6Dh883,2013-12-04,u17HPofV68A,2014-08-12T00:00:00Z,1,1,1408344917499.jpg,2,,,,
TZA,Tanzania Forest Conservation Group,36.4463760379053,-7.53483534169035,11,4,"L18",oDSCEcXBzq3,7YtGNSdwozA,,,,UGBNE6Dh883,2013-10-17,7PkheGtQAN6,2014-08-12T00:00:00Z,2,,,2,,,,
TZA,Tanzania Forest Conservation Group,36.4463760379053,-7.53483534169035,11,4,"L18",7GEs4txMBL9,wLAcokL8cx6,,,,K4Vz8PHoeL5,2013-10-15,u17HPofV68A,2014-08-14T00:00:00Z,1,1,1408183132171.jpg,2,,,,
TZA,Tanzania Forest Conservation Group,34.6613285529092,-10.0674212512047,16,5,"L11",Xwug52WXRu6,SvxbXFnDPQ2,,2000-01-01 12:32:00 UTC,2015-03-18,HxqWJGL2xCB,2015-08-11,j5Sgt8wEoV2,2015-08-11T00:00:00Z,1,3,1439280186314.jpg,2,,,,
TZA,Tanzania Forest Conservation Group,36.5229650139842,-8.09763085083975,05,03,"L19",BcLx8GwEyf5,ihk94hiyAaA,,,,4rcFoxbLY19,2014-02-15,u17HPofV68A,2014-08-12T00:00:00Z,1,2,1408344289921.jpg,2,,,,
TZA,Tanzania Forest Conservation Group,34.6613285529092,-10.0674212512047,16,5,"L11",i6gRP4KTv4B,wthUnEFZpG8,,2000-01-01 08:12:00 UTC,2015-03-19,HxqWJGL2xCB,2015-08-04,j5Sgt8wEoV2,2015-08-04T00:00:00Z,1,3,1438667800166.jpg,2,,,,
TZA,Tanzania Forest Conservation Group,34.8481422428861,-8.53911341077989,11,02,"L10",SUdaBvN6yMB,FM71LcgXtGB,,,,UGBNE6Dh883,2012-12-05,u17HPofV68A,2014-08-12T00:00:00Z,1,1,1408181544918.jpg,2,,,,
TZA,Tanzania Forest Conservation Group,36.5229650139842,-8.09763085083975,05,03,"L19",GV2SBh2drm7,MTdf4krwkPB,,,,FCe6UY9ArG,2014-02-23,7PkheGtQAN6,2014-08-11T00:00:00Z,1,2,1408179499024.jpg,2,,,,
TZA,Tanzania Forest Conservation Group,31.7140544443077,-7.93601976329183,15,02,"L03",vCAfAwy9KTA,kktH2aJTzE9,,,,FCe6UY9ArG,2014-12-09,7PkheGtQAN6,2014-12-09T00:00:00Z,1,2,1423750364456.jpg,2,,,,
TZA,Tanzania Forest Conservation Group,34.3167307654591,-8.60363144569888,12,07,"L20",RbeUER44T9B,JLj7cPN81u3,,,,4rcFoxbLY19,2014-09-28,u17HPofV68A,2014-09-28T00:00:00Z,1,2,1411905554235.jpg,2,,,,
TZA,Tanzania Forest Conservation Group,34.3167307654591,-8.60363144569888,12,07,"L20",pAiSMicbJb9,FxqdSsVAyt4,,,,4rcFoxbLY19,2014-09-28,u17HPofV68A,2014-09-28T00:00:00Z,1,2,1411853754968.jpg,2,,,,
TZA,Tanzania Forest Conservation Group,34.3167307654591,-8.60363144569888,12,07,"L20",tQBVYhTSUx5,qrbgLiJG8NA,,,,FCe6UY9ArG,2014-10-06,7PkheGtQAN6,2014-10-06T00:00:00Z,1,2,1413367040813.jpg,2,,,,
TZA,Tanzania Forest Conservation Group,31.7140544443077,-7.93601976329183,15,02,"L03",x3YWH9QUug,VeGr8dfWHp3,,,,FCe6UY9ArG,2014-12-10,7PkheGtQAN6,2014-12-10T00:00:00Z,1,2,1423751371081.jpg,2,,,,
TZA,Tanzania Forest Conservation Group,36.4463760379053,-7.53483534169035,11,4,"L18",vvfZmP19Kx,qynb62UGk94,,,,K4Vz8PHoeL5,2013-10-10,u17HPofV68A,2014-08-13T00:00:00Z,1,1,1408184076325.jpg,2,,,,
TZA,Tanzania Forest Conservation Group,34.6613285529092,-10.0674212512047,16,5,"L11",BXfxdbawNd8,h9skju38Sv3,,2000-01-01 11:14:00 UTC,2015-03-16,HxqWJGL2xCB,2015-03-22,AVw9ZDANar6,2015-08-29T00:00:00Z,1,3,1440859043470.jpg,2,,,,
TZA,Tanzania Forest Conservation Group,34.6613285529092,-10.0674212512047,16,5,"L11",kqzsJGqsJH5,mfAtCEZTzi3,,2000-01-01 12:15:00 UTC,2015-03-10,HxqWJGL2xCB,2015-03-16,AVw9ZDANar6,2015-08-31T00:00:00Z,1,3,1441033362838.jpg,1,other,VIKOBA,,
TZA,Tanzania Forest Conservation Group,38.7492089681939,-8.14419444155308,06,05,"L22",84Tt3igkks,ucCmVJsw1L2,,2000-01-01 11:45:00 UTC,2015-06-01,HxqWJGL2xCB,2015-08-04,j5Sgt8wEoV2,2015-08-04T00:00:00Z,1,3,1438691243580.jpg,2,,,,
TZA,Tanzania Forest Conservation Group,34.3167307654591,-8.60363144569888,12,07,"L20",mZbBzdZE8P5,wRwHSZ8XjdB,,,,FCe6UY9ArG,2014-10-07,7PkheGtQAN6,2014-10-07T00:00:00Z,1,2,1413366744379.jpg,2,,,,
TZA,Tanzania Forest Conservation Group,36.5229650139842,-8.09763085083975,05,03,"L19",yzbJgVuQFv2,QViVT6aT6D6,,,,FCe6UY9ArG,2014-03-01,7PkheGtQAN6,2014-08-09T00:00:00Z,1,2,1408180524268.jpg,2,,,,
TZA,Tanzania Forest Conservation Group,34.6613285529092,-10.0674212512047,16,5,"L11",sqDAomp7sVA,B2V2SCBwgbB,,2000-01-01 12:10:00 UTC,2015-03-13,HxqWJGL2xCB,2015-03-17,AVw9ZDANar6,2015-08-30T00:00:00Z,1,3,1442305136785.jpg,1,other,Vikoba,,
TZA,Tanzania Forest Conservation Group,36.5229650139842,-8.09763085083975,05,03,"L19",MqCGGaKzuz2,phZeHAkWhd7,,,,FCe6UY9ArG,2014-03-03,7PkheGtQAN6,2014-08-11T00:00:00Z,1,2,1408180209609.jpg,2,,,,
TZA,Tanzania Forest Conservation Group,38.7492089681939,-8.14419444155308,06,05,"L22",Qapm2uWHFt5,ozMGh9TJn34,,2000-01-01 13:12:00 UTC,2015-06-02,HxqWJGL2xCB,2015-06-06,AVw9ZDANar6,2015-09-09T00:00:00Z,1,3,1441787557486.jpg,2,,,,
TZA,Tanzania Forest Conservation Group,34.6613285529092,-10.0674212512047,16,5,"L11",3bdaYKw2CU5,1LYKqnortK3,,2000-01-01 11:43:00 UTC,2015-03-11,HxqWJGL2xCB,2015-03-15,AVw9ZDANar6,2015-09-13T00:00:00Z,1,3,1442137784722.jpg,2,,,,
TZA,Tanzania Forest Conservation Group,34.3167307654591,-8.60363144569888,12,07,"L20",mdqRMX9AQF6,iGFSMJR11P8,,,,FCe6UY9ArG,2014-09-24,7PkheGtQAN6,2014-09-24T00:00:00Z,1,2,1413367174800.jpg,2,,,,
TZA,Tanzania Forest Conservation Group,34.8481422428861,-8.53911341077989,11,02,"L10",qP3BigSRj28,Q4GNBtKDKM5,,,,UGBNE6Dh883,2013-12-05,u17HPofV68A,2014-08-12T00:00:00Z,1,1,1408182187623.jpg,2,,,,
TZA,Tanzania Forest Conservation Group,38.7492089681939,-8.14419444155308,06,05,"L22",BP6YrbuDcL,dnhyURQ1Ud,,2000-01-01 12:22:00 UTC,2015-05-27,HxqWJGL2xCB,2015-05-01,AVw9ZDANar6,2015-09-13T00:00:00Z,1,3,1442303927731.jpg,2,,,,
TZA,Tanzania Forest Conservation Group,34.3167307654591,-8.60363144569888,12,07,"L20",G8pqkT9RvZB,Y29oSGisWz3,,,,pDEvVPJAnq,2015-01-15,u17HPofV68A,2015-01-15T00:00:00Z,1,2,1421302156493.jpg,2,,,,
TZA,Tanzania Forest Conservation Group,31.7140544443077,-7.93601976329183,15,04,"L03",KkYJfxvuWf6,DwyKH8YL6Z8,,,,pDEvVPJAnq,2014-12-24,u17HPofV68A,2014-12-24T00:00:00Z,1,2,1419412446686.jpg,2,,,,
TZA,Tanzania Forest Conservation Group,31.7140544443077,-7.93601976329183,15,02,"L03",znifEwvA5C4,8nAbeJBi6P2,,,,FCe6UY9ArG,2014-12-11,7PkheGtQAN6,2014-12-11T00:00:00Z,1,2,1423751295262.jpg,2,,,,
TZA,Tanzania Forest Conservation Group,34.3167307654591,-8.60363144569888,12,07,"L20",zRYovaahru9,EbdATazNoC9,,,,4rcFoxbLY19,2014-09-30,u17HPofV68A,2014-09-30T00:00:00Z,1,2,1413366864001.jpg,2,,,,
TZA,Tanzania Forest Conservation Group,31.7140544443077,-7.93601976329183,15,02,"L03",McAcYh2ZV69,i23qkhiUAp3,,,,FCe6UY9ArG,2014-12-10,7PkheGtQAN6,2014-12-10T00:00:00Z,1,2,1423751134326.jpg,2,,,,
TZA,Tanzania Forest Conservation Group,31.7140544443077,-7.93601976329183,15,04,"L03",41YTq8opiW8,Ci7Q5UVrK38,,,,pDEvVPJAnq,2014-11-24,u17HPofV68A,2015-04-14T00:00:00Z,1,2,1429000011499.jpg,2,,,,
TZA,Tanzania Forest Conservation Group,36.5229650139842,-8.09763085083975,05,03,"L19",4FP6ukTTsQ8,PzKvbyT3YLB,,,,FCe6UY9ArG,2014-02-27,7PkheGtQAN6,2014-08-11T00:00:00Z,1,2,1408178767857.jpg,2,,,,
TZA,Tanzania Forest Conservation Group,36.4463760379053,-7.53483534169035,11,4,"L18",2zFRVcySNg6,EW4g2zfv1gA,,,,K4Vz8PHoeL5,2013-10-04,vN5ectur45B,2014-08-13T00:00:00Z,1,1,1408183698440.jpg,2,,,,
TZA,Tanzania Forest Conservation Group,34.3167307654591,-8.60363144569888,12,07,"L20",Qrakmh9TAb7,VkUN44m4Pq4,,,,4rcFoxbLY19,2014-09-29,u17HPofV68A,2014-09-29T00:00:00Z,1,2,1413366506416.jpg,1,other,VIKOBA.,,
TZA,Tanzania Forest Conservation Group,36.5229650139842,-8.09763085083975,05,03,"L19",mUFTDYR9Aj,iMuLuQTRvMA,,,,4rcFoxbLY19,2014-02-14,u17HPofV68A,2014-08-11T00:00:00Z,1,2,1408186594515.jpg,2,,,,
TZA,Tanzania Forest Conservation Group,34.8481422428861,-8.53911341077989,11,02,"L10",p5n6hjGyeL,SFfKSwo8KZ4,,,,UGBNE6Dh883,2014-08-12,u17HPofV68A,2014-08-12T00:00:00Z,1,1,1408181689772.jpg,2,,,,
TZA,Tanzania Forest Conservation Group,38.7492089681939,-8.14419444155308,06,05,"L22",4NfJeixyr6A,W1YUjea18i3,,2000-01-01 12:10:00 UTC,2015-06-02,HxqWJGL2xCB,2015-08-08,j5Sgt8wEoV2,2015-08-08T00:00:00Z,1,3,1439032546531.jpg,2,,,,
TZA,Tanzania Forest Conservation Group,36.4463760379053,-7.53483534169035,11,4,"L18",VhjsvzpdVX8,i9nqjS1CB72,,,,UGBNE6Dh883,2013-10-06,7PkheGtQAN6,2013-10-07T00:00:00Z,1,1,1429002078227.jpg,2,,,,
TZA,Tanzania Forest Conservation Group,38.7492089681939,-8.14419444155308,06,05,"L22",RfzDYcp8cy2,f5iu246y3A7,,2000-01-01 12:12:00 UTC,2015-05-18,HxqWJGL2xCB,2015-08-10,j5Sgt8wEoV2,2015-08-10T00:00:00Z,1,3,1439204557974.jpg,2,,,,
TZA,Tanzania Forest Conservation Group,36.4463760379053,-7.53483534169035,11,4,"L18",6NYkNXf4fW6,u5ggnYLZAY8,,,,UGBNE6Dh883,2013-10-02,7PkheGtQAN6,2014-08-12T00:00:00Z,1,1,1408176683691.jpg,1,other,Saccos,,
TZA,Tanzania Forest Conservation Group,34.8481422428861,-8.53911341077989,11,02,"L10",wXNS3oTZiX8,tdRY85u4Uw8,,,,UGBNE6Dh883,2014-08-06,7PkheGtQAN6,2014-08-12T00:00:00Z,1,1,1408176245139.jpg,2,,,,
TZA,Tanzania Forest Conservation Group,38.7492089681939,-8.14419444155308,06,05,"L22",6vK31iR7nAA,XZB7DKq3145,,2000-01-01 13:05:00 UTC,2015-05-21,HxqWJGL2xCB,2015-05-26,AVw9ZDANar6,2015-09-09T00:00:00Z,1,3,1441799540737.jpg,2,,,,
TZA,Tanzania Forest Conservation Group,34.3167307654591,-8.60363144569888,12,07,"L20",QokjJw6sDKB,Bq5J2a2HRy6,,,,4rcFoxbLY19,2014-09-27,AVw9ZDANar6,2014-09-27T00:00:00Z,1,2,1411822033953.jpg,2,,,,
TZA,Tanzania Forest Conservation Group,31.7140544443077,-7.93601976329183,15,04,"L03",ZAZu9eYNzaA,CrCo3S5yrp5,,,,pDEvVPJAnq,2014-12-28,u17HPofV68A,2014-12-28T00:00:00Z,1,2,1419763488973.jpg,2,,,,
TZA,Tanzania Forest Conservation Group,34.8481422428861,-8.53911341077989,11,02,"L10",qBummgzDBd8,aiDevVGJLo8,,,,UGBNE6Dh883,2013-12-08,u17HPofV68A,2014-08-12T00:00:00Z,1,1,1408101271212.jpg,2,,,,
TZA,Tanzania Forest Conservation Group,36.5229650139842,-8.09763085083975,05,03,"L19",Mf1iaj3mXF6,KV3wCKML2c2,,,,FCe6UY9ArG,2014-03-01,7PkheGtQAN6,2014-08-11T00:00:00Z,1,2,,2,,,,
TZA,Tanzania Forest Conservation Group,34.3167307654591,-8.60363144569888,12,07,"L20",yE1Xsrhzmk8,My7FABJD389,,,,FCe6UY9ArG,2014-10-09,7PkheGtQAN6,2014-10-09T00:00:00Z,1,2,1413367396841.jpg,2,,,,
TZA,Tanzania Forest Conservation Group,34.6613285529092,-10.0674212512047,16,5,"L11",RnWd36XhwD2,2pwDZMq3e73,,2000-01-01 13:28:00 UTC,2015-03-17,HxqWJGL2xCB,2015-08-07,j5Sgt8wEoV2,2015-08-07T00:00:00Z,1,3,1438975923586.jpg,2,,,,
TZA,Tanzania Forest Conservation Group,34.3167307654591,-8.60363144569888,12,07,"L20",zRYovaahru9,EbdATazNoC9,,,,pDEvVPJAnq,2015-01-14,u17HPofV68A,2015-01-14T00:00:00Z,1,2,1421241886370.jpg,2,,,,
TZA,Tanzania Forest Conservation Group,34.6613285529092,-10.0674212512047,16,5,"L11",ZC9BxGQiLT8,JmdMB6utBj8,,2000-01-01 13:11:00 UTC,2015-03-27,HxqWJGL2xCB,2015-03-30,AVw9ZDANar6,2015-08-31T00:00:00Z,1,3,1442305239855.jpg,2,,,,
TZA,Tanzania Forest Conservation Group,36.5229650139842,-8.09763085083975,05,03,"L19",6auvr3dPvX4,YoCCse4PvA4,,,,4rcFoxbLY19,2014-02-17,u17HPofV68A,2014-08-12T00:00:00Z,1,2,1408188214002.jpg,2,,,,
TZA,Tanzania Forest Conservation Group,36.4463760379053,-7.53483534169035,11,02,"L18",ayZb55CgmK4,rKDqkjd9er7,,,,wn1XnXRQCn9,2013-10-04,u17HPofV68A,2014-08-13T00:00:00Z,1,1,1408184387432.jpg,2,,,,
TZA,Tanzania Forest Conservation Group,31.7140544443077,-7.93601976329183,15,04,"L03",onVKoJG2AfA,AvEgmASX3J,,,,pDEvVPJAnq,2014-12-27,u17HPofV68A,2014-12-27T00:00:00Z,1,2,1419678669086.jpg,2,,,,
TZA,Tanzania Forest Conservation Group,34.3167307654591,-8.60363144569888,12,07,"L20",EnufChhcvN6,11R2bNNfSUA,,,,pDEvVPJAnq,2015-01-03,u17HPofV68A,2015-01-14T00:00:00Z,1,2,1421226999474.jpg,2,,,,
TZA,Tanzania Forest Conservation Group,36.4463760379053,-7.53483534169035,11,4,"L18",udWPUwFP172,cysbwGbJHV,,,,K4Vz8PHoeL5,2013-10-17,u17HPofV68A,2014-08-13T00:00:00Z,1,1,1408183584594.jpg,2,,,,
TZA,Tanzania Forest Conservation Group,34.8481422428861,-8.53911341077989,11,02,"L10",ZRuCufE5rt9,QS8cdip7MRB,,,,UGBNE6Dh883,2013-11-20,7PkheGtQAN6,2014-08-12T00:00:00Z,1,1,1408176119439.jpg,2,,,,
TZA,Tanzania Forest Conservation Group,34.3167307654591,-8.60363144569888,12,07,"L20",HPHgA99tPJA,JakkDBS2A77,,,,pDEvVPJAnq,2015-01-14,u17HPofV68A,2015-01-14T00:00:00Z,1,2,1421230103054.jpg,2,,,,
TZA,Tanzania Forest Conservation Group,34.6613285529092,-10.0674212512047,16,5,"L11",ERzfUDJvVr5,E2YbHye39o9,,2000-01-01 12:32:00 UTC,2015-03-24,HxqWJGL2xCB,2015-03-27,AVw9ZDANar6,2015-08-30T00:00:00Z,1,3,1440929287086.jpg,2,,,,
TZA,Tanzania Forest Conservation Group,34.3167307654591,-8.60363144569888,12,07,"L20",TzXCuVJ5tP5,LwfGM1GfMW3,,,,pDEvVPJAnq,2015-01-14,h9qbw3CpDN5,2015-01-14T00:00:00Z,1,2,1421245606832.jpg,2,,,,
TZA,Tanzania Forest Conservation Group,36.5229650139842,-8.09763085083975,05,03,"L19",B7g3YrTCTUB,ExqEhSHSFY2,,,,4rcFoxbLY19,2014-02-16,mLDJGka72W,2014-08-16T00:00:00Z,1,2,1408343388890.jpg,2,,,,
TZA,Tanzania Forest Conservation Group,34.3167307654591,-8.60363144569888,12,07,"L20",PrddN7Eh7v3,tnW266VqReA,,,,pDEvVPJAnq,2014-09-23,u17HPofV68A,2015-04-21T00:00:00Z,1,2,1429620738412.jpg,2,,,,
TZA,Tanzania Forest Conservation Group,34.8481422428861,-8.53911341077989,11,02,"L10",VpdWTmuL8k8,oSrvvqkkYq3,,,,AHVaXw9vxo7,2013-11-16,u17HPofV68A,2014-08-13T00:00:00Z,1,1,1408180909470.jpg,2,,,,
TZA,Tanzania Forest Conservation Group,34.8481422428861,-8.53911341077989,11,02,"L10",7NvFkzHDPpA,ATFsPKUTX18,,,,UGBNE6Dh883,2013-12-01,7PkheGtQAN6,2014-08-12T00:00:00Z,1,1,1408175266191.jpg,2,,,,
TZA,Tanzania Forest Conservation Group,34.6613285529092,-10.0674212512047,16,5,"L11",nEEs7UdXKf6,h9WCKT44nq,,2000-01-01 12:09:00 UTC,2015-03-12,HxqWJGL2xCB,2015-08-08,j5Sgt8wEoV2,2015-08-08T00:00:00Z,1,3,1439004916682.jpg,2,,,,
TZA,Tanzania Forest Conservation Group,31.7140544443077,-7.93601976329183,15,02,"L03",8RDtceCXmi7,VSwbPDh7uQ6,,,,FCe6UY9ArG,2014-12-09,7PkheGtQAN6,2014-12-09T00:00:00Z,1,2,1423751689505.jpg,2,,,,
TZA,Tanzania Forest Conservation Group,36.4463760379053,-7.53483534169035,11,4,"L18",ZSL3mumZ4X8,Xg1dTXZvX35,,,,UGBNE6Dh883,2013-10-12,7PkheGtQAN6,2014-08-12T00:00:00Z,1,1,1408176992274.jpg,2,,,,
TZA,Tanzania Forest Conservation Group,34.8481422428861,-8.53911341077989,11,02,"L10",ZAXs3MY83J,oLy9qqd5HKB,,,,UGBNE6Dh883,2013-12-04,u17HPofV68A,2014-08-13T00:00:00Z,1,1,1408182573943.jpg,2,,,,
TZA,Tanzania Forest Conservation Group,38.7492089681939,-8.14419444155308,06,05,"L22",X9YiaEDanB7,hWG9G6wiyH3,,2000-01-01 11:58:00 UTC,2015-05-26,HxqWJGL2xCB,2015-08-08,j5Sgt8wEoV2,2015-08-08T00:00:00Z,1,3,1438999340636.jpg,2,,,,
TZA,Tanzania Forest Conservation Group,34.6613285529092,-10.0674212512047,16,5,"L11",ywS4MJJe4cB,tiUu4TxCGGA,,2000-01-01 12:32:00 UTC,2015-03-09,HxqWJGL2xCB,2015-08-05,j5Sgt8wEoV2,2015-08-05T00:00:00Z,1,3,1438744421747.jpg,2,,,,
TZA,Tanzania Forest Conservation Group,36.4463760379053,-7.53483534169035,11,4,"L18",JsmhauRP8E9,GNEXAMHgwH9,,,,K4Vz8PHoeL5,2013-10-15,u17HPofV68A,2014-08-14T00:00:00Z,1,1,1408183317254.jpg,2,,,,
TZA,Tanzania Forest Conservation Group,31.7140544443077,-7.93601976329183,15,04,"L03",rai72yodTZ7,SqaRJFi5jb2,,,,pDEvVPJAnq,2014-12-24,u17HPofV68A,2014-12-24T00:00:00Z,1,2,1419399775503.jpg,2,,,,
TZA,Tanzania Forest Conservation Group,38.7492089681939,-8.14419444155308,06,05,"L22",Zzj5HfKc4d3,SCaLHN2u788,,2000-01-01 12:23:00 UTC,2015-05-27,HxqWJGL2xCB,2015-08-08,j5Sgt8wEoV2,2015-08-08T00:00:00Z,1,3,1439009233176.jpg,2,,,,
TZA,Tanzania Forest Conservation Group,36.4463760379053,-7.53483534169035,11,4,"L18",AcecNqxEnz4,qHwLBiRcmVA,,,,K4Vz8PHoeL5,2014-08-14,u17HPofV68A,2014-08-14T00:00:00Z,2,,,2,,,,
TZA,Tanzania Forest Conservation Group,36.5229650139842,-8.09763085083975,05,03,"L19",ziHZfbph8gA,bE1X9MYoV22,,,,4rcFoxbLY19,2014-02-20,u17HPofV68A,2014-08-12T00:00:00Z,1,2,1408187548506.jpg,2,,,,
TZA,Tanzania Forest Conservation Group,34.8481422428861,-8.53911341077989,11,02,"L10",6gioKTgu1a9,WyDzsLTKW98,,,,UGBNE6Dh883,2013-11-16,7PkheGtQAN6,2014-08-12T00:00:00Z,1,1,1408175584903.jpg,2,,,,
TZA,Tanzania Forest Conservation Group,34.8481422428861,-8.53911341077989,11,02,"L10",mWbvKsGPM14,XLaZJ2uN1M2,,,,UGBNE6Dh883,2014-08-12,u17HPofV68A,2014-08-12T00:00:00Z,1,1,1408182033809.jpg,2,,,,
TZA,Tanzania Forest Conservation Group,38.7492089681939,-8.14419444155308,06,05,"L22",WEJAJe36mh4,jzU92ihMjj3,,2000-01-01 13:20:00 UTC,2015-05-23,HxqWJGL2xCB,2015-08-30,AVw9ZDANar6,2015-08-10T00:00:00Z,1,3,1439193425714.jpg,2,,,,
TZA,Tanzania Forest Conservation Group,38.7492089681939,-8.14419444155308,06,05,"L22",mzUJUxpe7c4,pxsTma3JGHB,,2000-01-01 12:28:00 UTC,2015-05-19,HxqWJGL2xCB,2015-08-11,j5Sgt8wEoV2,2015-08-11T00:00:00Z,1,3,1439287377094.jpg,2,,,,
TZA,Tanzania Forest Conservation Group,34.3167307654591,-8.60363144569888,12,07,"L20",uDCakBEm7VB,sMuWmYzmap8,,,,FCe6UY9ArG,2014-09-30,7PkheGtQAN6,2014-09-30T00:00:00Z,1,2,1413368187055.jpg,2,,,,
TZA,Tanzania Forest Conservation Group,38.7492089681939,-8.14419444155308,06,05,"L22",WjvUqZyb157,EZN8jazVYW2,,2000-01-01 11:53:00 UTC,2015-05-19,HxqWJGL2xCB,2015-05-28,AVw9ZDANar6,2015-09-13T00:00:00Z,1,3,1442149223020.jpg,2,,,,
TZA,Tanzania Forest Conservation Group,36.4463760379053,-7.53483534169035,11,4,"L18",HGnHsWKAkp3,Dpbg5cxqs33,,,,UGBNE6Dh883,2013-10-25,7PkheGtQAN6,2014-08-12T00:00:00Z,1,1,1408178193328.jpg,2,,,,
TZA,Tanzania Forest Conservation Group,34.3167307654591,-8.60363144569888,12,07,"L20",PuLRmEWBe78,jqF8YwKWY9,,,,FCe6UY9ArG,2014-10-07,7PkheGtQAN6,2014-10-07T00:00:00Z,1,2,1413366880546.jpg,2,,,,
TZA,Tanzania Forest Conservation Group,36.4463760379053,-7.53483534169035,11,4,"L18",onwJq3WmHg2,d33aEFjAnW4,,,,UGBNE6Dh883,2013-10-03,7PkheGtQAN6,2014-08-12T00:00:00Z,1,1,1408176863701.jpg,2,,,,
TZA,Tanzania Forest Conservation Group,31.7140544443077,-7.93601976329183,15,04,"L03",41YTq8opiW8,,,,,pDEvVPJAnq,2014-12-24,u17HPofV68A,2014-12-24T00:00:00Z,1,2,1419415615670.jpg,2,,,,
TZA,Tanzania Forest Conservation Group,36.5229650139842,-8.09763085083975,05,03,"L19",gpPmZSQZXY5,DbPdxSJyPRB,,,,FCe6UY9ArG,2014-02-15,7PkheGtQAN6,2014-08-11T00:00:00Z,1,2,1408178641580.jpg,2,,,,
TZA,Tanzania Forest Conservation Group,38.7492089681939,-8.14419444155308,06,05,"L22",fxSB64jdaSA,xgWE56n4Tf3,,2000-01-01 12:58:00 UTC,2015-05-29,HxqWJGL2xCB,2015-08-08,j5Sgt8wEoV2,2015-08-08T00:00:00Z,1,3,1439034424095.jpg,2,,,,
TZA,Tanzania Forest Conservation Group,34.6613285529092,-10.0674212512047,16,5,"L11",QuoaS1YaSX9,ff86xAnEem8,,2000-01-01 11:50:00 UTC,2015-03-28,HxqWJGL2xCB,2015-03-28,AVw9ZDANar6,2015-08-31T00:00:00Z,1,3,1441013141473.jpg,2,,,,
TZA,Tanzania Forest Conservation Group,34.3167307654591,-8.60363144569888,12,07,"L20",JbsDyyJEsp2,G8zGyKiRyz9,,,,ushj7JHHac5,2015-01-14,u17HPofV68A,2015-01-14T00:00:00Z,1,2,1421234684949.jpg,2,,,,
TZA,Tanzania Forest Conservation Group,38.7492089681939,-8.14419444155308,06,05,"L22",RTnL3zMj6T,GdfCbC8hoV7,,2000-01-01 12:38:00 UTC,2015-06-01,HxqWJGL2xCB,2015-06-10,AVw9ZDANar6,2015-08-10T00:00:00Z,1,3,1439203221970.jpg,2,,,,
TZA,Tanzania Forest Conservation Group,38.7492089681939,-8.14419444155308,06,05,"L22",nD93MDvRgs2,ebmtB822BR2,,2000-01-01 11:42:00 UTC,2015-05-28,HxqWJGL2xCB,2015-08-05,j5Sgt8wEoV2,2015-08-05T00:00:00Z,1,3,1438767735470.jpg,2,,,,
TZA,Tanzania Forest Conservation Group,36.4463760379053,-7.53483534169035,11,4,"L18",fKYGZhSCHi5,j6Aj4XWHWZ6,,,,UGBNE6Dh883,2013-10-17,7PkheGtQAN6,2014-08-12T00:00:00Z,1,1,1408177674542.jpg,2,,,,
TZA,Tanzania Forest Conservation Group,34.6613285529092,-10.0674212512047,16,5,"L11",xcn3a9uEQZB,6kd4kNeFpv5,,2000-01-01 12:17:00 UTC,2015-03-26,HxqWJGL2xCB,2015-08-08,j5Sgt8wEoV2,2015-08-08T00:00:00Z,1,3,1439007048119.jpg,2,,,,
TZA,Tanzania Forest Conservation Group,34.6613285529092,-10.0674212512047,16,5,"L11",VTttxxMVpA7,R3iGPscNRR7,,2000-01-01 13:12:00 UTC,2015-03-13,HxqWJGL2xCB,2015-08-07,j5Sgt8wEoV2,2015-08-07T00:00:00Z,1,3,1438972051604.jpg,2,,,,
TZA,Tanzania Forest Conservation Group,34.3167307654591,-8.60363144569888,12,07,"L20",QVFH5ibEfX,vnCwiEi4YT8,,,,FCe6UY9ArG,2014-09-25,uDrnJVv95s9,2014-09-25T00:00:00Z,1,2,1413365896336.jpg,2,,,,
TZA,Tanzania Forest Conservation Group,36.4463760379053,-7.53483534169035,11,4,"L18",JsmhauRP8E9,s4fnD2AcMj8,,,,UGBNE6Dh883,2013-10-16,7PkheGtQAN6,2014-08-12T00:00:00Z,1,1,1408177484883.jpg,2,,,,
TZA,Tanzania Forest Conservation Group,34.8481422428861,-8.53911341077989,11,02,"L10",dtBzhqj3kQA,g9jnjqTFf82,,,,UGBNE6Dh883,2013-12-01,7PkheGtQAN6,2014-08-12T00:00:00Z,1,1,1408174172563.jpg,2,,,,
TZA,Tanzania Forest Conservation Group,34.8481422428861,-8.53911341077989,11,02,"L10",2GJh9RvP6U3,LWjio14Bgs5,,,,UGBNE6Dh883,2013-11-19,7PkheGtQAN6,2014-08-12T00:00:00Z,1,1,1408174756053.jpg,2,,,,
TZA,Tanzania Forest Conservation Group,36.5229650139842,-8.09763085083975,05,03,"L19",jiVQaMk2ZR,M1u4sz8cVv4,,,,FCe6UY9ArG,2014-02-24,7PkheGtQAN6,2014-08-11T00:00:00Z,1,2,1408179066013.jpg,2,,,,
TZA,Tanzania Forest Conservation Group,31.7140544443077,-7.93601976329183,15,02,"L03",ZaEAz3d3Dr6,cQNcoGYBgM8,,,,FCe6UY9ArG,2014-12-10,7PkheGtQAN6,2014-12-10T00:00:00Z,1,2,1423751622539.jpg,2,,,,
TZA,Tanzania Forest Conservation Group,34.3167307654591,-8.60363144569888,12,07,"L20",ciQdXdUfHV6,VgRoQcwtYa,,,,FCe6UY9ArG,2014-09-24,7PkheGtQAN6,2014-09-24T00:00:00Z,1,2,1413366311828.jpg,2,,,,
TZA,Tanzania Forest Conservation Group,36.5229650139842,-8.09763085083975,05,03,"L19",W5cRAyZKiP3,q9hxs1bXdW3,,,,FCe6UY9ArG,2014-02-02,7PkheGtQAN6,2014-08-09T00:00:00Z,1,2,1408178933109.jpg,2,,,,
TZA,Tanzania Forest Conservation Group,34.6613285529092,-10.0674212512047,16,5,"L11",51brKTHzvAB,VvkeFEHMG75,,2000-01-01 12:07:00 UTC,2015-03-27,HxqWJGL2xCB,2015-08-11,j5Sgt8wEoV2,2015-08-11T00:00:00Z,1,3,1439283832005.jpg,1,other,Vikoba,,
TZA,Tanzania Forest Conservation Group,31.7140544443077,-7.93601976329183,15,04,"L03",hwqvpwm7Wz7,nfoixt7fHN,,,,pDEvVPJAnq,2014-12-24,u17HPofV68A,2014-12-24T00:00:00Z,1,2,1419427008700.jpg,2,,,,
TZA,Tanzania Forest Conservation Group,36.5229650139842,-8.09763085083975,05,03,"L19",PnQa2dKYkK6,eTuyoe53g88,,,,4rcFoxbLY19,2014-02-27,u17HPofV68A,2014-08-11T00:00:00Z,2,,,2,,,,
TZA,Tanzania Forest Conservation Group,36.4463760379053,-7.53483534169035,11,4,"L18",UDim1j4z9K9,jGUSvcjzZzA,,,,K4Vz8PHoeL5,2013-10-24,u17HPofV68A,2014-08-13T00:00:00Z,1,1,1408183888487.jpg,2,,,,
TZA,Tanzania Forest Conservation Group,36.5229650139842,-8.09763085083975,05,03,"L19",4LtjetWmyU6,2xjicqWnmp7,,,,FCe6UY9ArG,2014-02-24,7PkheGtQAN6,2014-08-11T00:00:00Z,1,2,1408179764386.jpg,2,,,,
TZA,Tanzania Forest Conservation Group,34.3167307654591,-8.60363144569888,12,07,"L20",65WUiskq7g6,rJ2reYLrM63,,,,4rcFoxbLY19,2014-10-04,u17HPofV68A,2014-10-04T00:00:00Z,1,2,1413365467758.jpg,2,,,,
TZA,Tanzania Forest Conservation Group,36.4463760379053,-7.53483534169035,11,4,"L18",v2cqtKhhmEB,pBYgjXaxax6,,,,UGBNE6Dh883,2013-10-25,7PkheGtQAN6,2014-08-12T00:00:00Z,1,1,1408178094006.jpg,2,,,,
TZA,Tanzania Forest Conservation Group,34.8481422428861,-8.53911341077989,11,02,"L10",g2ZqebmF5z8,t4m4AuHmAf6,,,,K4Vz8PHoeL5,2013-11-23,u17HPofV68A,2014-08-13T00:00:00Z,1,1,1408180230996.jpg,2,,,,
TZA,Tanzania Forest Conservation Group,34.3167307654591,-8.60363144569888,12,07,"L20",65WUiskq7g6,cwbgKxRUHuA,,,,pDEvVPJAnq,2015-01-14,u17HPofV68A,2015-01-14T00:00:00Z,1,2,1421248971393.jpg,2,,,,
TZA,Tanzania Forest Conservation Group,34.6613285529092,-10.0674212512047,16,5,"L11",2JxppdNdy1B,6xcRYPf123A,,2000-01-01 12:10:00 UTC,2015-03-16,HxqWJGL2xCB,2015-08-11,j5Sgt8wEoV2,2015-08-11T00:00:00Z,1,3,1439281997717.jpg,2,,,,
TZA,Tanzania Forest Conservation Group,34.3167307654591,-8.60363144569888,12,07,"L20",ZbDwCBkG2A5,8GXCEpA9DT6,,,,FCe6UY9ArG,2014-10-03,7PkheGtQAN6,2014-10-03T00:00:00Z,1,2,1413368491789.jpg,2,,,,
TZA,Tanzania Forest Conservation Group,34.3167307654591,-8.60363144569888,12,07,"L20",iRjEJTUQTW4,4cfTUGXvuSB,,,,FCe6UY9ArG,2014-09-27,7PkheGtQAN6,2014-09-27T00:00:00Z,1,2,1413366514049.jpg,2,,,,
TZA,Tanzania Forest Conservation Group,36.5229650139842,-8.09763085083975,05,03,"L19",zddQBRJke87,iCWawrJe7e2,,,,FCe6UY9ArG,2014-02-23,7PkheGtQAN6,2014-08-11T00:00:00Z,1,2,1408179984895.jpg,2,,,,
TZA,Tanzania Forest Conservation Group,31.7140544443077,-7.93601976329183,15,02,"L03",e7KZhetzbx,rpircULZiz9,,,,FCe6UY9ArG,2014-12-18,7PkheGtQAN6,2014-12-18T00:00:00Z,1,2,1423750217064.jpg,2,,,,
TZA,Tanzania Forest Conservation Group,34.8481422428861,-8.53911341077989,11,02,"L10",PZ5Q2bVsEX8,17GJpirNqr4,,,,UGBNE6Dh883,2013-11-24,7PkheGtQAN6,2014-08-12T00:00:00Z,1,1,1408175900328.jpg,2,,,,
TZA,Tanzania Forest Conservation Group,31.7140544443077,-7.93601976329183,15,04,"L03",hfEUg9n1AW4,SB5jpHLsTQ6,,,,pDEvVPJAnq,2014-12-28,u17HPofV68A,2014-12-28T00:00:00Z,1,2,1419753916199.jpg,2,,,,
TZA,Tanzania Forest Conservation Group,36.5229650139842,-8.09763085083975,05,03,"L19",NnrfSQy1dmA,wxg3jCmmAL2,,,,4rcFoxbLY19,2014-03-06,u17HPofV68A,2014-08-12T00:00:00Z,1,2,1408188365687.jpg,2,,,,
TZA,Tanzania Forest Conservation Group,34.6613285529092,-10.0674212512047,16,5,"L11",2tw7sF6jPB4,4qzvNidBKm2,,2000-01-01 11:04:00 UTC,2015-03-20,HxqWJGL2xCB,2015-03-25,AVw9ZDANar6,2015-08-31T00:00:00Z,1,3,1441026091401.jpg,1,other,VIKOBA,,
TZA,Tanzania Forest Conservation Group,34.3167307654591,-8.60363144569888,12,07,"L20",VxhDa2qgmM7,vzghrkDx7uA,,,,4rcFoxbLY19,2014-09-27,u17HPofV68A,2014-09-27T00:00:00Z,1,2,1411835355959.jpg,2,,,,
TZA,Tanzania Forest Conservation Group,34.8481422428861,-8.53911341077989,11,02,"L10",yPna76R7KH6,njzMRXLozm2,,,,UGBNE6Dh883,2013-11-30,u17HPofV68A,2014-08-13T00:00:00Z,1,1,1408181374384.jpg,2,,,,
TZA,Tanzania Forest Conservation Group,31.7140544443077,-7.93601976329183,15,04,"L03",NNkYVQpfzGB,ZZDtnGizmb7,,,,pDEvVPJAnq,2014-12-24,u17HPofV68A,2014-12-24T00:00:00Z,1,2,1419407266901.jpg,2,,,,
TZA,Tanzania Forest Conservation Group,31.7140544443077,-7.93601976329183,15,04,"L03",KyapRja3Pi6,LJdeRFeEKd9,,,,pDEvVPJAnq,2014-12-28,u17HPofV68A,2014-12-28T00:00:00Z,1,2,1419756112205.jpg,2,,,,
TZA,Tanzania Forest Conservation Group,36.5229650139842,-8.09763085083975,05,03,"L19",aNYTfhJUuk9,sd2YRVZ4DHA,,,,4rcFoxbLY19,2014-04-22,u17HPofV68A,2014-08-11T00:00:00Z,1,2,1408188061832.jpg,1,other,VIKOBA,,
TZA,Tanzania Forest Conservation Group,34.3167307654591,-8.60363144569888,12,07,"L20",ZeurtKQcW93,M4JyZHR7uk8,,,,pDEvVPJAnq,2014-12-18,u17HPofV68A,2014-12-18T00:00:00Z,1,2,1418905436464.jpg,2,,,,
TZA,Tanzania Forest Conservation Group,36.4463760379053,-7.53483534169035,11,4,"L18",1U2KYPp4RE4,q2d2jsLj3b9,,,,UGBNE6Dh883,2013-10-26,7PkheGtQAN6,2014-08-12T00:00:00Z,2,,,2,,,,
TZA,Tanzania Forest Conservation Group,34.8481422428861,-8.53911341077989,11,02,"L10",9ES5SSTauT6,3biMCJC6Sw2,,,,K4Vz8PHoeL5,2013-11-28,u17HPofV68A,2014-08-13T00:00:00Z,1,1,1408180788337.jpg,2,,,,
TZA,Tanzania Forest Conservation Group,38.7492089681939,-8.14419444155308,06,05,"L22",Q6XjbVrPyy9,G98BcttUcb3,,2000-01-01 12:04:00 UTC,2015-05-29,HxqWJGL2xCB,2015-06-03,AVw9ZDANar6,2015-09-09T00:00:00Z,1,3,1441794824613.jpg,2,,,,
TZA,Tanzania Forest Conservation Group,36.4463760379053,-7.53483534169035,11,4,"L18",sApJeip8V38,UkyjnUS8Bx7,,,,K4Vz8PHoeL5,2013-10-06,u17HPofV68A,2014-08-14T00:00:00Z,1,1,1408182962640.jpg,2,,,,
TZA,Tanzania Forest Conservation Group,31.7140544443077,-7.93601976329183,15,04,"L03",XaYWTVN67N4,GydSqHTUQJ9,,,,pDEvVPJAnq,2014-12-28,u17HPofV68A,2014-12-28T00:00:00Z,1,2,1419758594767.jpg,2,,,,
TZA,Tanzania Forest Conservation Group,36.4463760379053,-7.53483534169035,11,4,"L18",xkrLWnDGpw7,t2MqCSAm3C8,,,,K4Vz8PHoeL5,2013-10-08,u17HPofV68A,2014-08-13T00:00:00Z,1,1,1408183457889.jpg,2,,,,
TZA,Tanzania Forest Conservation Group,34.3167307654591,-8.60363144569888,12,07,"L20",wtdrsEsEBX2,o4X9SCz5wG2,,,,4rcFoxbLY19,2014-09-28,u17HPofV68A,2014-09-28T00:00:00Z,1,2,1411893481134.jpg,2,,,,
TZA,Tanzania Forest Conservation Group,34.6613285529092,-10.0674212512047,16,5,"L11",ckvwCyqWX59,T7Nptwh2LD5,,2000-01-01 12:21:00 UTC,2015-03-24,HxqWJGL2xCB,2015-08-05,j5Sgt8wEoV2,2015-08-05T00:00:00Z,1,3,1438753753362.jpg,1,other,Silk,,
TZA,Tanzania Forest Conservation Group,36.5229650139842,-8.09763085083975,05,03,"L19",KeAxwek3yC4,rnnK2s5cXKB,,,,FCe6UY9ArG,2014-02-22,7PkheGtQAN6,2014-08-11T00:00:00Z,1,2,1408179202211.jpg,1,other,Vikoba,,
TZA,Tanzania Forest Conservation Group,36.5229650139842,-8.09763085083975,05,03,"L19",aFuKnt435e8,fLaex2rQHn6,,,,4rcFoxbLY19,2014-02-17,u17HPofV68A,2014-08-12T00:00:00Z,1,2,1408187778144.jpg,1,other,VIKOBA,,
TZA,Tanzania Forest Conservation Group,34.8481422428861,-8.53911341077989,11,02,"L10",kRcrpHwnrk4,3mErGfrD4v9,,,,UGBNE6Dh883,2013-11-21,7PkheGtQAN6,2014-08-12T00:00:00Z,1,1,1408175170639.jpg,2,,,,
TZA,Tanzania Forest Conservation Group,34.3167307654591,-8.60363144569888,12,07,"L20",1AHvfwxYcT6,2PXdHYJdSTB,,,,FCe6UY9ArG,2014-10-03,7PkheGtQAN6,2014-10-03T00:00:00Z,1,2,1413367582709.jpg,2,,,,
TZA,Tanzania Forest Conservation Group,34.3167307654591,-8.60363144569888,12,07,"L20",Vuke4bM37hA,ca426cer6Y4,,,,FCe6UY9ArG,2014-12-18,7PkheGtQAN6,2014-12-18T00:00:00Z,1,2,1423755671586.jpg,2,,,,
TZA,Tanzania Forest Conservation Group,34.6613285529092,-10.0674212512047,16,5,"L11",UGrmX3B1xb7,bwc6ErpyZeA,,2000-01-01 11:45:00 UTC,2015-03-17,HxqWJGL2xCB,2015-03-20,AVw9ZDANar6,2015-08-30T00:00:00Z,1,3,1440913087071.jpg,2,,,,
TZA,Tanzania Forest Conservation Group,34.6613285529092,-10.0674212512047,16,5,"L11",CnNmmWuhuE4,vnedz7xADt6,,2000-01-01 13:38:00 UTC,2015-03-25,HxqWJGL2xCB,2015-08-29,AVw9ZDANar6,2015-08-29T00:00:00Z,1,3,1442304690146.jpg,2,,,,
TZA,Tanzania Forest Conservation Group,36.5229650139842,-8.09763085083975,05,03,"L19",kDWcVHqaaf2,tw8MnvonRe9,,,,FCe6UY9ArG,2014-02-23,7PkheGtQAN6,2014-08-11T00:00:00Z,1,2,1408180402990.jpg,1,other,Vikoba,,
TZA,Tanzania Forest Conservation Group,34.8481422428861,-8.53911341077989,11,02,"L10",KqZvf5fBTQ7,GPcG6x27KV4,,,,UGBNE6Dh883,2013-11-28,7PkheGtQAN6,2014-08-12T00:00:00Z,1,1,1408175360553.jpg,2,,,,
TZA,Tanzania Forest Conservation Group,34.6613285529092,-10.0674212512047,16,5,"L11",eBi2TWWBfPA,3rK3QQwBJu3,,2000-01-01 13:23:00 UTC,2015-03-29,HxqWJGL2xCB,2015-08-11,j5Sgt8wEoV2,2015-08-11T00:00:00Z,1,3,1439278263373.jpg,2,,,,
TZA,Tanzania Forest Conservation Group,38.7492089681939,-8.14419444155308,06,05,"L22",fxSB64jdaSA,xgWE56n4Tf3,,2000-01-01 12:58:00 UTC,2015-05-29,HxqWJGL2xCB,2015-08-10,j5Sgt8wEoV2,2015-08-10T00:00:00Z,1,3,1439199109874.jpg,2,,,,
TZA,Tanzania Forest Conservation Group,34.8481422428861,-8.53911341077989,11,02,"L10",bbQXrXaEo96,ZTwRnMy1AA7,,,,K4Vz8PHoeL5,2013-11-17,u17HPofV68A,2014-08-13T00:00:00Z,1,1,1408181094824.jpg,2,,,,
TZA,Tanzania Forest Conservation Group,34.3167307654591,-8.60363144569888,12,07,"L20",uz81YWocVs7,wUMVpvBz2B7,,,,FCe6UY9ArG,2014-09-29,7PkheGtQAN6,2014-09-29T00:00:00Z,1,2,1413368024147.jpg,2,,,,
TZA,Tanzania Forest Conservation Group,34.8481422428861,-8.53911341077989,11,02,"L10",LmNxHx7ukq2,zAXQbLjbbN6,,,,K4Vz8PHoeL5,2013-11-24,u17HPofV68A,2014-08-13T00:00:00Z,1,1,1408181262217.jpg,2,,,,
TZA,Tanzania Forest Conservation Group,34.8481422428861,-8.53911341077989,11,02,"L10",SGWnjCX1hJ3,9zNa2bfc8SA,,,,UGBNE6Dh883,2013-12-07,7PkheGtQAN6,2014-08-12T00:00:00Z,1,1,1408175043658.jpg,1,other,Vikoba,,
TZA,Tanzania Forest Conservation Group,31.7140544443077,-7.93601976329183,15,02,"L03",9WWgnSHHAA6,g3vbhBc3qDA,,,,FCe6UY9ArG,2014-12-18,7PkheGtQAN6,2014-12-18T00:00:00Z,1,2,1423750968371.jpg,2,,,,
TZA,Tanzania Forest Conservation Group,34.6613285529092,-10.0674212512047,16,5,"L11",WvS53Ci87D3,ykQiw6XNNaB,,2000-01-01 11:47:00 UTC,2015-03-12,HxqWJGL2xCB,2015-03-17,AVw9ZDANar6,2015-08-29T00:00:00Z,1,3,1442305029588.jpg,2,,,,
TZA,Tanzania Forest Conservation Group,31.7140544443077,-7.93601976329183,15,02,"L03",yLS96zjnvX6,ngBkxf46Yq6,,,,FCe6UY9ArG,2014-12-18,7PkheGtQAN6,2014-12-18T00:00:00Z,1,2,1423750746665.jpg,2,,,,
TZA,Tanzania Forest Conservation Group,34.8481422428861,-8.53911341077989,11,02,"L10",N1YUZvnVaG5,k7ZoYE5Hz2,,,,UGBNE6Dh883,2013-12-11,7PkheGtQAN6,2014-08-12T00:00:00Z,1,1,1408174371225.jpg,2,,,,
TZA,Tanzania Forest Conservation Group,34.6613285529092,-10.0674212512047,16,5,"L11",17tw28pAwD3,MiWj2sv4o48,,2000-01-01 12:51:00 UTC,2015-03-09,HxqWJGL2xCB,2015-03-16,AVw9ZDANar6,2015-08-29T00:00:00Z,1,3,1440843913291.jpg,2,,,,
TZA,Tanzania Forest Conservation Group,36.4463760379053,-7.53483534169035,11,4,"L18",tWqyJcJmuN5,AUUrDh7qyt3,,,,UGBNE6Dh883,2013-10-20,7PkheGtQAN6,2014-08-12T00:00:00Z,1,1,1408176472537.jpg,2,,,,
TZA,Tanzania Forest Conservation Group,36.4463760379053,-7.53483534169035,11,4,"L18",GZButysJgS4,eAMyztkkQP3,,,,UGBNE6Dh883,2013-10-15,7PkheGtQAN6,2013-10-16T00:00:00Z,1,1,1428993544206.jpg,2,,,,
TZA,Tanzania Forest Conservation Group,38.7492089681939,-8.14419444155308,06,05,"L22",2tg6ar7zuS5,oQCksSVQkW8,,2000-01-01 12:53:00 UTC,2015-05-25,HxqWJGL2xCB,2015-06-01,AVw9ZDANar6,2015-09-13T00:00:00Z,1,3,1442304141133.jpg,2,,,,
TZA,Tanzania Forest Conservation Group,36.4463760379053,-7.53483534169035,11,4,"L18",5xjULrvkzz3,ucjc98MnMV5,,,,UGBNE6Dh883,2013-10-26,7PkheGtQAN6,2014-08-12T00:00:00Z,1,1,1408177988661.jpg,2,,,,
TZA,Tanzania Forest Conservation Group,34.6613285529092,-10.0674212512047,16,5,"L11",piP7A67YkU7,TUtzPdZwPJ4,,2000-01-01 11:32:00 UTC,2015-03-19,HxqWJGL2xCB,2015-03-24,AVw9ZDANar6,2015-08-31T00:00:00Z,1,3,1442304869902.jpg,2,,,,
TZA,Tanzania Forest Conservation Group,36.5229650139842,-8.09763085083975,05,03,"L19",fUSEvjoZCe,rSGRssdLxk6,,,,4rcFoxbLY19,2014-02-27,u17HPofV68A,2014-08-11T00:00:00Z,1,2,1408186237139.jpg,2,,,,
TZA,Tanzania Forest Conservation Group,36.4463760379053,-7.53483534169035,11,02,"L18",6s9v6agXWi3,9Wz1K3QB8k3,,,,K4Vz8PHoeL5,2013-10-01,u17HPofV68A,2014-08-13T00:00:00Z,1,1,1408182779188.jpg,1,other,VIKOBA,,
TZA,Tanzania Forest Conservation Group,36.4463760379053,-7.53483534169035,11,4,"L18",yhsx6xFzAD,6Deqff2UaJ9,,,,K4Vz8PHoeL5,2013-10-09,u17HPofV68A,2014-08-13T00:00:00Z,1,1,1408184654189.jpg,2,,,,
TZA,Tanzania Forest Conservation Group,36.4463760379053,-7.53483534169035,11,4,"L18",MmsqX496Yo9,aqbC4fhdVt3,,,,UGBNE6Dh883,2013-10-18,7PkheGtQAN6,2014-08-12T00:00:00Z,1,1,1408178356136.jpg,2,,,,
TZA,Tanzania Forest Conservation Group,36.5229650139842,-8.09763085083975,05,03,"L19",sAJq9uruKa3,KDGDaGbCNf6,,,,FCe6UY9ArG,2014-03-02,7PkheGtQAN6,2014-08-11T00:00:00Z,1,2,1408178491981.jpg,2,,,,
TZA,Tanzania Forest Conservation Group,34.6613285529092,-10.0674212512047,16,5,"L11",8bfdq81qVM8,ztK3X386vXA,,2000-01-01 11:48:00 UTC,2015-03-26,HxqWJGL2xCB,2015-03-30,AVw9ZDANar6,2015-09-13T00:00:00Z,1,3,1442134323192.jpg,2,,,,
TZA,Tanzania Forest Conservation Group,31.7140544443077,-7.93601976329183,15,02,"L03",MLdLHWK2Qr,sgW56TnbVF8,,,,FCe6UY9ArG,2014-12-18,7PkheGtQAN6,2014-12-18T00:00:00Z,1,2,1423751207302.jpg,2,,,,
TZA,Tanzania Forest Conservation Group,36.5229650139842,-8.09763085083975,05,03,"L19",QnVf7PaErv,1euU4TrdTK3,,,,4rcFoxbLY19,2014-02-21,u17HPofV68A,2014-08-12T00:00:00Z,1,2,1408187371402.jpg,1,other,VIKOBA,,
TZA,Tanzania Forest Conservation Group,38.7492089681939,-8.14419444155308,06,05,"L22",i2ZRSY65p48,xULiwZTxeU3,,2000-01-01 11:48:00 UTC,2015-05-30,HxqWJGL2xCB,2015-06-10,AVw9ZDANar6,2015-08-10T00:00:00Z,1,3,1439209899400.jpg,2,,,,
TZA,Tanzania Forest Conservation Group,34.3167307654591,-8.60363144569888,12,07,"L20",PrddN7Eh7v3,Q25ATvZteY5,,,,FCe6UY9ArG,2014-09-23,7PkheGtQAN6,2014-09-23T00:00:00Z,1,2,1413366228957.jpg,2,,,,
TZA,Tanzania Forest Conservation Group,36.5229650139842,-8.09763085083975,05,03,"L19",a77UhCZgDh2,o9C4T456BD,,,,FCe6UY9ArG,2014-03-01,7PkheGtQAN6,2014-08-11T00:00:00Z,1,2,1408179365156.jpg,2,,,,
TZA,Tanzania Forest Conservation Group,36.4463760379053,-7.53483534169035,11,4,"L18",ayZb55CgmK4,qtyA1s22o72,,,,K4Vz8PHoeL5,2013-10-04,u17HPofV68A,2014-08-14T00:00:00Z,1,1,1408184537104.jpg,2,,,,
TZA,Tanzania Forest Conservation Group,36.5229650139842,-8.09763085083975,05,03,"L19",teFJypg3MU7,XvKCeX4BWBA,,,,4rcFoxbLY19,2014-03-04,u17HPofV68A,2014-08-11T00:00:00Z,1,2,1408186064627.jpg,1,other,VIKOBA,,
TZA,Tanzania Forest Conservation Group,38.7492089681939,-8.14419444155308,06,05,"L22",qKTwmCQoWz5,X6Sce9YLpf8,,2000-01-01 12:32:00 UTC,2015-05-16,HxqWJGL2xCB,2015-08-11,j5Sgt8wEoV2,2015-08-11T00:00:00Z,1,3,1439287262991.jpg,2,,,,
TZA,Tanzania Forest Conservation Group,34.6613285529092,-10.0674212512047,16,5,"L11",JADsmRVzNUA,tq8boJLpAb2,,2000-01-01 12:12:00 UTC,2015-03-20,HxqWJGL2xCB,2015-08-04,j5Sgt8wEoV2,2015-08-04T00:00:00Z,1,3,1438670121067.jpg,2,,,,
TZA,Tanzania Forest Conservation Group,31.7140544443077,-7.93601976329183,15,04,"L03",KYf3aU1imH5,P5XoZfm5NrA,,,,pDEvVPJAnq,2014-12-23,u17HPofV68A,2014-12-23T00:00:00Z,1,2,,2,,,,
TZA,Tanzania Forest Conservation Group,34.6613285529092,-10.0674212512047,16,5,"L11",fMF9APviXm9,hijodPu8xyA,,2000-01-01 12:22:00 UTC,2015-03-25,HxqWJGL2xCB,2015-08-11,j5Sgt8wEoV2,2015-08-11T00:00:00Z,1,3,1439287458588.jpg,1,other,Vikoba,,
TZA,Tanzania Forest Conservation Group,31.7140544443077,-7.93601976329183,15,02,"L03",Nt5ok1nPNM7,JcoNL8e1eg2,,,,FCe6UY9ArG,2014-12-18,7PkheGtQAN6,2014-12-18T00:00:00Z,1,2,1423750889675.jpg,2,,,,
TZA,Tanzania Forest Conservation Group,34.8481422428861,-8.53911341077989,11,02,"L10",Br9y98ZGdk8,hLTVwSv6r6A,,,,K4Vz8PHoeL5,2013-11-17,u17HPofV68A,2014-08-13T00:00:00Z,1,1,1408180683810.jpg,2,,,,
TZA,Tanzania Forest Conservation Group,31.7140544443077,-7.93601976329183,15,04,"L03",Goj6tydZtp2,kvE8EqbVBq,,,,pDEvVPJAnq,2014-12-27,u17HPofV68A,2014-12-27T00:00:00Z,1,2,1419747188558.jpg,2,,,,
TZA,Tanzania Forest Conservation Group,38.7492089681939,-8.14419444155308,06,05,"L22",73M3dsnzvJ7,LAzaLTbe8eB,,2000-01-01 12:10:00 UTC,2015-05-20,HxqWJGL2xCB,2015-08-10,j5Sgt8wEoV2,2015-08-10T00:00:00Z,1,3,1439207366020.jpg,2,,,,
TZA,Tanzania Forest Conservation Group,38.7492089681939,-8.14419444155308,06,05,"L22",An4VyekaKi6,VHYyhMoUDQ2,,2000-01-01 12:05:00 UTC,2015-06-08,HxqWJGL2xCB,2015-08-10,j5Sgt8wEoV2,2015-08-10T00:00:00Z,1,3,1439201527903.jpg,2,,,,
TZA,Tanzania Forest Conservation Group,36.5229650139842,-8.09763085083975,05,03,"L19",XDQ9iJinQy9,L8BhjA3o7U7,,,,4rcFoxbLY19,2014-02-20,u17HPofV68A,2014-08-11T00:00:00Z,1,2,1408188525649.jpg,2,,,,
TZA,Tanzania Forest Conservation Group,34.8481422428861,-8.53911341077989,11,02,"L10",gULVGjZq1b6,xkc4hUbL653,,,,UGBNE6Dh883,2013-11-27,7PkheGtQAN6,2014-08-12T00:00:00Z,1,1,1408176005844.jpg,2,,,,
TZA,Tanzania Forest Conservation Group,34.8481422428861,-8.53911341077989,11,02,"L10",j5dyUZUjo25,xG2bhmQgUm9,,,,UGBNE6Dh883,2013-11-26,7PkheGtQAN6,2014-08-12T00:00:00Z,1,1,1408174575256.jpg,2,,,,
TZA,Tanzania Forest Conservation Group,36.4463760379053,-7.53483534169035,11,4,"L18",KWsyirYykp,QGyVDvfbSd6,,,,UGBNE6Dh883,2013-10-09,7PkheGtQAN6,2014-08-12T00:00:00Z,1,1,1408177153069.jpg,2,,,,
TZA,Tanzania Forest Conservation Group,36.5229650139842,-8.09763085083975,05,03,"L19",ZBSFxdohGu7,Unern2VuZHA,,,,FCe6UY9ArG,2014-02-14,7PkheGtQAN6,2014-08-11T00:00:00Z,1,2,1408179645123.jpg,2,,,,
TZA,Tanzania Forest Conservation Group,34.3167307654591,-8.60363144569888,12,07,"L20",Qrakmh9TAb7,VkUN44m4Pq4,,,,pDEvVPJAnq,2015-01-14,u17HPofV68A,2015-01-14T00:00:00Z,1,2,1421244238457.jpg,1,other,VIKOBA,,
TZA,Tanzania Forest Conservation Group,31.7140544443077,-7.93601976329183,15,04,"L03",j18hwWBcwh5,z4nanATRYh4,,,,pDEvVPJAnq,2014-12-24,u17HPofV68A,2014-12-24T00:00:00Z,1,2,1419397709603.jpg,2,,,,
TZA,Tanzania Forest Conservation Group,38.7492089681939,-8.14419444155308,06,05,"L22",8pbKc5jDHS6,MwaNEvA7L17,,2000-01-01 12:12:00 UTC,2015-05-22,HxqWJGL2xCB,2015-05-27,AVw9ZDANar6,2015-09-02T00:00:00Z,1,3,1441198020591.jpg,2,,,,
TZA,Tanzania Forest Conservation Group,31.7140544443077,-7.93601976329183,15,02,"L03",JdnGCqPhcWB,1fs7Mw5QUD4,,,,FCe6UY9ArG,2014-12-09,7PkheGtQAN6,2014-12-09T00:00:00Z,1,2,1423750442080.jpg,2,,,,
TZA,Tanzania Forest Conservation Group,31.7140544443077,-7.93601976329183,15,02,"L03",utcTs5LcPQ7,spqPLVhT5CA,,,,FCe6UY9ArG,2014-12-10,7PkheGtQAN6,2014-12-10T00:00:00Z,1,2,1423750092823.jpg,2,,,,
TZA,Tanzania Forest Conservation Group,31.7140544443077,-7.93601976329183,15,02,"L03",N5cedWi9F35,S2VBJNHxFgA,,,,FCe6UY9ArG,2014-12-18,7PkheGtQAN6,2014-12-18T00:00:00Z,1,2,1423751092862.jpg,2,,,,
TZA,Tanzania Forest Conservation Group,36.4463760379053,-7.53483534169035,11,4,"L18",M2LVH9ENy79,VeL2aTayr35,,,,K4Vz8PHoeL5,2013-10-23,u17HPofV68A,2014-08-13T00:00:00Z,1,1,1408184821764.jpg,2,,,,
TZA,Tanzania Forest Conservation Group,36.4463760379053,-7.53483534169035,11,4,"L18",9921bP6EeY4,CKK8EXQM4p7,,,,UGBNE6Dh883,2013-10-22,7PkheGtQAN6,2014-08-12T00:00:00Z,1,1,1408177845894.jpg,2,,,,
TZA,Tanzania Forest Conservation Group,38.7492089681939,-8.14419444155308,06,05,"L22",BVUEfqZQ6KA,RgfhUB6Bz65,,2000-01-01 13:08:00 UTC,2015-06-04,HxqWJGL2xCB,2015-06-08,AVw9ZDANar6,2015-09-09T00:00:00Z,1,3,1441785370165.jpg,2,,,,
TZA,Tanzania Forest Conservation Group,38.7492089681939,-8.14419444155308,06,05,"L22",yku5wXeXnu9,U2yL4vzv27A,,2000-01-01 12:31:00 UTC,2015-05-22,HxqWJGL2xCB,2015-08-08,j5Sgt8wEoV2,2015-08-08T00:00:00Z,1,3,1439002375372.jpg,2,,,,
TZA,Tanzania Forest Conservation Group,38.7492089681939,-8.14419444155308,06,05,"L22",w7mhEiauzv4,VMjGVkd5KW7,,2000-01-01 12:12:00 UTC,2015-06-03,HxqWJGL2xCB,2015-08-08,j5Sgt8wEoV2,2015-08-08T00:00:00Z,1,3,1439011550857.jpg,2,,,,
TZA,Tanzania Forest Conservation Group,38.7492089681939,-8.14419444155308,06,05,"L22",fss8vTYFEz2,z5ubw1WNi4A,,2000-01-01 12:41:00 UTC,2015-05-20,HxqWJGL2xCB,2015-05-28,AVw9ZDANar6,2015-09-13T00:00:00Z,1,3,1442142721403.jpg,2,,,,
TZA,Tanzania Forest Conservation Group,34.8481422428861,-8.53911341077989,11,02,"L10",Rmvq4s33Ev8,oyz5mpyCra4,,,,UGBNE6Dh883,2013-11-24,7PkheGtQAN6,2014-08-12T00:00:00Z,1,1,1408175785525.jpg,1,other,Saccos,,
TZA,Tanzania Forest Conservation Group,31.7140544443077,-7.93601976329183,15,04,"L03",5R7zjWiS4o,rLxSZhDTQ2B,,,,ushj7JHHac5,2014-12-24,u17HPofV68A,2014-12-24T00:00:00Z,1,2,1419401321808.jpg,2,,,,
TZA,Tanzania Forest Conservation Group,38.7492089681939,-8.14419444155308,06,05,"L22",A4HX8ZvF3a8,5Vw7DKjviZ4,,2000-01-01 12:21:00 UTC,2015-05-25,HxqWJGL2xCB,2015-08-04,j5Sgt8wEoV2,2015-08-04T00:00:00Z,1,3,1438662932319.jpg,2,,,,
TZA,Tanzania Forest Conservation Group,31.7140544443077,-7.93601976329183,15,04,"L03",vCAfAwy9KTA,2nEYm56V2K8,,,,pDEvVPJAnq,2014-12-24,u17HPofV68A,2014-12-24T00:00:00Z,1,2,1419405647246.jpg,2,,,,
TZA,Tanzania Forest Conservation Group,34.3167307654591,-8.60363144569888,12,07,"L20",pxqThuNPrG,Whp3AjgLPH9,,,,FCe6UY9ArG,2014-10-03,7PkheGtQAN6,2014-10-03T00:00:00Z,1,2,1413367825219.jpg,2,,,,
TZA,Tanzania Forest Conservation Group,36.4463760379053,-7.53483534169035,11,4,"L18",HWkzcSXQNG2,cWrxn3fo6dB,,,,UGBNE6Dh883,2013-10-23,7PkheGtQAN6,2014-08-12T00:00:00Z,1,1,1408177316046.jpg,2,,,,
TZA,Tanzania Forest Conservation Group,38.7492089681939,-8.14419444155308,06,05,"L22",MG8Mg2FAfw4,9SZxxiS2AB9,,2000-01-01 12:34:00 UTC,2015-05-26,HxqWJGL2xCB,2015-05-30,AVw9ZDANar6,2015-09-09T00:00:00Z,1,3,1441796803030.jpg,2,,,,
TZA,Tanzania Forest Conservation Group,36.5229650139842,-8.09763085083975,05,03,"L19",pcKda2i8vd5,QnekNpgUZaA,,,,4rcFoxbLY19,2014-02-21,u17HPofV68A,2014-08-14T00:00:00Z,1,2,1408343792344.jpg,1,other,VIKOBA,,
TZA,Tanzania Forest Conservation Group,38.7492089681939,-8.14419444155308,06,05,"L22",T5DZd2AUTX7,o6C4tADScj9,,2000-01-01 12:42:00 UTC,2015-05-21,HxqWJGL2xCB,2015-08-14,j5Sgt8wEoV2,2015-08-14T00:00:00Z,1,3,1439553180289.jpg,2,,,,
TZA,Tanzania Forest Conservation Group,34.3167307654591,-8.60363144569888,12,07,"L20",EhEwHyqcgE7,F2q17bUvJV6,,,,pDEvVPJAnq,2014-12-18,u17HPofV68A,2014-12-18T00:00:00Z,1,2,1418907862780.jpg,2,,,,
TZA,Tanzania Forest Conservation Group,34.6613285529092,-10.0674212512047,16,5,"L11",gUGmee9jeJA,7GnvkqBZ2X4,,2000-01-01 11:16:00 UTC,2015-03-18,HxqWJGL2xCB,2015-03-24,AVw9ZDANar6,2015-08-30T00:00:00Z,1,3,1440939918070.jpg,2,,,,
TZA,Tanzania Forest Conservation Group,38.7492089681939,-8.14419444155308,06,05,"L22",9uri5wypzL4,o3JdZhmADUB,,2000-01-01 11:48:00 UTC,2015-06-03,HxqWJGL2xCB,2015-06-10,AVw9ZDANar6,2015-12-09T00:00:00Z,1,3,1441801418020.jpg,2,,,,
TZA,Tanzania Forest Conservation Group,34.8481422428861,-8.53911341077989,11,02,"L10",LwsCZHjGPqA,6ML3K8NtP5,,,,K4Vz8PHoeL5,2013-11-20,u17HPofV68A,2014-09-13T00:00:00Z,1,1,1408180027070.jpg,2,,,,
TZA,Tanzania Forest Conservation Group,38.7492089681939,-8.14419444155308,06,05,"L22",5oGmpb8QJLA,KEtMuZ7jrW8,,2000-01-01 12:04:00 UTC,2015-06-05,HxqWJGL2xCB,2015-06-09,AVw9ZDANar6,2015-09-09T00:00:00Z,1,3,1441790794468.jpg,2,,,,
TZA,Tanzania Forest Conservation Group,34.6613285529092,-10.0674212512047,16,5,"L11",ktUuHHCU1Q5,YwYAC9uXQZ4,,2000-01-01 12:18:00 UTC,2015-03-10,HxqWJGL2xCB,2015-08-05,j5Sgt8wEoV2,2015-08-05T00:00:00Z,1,3,1438769899690.jpg,1,other,Vikoba,,
